"","p_val","avg_log2FC","pct.1","pct.2","p_val_adj"
"VCX3A",0,-3.54804299411642,0.146,0.95,0
"BEX1",0,-4.06308314721313,0.085,0.884,0
"ALB",0,6.70410957169574,0.873,0.094,0
"GC",0,5.54470752099476,0.827,0.048,0
"FBLN1",0,-3.92007777530771,0.124,0.886,0
"VCX2",0,-2.67155281765587,0.104,0.864,0
"EPCAM",0,-2.4522206173004,0.113,0.868,0
"KRT19",0,-3.00105506408598,0.098,0.853,0
"CFHR1",0,4.78682288997202,0.765,0.018,0
"ALDH1A1",0,7.65931104727289,0.767,0.027,0
"CLDN6",0,-3.27108746856575,0.089,0.828,0
"TUBB2B",0,-3.81440695177008,0.102,0.837,0
"AKR1C1",0,8.26918347330645,0.778,0.048,0
"AKR1C3",0,5.37271665924492,0.81,0.088,0
"WFDC2",0,-3.18008704313612,0.13,0.851,0
"AKR1C2",0,7.80164880051647,0.764,0.051,0
"PAGE5",0,-2.51157270102866,0.224,0.936,0
"DMKN",0,-2.72811968315796,0.159,0.859,0
"CFH",0,5.17287624437255,0.726,0.034,0
"PGAM2",0,-3.12654707051737,0.088,0.772,0
"VCX",0,-2.15988065350181,0.18,0.864,0
"PRAME",0,-3.13619211723386,0.126,0.809,0
"ANGPTL3",0,7.16766392470924,0.689,0.01,0
"ALDOB",0,9.60353514140182,0.685,0.008,0
"CRABP1",0,-4.47826029727612,0.046,0.723,0
"UGT2B4",0,5.77867110440564,0.69,0.017,0
"TKTL1",0,-2.75353678411055,0.127,0.796,0
"PCSK1N",0,-3.78334259083271,0.123,0.789,0
"TFPI",0,6.34602902585351,0.698,0.034,0
"LGALS4",0,5.62401000221083,0.832,0.178,0
"AZGP1",0,7.54217053474924,0.7,0.047,0
"NDN",0,-3.38844242174159,0.126,0.772,0
"CRIP1",0,-1.66349477429468,0.198,0.843,0
"GP2",0,-3.01069099159834,0.088,0.733,0
"FKBP10",0,-3.07219875061819,0.117,0.758,0
"CP",0,6.42302896344149,0.676,0.048,0
"LY6K",0,-1.83642541791943,0.155,0.783,0
"MYL9",0,-2.53762703549004,0.164,0.791,0
"LDHB",0,-2.55386742888933,0.338,0.963,0
"MT1H",0,-2.67013894308789,0.103,0.725,0
"ACTL8",0,-2.85206247045986,0.156,0.778,0
"BAAT",0,6.44484317618544,0.671,0.05,0
"FGL1",0,5.50001701558772,0.799,0.181,0
"PNMA5",0,-3.05084251571899,0.088,0.705,0
"AKR1B10",0,8.07582153901206,0.662,0.048,0
"GSTP1",0,-1.82438060800633,0.331,0.937,0
"H2AFY2",0,-2.72295864018769,0.11,0.714,0
"MT1F",0,-2.45577201531079,0.22,0.82,0
"MEG3",0,-2.42701593699826,0.095,0.694,0
"CFHR2",0,6.33223924982247,0.605,0.011,0
"FXYD2",0,-1.13629484829031,0.138,0.732,0
"UCHL1",0,-1.60914829487459,0.15,0.743,0
"CPB2",0,5.64507574333125,0.674,0.082,0
"C4orf48",0,-2.28967532928753,0.28,0.87,0
"STMN3",0,-4.1376457445337,0.045,0.635,0
"ACTA1",0,-6.50609304413196,0.009,0.598,0
"UGT2B7",0,8.48652857334786,0.593,0.005,0
"FSCN1",0,-3.04720837985453,0.087,0.671,0
"PON1",0,5.3961554839901,0.605,0.023,0
"AKR1C4",0,7.21488403265311,0.598,0.016,0
"GAL3ST1",0,-3.15115554196523,0.087,0.667,0
"SIVA1",0,3.4455446241055,0.678,0.099,0
"AADAC",0,5.39056289799745,0.604,0.025,0
"NUPR1",0,4.64754357983454,0.856,0.28,0
"TTYH1",0,-3.70583490104435,0.047,0.623,0
"NQO1",0,-1.91401076333738,0.381,0.954,0
"PODXL2",0,-3.37780372057582,0.066,0.637,0
"UGT2B15",0,6.50007922050944,0.582,0.012,0
"ARG1",0,7.64678482886242,0.588,0.018,0
"MT1G",0,-2.12488043262971,0.368,0.938,0
"CREB5",0,-2.36268787834203,0.101,0.669,0
"APCS",0,7.73215046067132,0.589,0.026,0
"PHLDA2",0,-2.03903886339033,0.24,0.802,0
"RAB34",0,-2.8611446197033,0.108,0.669,0
"BCHE",0,6.38893516548074,0.573,0.012,0
"PRSS23",0,-2.43538926604508,0.153,0.713,0
"PLTP",0,-2.75307436276112,0.152,0.712,0
"TGFBR3L",0,-2.56045721761211,0.115,0.674,0
"GTSF1",0,-1.69391587111222,0.321,0.876,0
"KRT17",0,-2.32399210627177,0.069,0.622,0
"CNOT10",0,-2.69046418300184,0.254,0.805,0
"ORM1",0,4.78468580710691,0.892,0.344,0
"LGALS2",0,-2.13117566902794,0.126,0.674,0
"MLF1",0,-1.91452194785674,0.125,0.671,0
"RP11-242D8.1",0,-2.84990524354254,0.13,0.676,0
"LDOC1",0,-3.45541133509676,0.055,0.601,0
"SLC2A2",0,5.27044216250553,0.63,0.087,0
"TPM2",0,-1.29382238184636,0.184,0.727,0
"SERPINH1",0,-2.98582931792711,0.364,0.906,0
"SERPINC1",0,5.75274079115272,0.649,0.109,0
"TDO2",0,5.08434609585336,0.554,0.018,0
"TUBA1A",0,-1.87589840304108,0.154,0.69,0
"ADH1B",0,8.26689866482759,0.553,0.018,0
"PTGDS",0,-1.57343201682844,0.14,0.675,0
"CYP2D6",0,6.89461964395912,0.642,0.109,0
"HSPA6",0,-2.88126849506047,0.446,0.979,0
"CYR61",0,-2.23775760361006,0.244,0.772,0
"ACSM2B",0,7.73858822533139,0.541,0.013,0
"UBE2C",0,-1.90913330380741,0.344,0.872,0
"DNAJA4",0,-3.01623887115506,0.098,0.625,0
"HULC",0,6.2083422266328,0.613,0.087,0
"CKB",0,-2.59941485202516,0.428,0.953,0
"C4BPA",0,5.13032836220517,0.556,0.035,0
"PRR5",0,-2.79429257119829,0.17,0.69,0
"PGF",0,-3.74887820413698,0.059,0.576,0
"ARC",0,-3.87423985294511,0.037,0.553,0
"HSD17B6",0,4.98704180709184,0.636,0.122,0
"DUSP2",0,-2.11047927352549,0.229,0.741,0
"GSTO2",0,-3.12890896904418,0.14,0.652,0
"KHDC1L",0,-2.67399386465121,0.121,0.633,0
"TSPAN8",0,5.72864643099608,0.534,0.024,0
"CYBA",0,-2.27286904389556,0.489,0.994,0
"CLRN3",0,-3.14201584553938,0.096,0.6,0
"LIMD2",0,-2.16916545926262,0.147,0.648,0
"GAL",0,-3.28240969359031,0.045,0.542,0
"TNNI3",0,-2.92048887057886,0.062,0.559,0
"FGGY",0,4.27903166271865,0.632,0.135,0
"ISYNA1",0,-2.75253678734111,0.106,0.603,0
"HACD1",0,-2.81147590551049,0.063,0.559,0
"BEX4",0,-2.28505194707103,0.131,0.627,0
"LINC01485",0,11.0134219790763,0.496,0.001,0
"HAO1",0,6.90115789728256,0.502,0.007,0
"FABP5",0,-1.67452306394885,0.437,0.931,0
"HRG",0,5.06308856450197,0.626,0.135,0
"HBA2",0,-0.789340734187848,0.08,0.569,0
"HOXA7",0,-4.27417363739904,0.029,0.517,0
"RPS4Y1",0,3.45125263910726,0.68,0.194,0
"LEFTY1",0,-1.83174496226127,0.078,0.564,0
"CTAG2",0,-2.0803455681973,0.345,0.83,0
"NMB",0,-1.81387892765928,0.236,0.721,0
"ACSL1",0,4.33372082031931,0.553,0.071,0
"IER5",0,-2.56930465690971,0.231,0.711,0
"NPW",0,-2.10323014427937,0.115,0.594,0
"C8B",0,5.80806923659863,0.519,0.041,0
"PLEKHB1",0,-3.4849051798245,0.068,0.546,0
"GLB1",0,-2.82268880115257,0.473,0.949,0
"TMED3",0,-2.03306703365935,0.273,0.747,0
"GABARAP",0,2.27319411746929,0.709,0.235,0
"FOXJ1",0,-3.74778058167823,0.037,0.51,0
"SPHK1",0,-2.6298363345957,0.104,0.577,0
"BTG2",0,-2.03842067435246,0.382,0.854,0
"MDFI",0,-4.22769128779275,0.029,0.501,0
"TNFSF10",0,4.65624803424479,0.539,0.068,0
"MASP2",0,7.68738414425317,0.484,0.013,0
"HIST3H2A",0,-2.4496636780997,0.093,0.564,0
"FGB",0,3.97305600211744,0.854,0.384,0
"PTPRS",0,-2.51551688089282,0.075,0.544,0
"NXT1",0,-2.24836709648101,0.341,0.809,0
"S100A6",0,-0.282780511674376,0.481,0.949,0
"RP11-14N7.2",0,-1.39070359391126,0.211,0.678,0
"FBXL2",0,-2.58498787135945,0.067,0.534,0
"YBX3",0,-1.81282156370011,0.202,0.669,0
"HMGA2",0,-3.30039822065584,0.048,0.514,0
"XIST",0,-1.61389536206835,0.148,0.613,0
"PARVB",0,-2.43816139407258,0.159,0.623,0
"GPAT2",0,-2.99073303986361,0.1,0.562,0
"SLC39A4",0,-1.72683322081495,0.342,0.803,0
"PLBD1",0,-2.31417645050639,0.171,0.631,0
"UBP1",0,-2.35502758201915,0.253,0.711,0
"AGXT",0,5.56306246598504,0.691,0.234,0
"MYLIP",0,-2.48443393435985,0.16,0.617,0
"TGFB1",0,-2.15051707293379,0.106,0.56,0
"MEST",0,-1.78117734887048,0.329,0.783,0
"VIM",0,-1.32372043256993,0.431,0.885,0
"FMO3",0,6.66128597784963,0.462,0.009,0
"MAPK13",0,-2.53913770145647,0.087,0.539,0
"CNN2",0,-2.00068954533472,0.312,0.764,0
"METTL7A",0,3.50649140661232,0.609,0.158,0
"F12",0,4.9111296849481,0.553,0.104,0
"MAGEF1",0,-2.40977564346532,0.313,0.761,0
"PRKAR1B",0,-2.21673229161877,0.151,0.599,0
"DSCR8",0,-1.41748011379077,0.247,0.695,0
"FKBP1B",0,-2.57749847956249,0.116,0.562,0
"NFIA",0,4.61122912011848,0.493,0.047,0
"OBSL1",0,-2.35033733634348,0.113,0.558,0
"MAGEA12",0,-2.05594926850402,0.187,0.631,0
"RAMP2",0,-2.17123339160165,0.141,0.584,0
"SAA4",0,4.1780955167156,0.458,0.016,0
"RGL2",0,-2.09079288276671,0.199,0.64,0
"UBD",0,4.02792185710906,0.61,0.169,0
"PFKP",0,-1.75499821244701,0.126,0.567,0
"COTL1",0,-0.97103748541289,0.211,0.651,0
"TPM4",0,-1.41575699772921,0.323,0.763,0
"NR4A1",0,-1.88768858245474,0.262,0.702,0
"ITIH3",0,4.12334845488887,0.628,0.189,0
"TUBB6",0,-3.04114545322083,0.056,0.495,0
"RPL39L",0,-1.67417716450877,0.234,0.672,0
"CRABP2",0,-2.96003818462578,0.046,0.484,0
"UPB1",0,5.00000178179714,0.485,0.048,0
"CPS1",0,8.46761690759974,0.447,0.011,0
"PLP2",0,-1.04268190459267,0.378,0.813,0
"CRTAP",0,-2.70049618645339,0.471,0.904,0
"CLEC11A",0,-2.58854908155945,0.069,0.502,0
"BAG3",0,-2.50141618914045,0.33,0.762,0
"ACSM2A",0,9.79426249521988,0.434,0.002,0
"VIL1",0,-1.91072391439146,0.307,0.738,0
"GNL1",0,-2.16815871302,0.328,0.759,0
"DEFB1",0,-0.939293656144562,0.487,0.916,0
"OTC",0,8.99174311897464,0.431,0.002,0
"EGFL7",0,-1.65654624752813,0.181,0.61,0
"CLASP2",0,-2.1849557936083,0.155,0.584,0
"FAM60A",0,-1.80908460404813,0.238,0.665,0
"NCBP2-AS2",0,-1.97110709059019,0.352,0.778,0
"DLK2",0,-3.79691989203333,0.035,0.461,0
"MFAP2",0,-2.54841747311077,0.067,0.493,0
"C19orf33",0,-1.15701913147323,0.114,0.539,0
"LINC00665",0,-2.41567698657227,0.127,0.551,0
"DUSP15",0,-2.99679351721277,0.067,0.491,0
"BCAM",0,-2.07219575426095,0.438,0.861,0
"TRIM71",0,-2.94923312747738,0.077,0.5,0
"NDUFA4L2",0,-0.38057640283227,0.267,0.69,0
"C18orf32",0,2.7370026552213,0.59,0.167,0
"PPIL1",0,-2.17633401019121,0.338,0.76,0
"LIPC",0,-2.1608834471972,0.289,0.711,0
"PLK2",0,-2.38688936476801,0.124,0.545,0
"TUBA3C",0,-3.61859587354335,0.044,0.465,0
"RP11-834C11.4",0,-3.05364896713158,0.058,0.479,0
"DIO1",0,4.26857939891563,0.547,0.127,0
"PYY",0,-2.66754314568487,0.029,0.449,0
"CMTM7",0,-1.98383691795017,0.202,0.62,0
"S100A11",0,-1.11482816981855,0.561,0.979,0
"ARID3A",0,-1.92553821905756,0.119,0.536,0
"CMBL",0,3.62326649291474,0.621,0.205,0
"POLD4",0,2.93465297336112,0.522,0.107,0
"FAM83D",0,-2.23531158190136,0.213,0.628,0
"SEPP1",0,5.04967158494331,0.907,0.494,0
"RP11-402P6.11",0,-1.66557621279152,0.103,0.515,0
"IGF2BP1",0,-2.99669854037537,0.07,0.482,0
"FAM200B",0,3.95113730959877,0.443,0.033,0
"HOXC9",0,-3.02514593901901,0.044,0.454,0
"ZNF467",0,-2.91383439234499,0.062,0.472,0
"RPP25",0,-2.6328165058606,0.079,0.489,0
"LBP",0,2.86325886399728,0.584,0.174,0
"MAT1A",0,4.2402394189266,0.573,0.163,0
"NIP7",0,-1.93348877475356,0.28,0.69,0
"PRR7",0,-1.96672501530429,0.204,0.613,0
"DUSP9",0,-2.32116700271727,0.119,0.528,0
"HMGA1",0,-2.41539585759262,0.557,0.966,0
"TP53",0,-1.94923501705339,0.164,0.572,0
"PMAIP1",0,-1.23074138417715,0.164,0.572,0
"PAGE4",0,-1.92768715361413,0.122,0.529,0
"PDCD6IP",0,-1.79728038512782,0.46,0.867,0
"CFD",0,-1.6674193290656,0.192,0.599,0
"MISP",0,-2.36513523030713,0.077,0.484,0
"CNTFR",0,-2.6070280377225,0.09,0.496,0
"CFB",0,3.57279439344896,0.793,0.388,0
"MAP1LC3A",0,-1.75714801033509,0.275,0.68,0
"PBX2",0,-2.22520988828288,0.175,0.58,0
"APOC4-APOC2",0,3.0396990243194,0.584,0.179,0
"POLDIP3",0,-2.04635969868492,0.196,0.601,0
"ADH1A",0,5.75424563306561,0.453,0.049,0
"FRMD4A",0,-2.78391850345187,0.096,0.5,0
"SNRPN",0,4.88736576045863,0.426,0.022,0
"DEDD2",0,-2.11367533769783,0.288,0.692,0
"DBH",0,-3.29798173198445,0.033,0.436,0
"MAGEB2",0,-1.47597761976829,0.182,0.585,0
"WBP5",0,-1.5045467650915,0.481,0.883,0
"TP53RK",0,-2.01765761374219,0.231,0.633,0
"PTGR1",0,3.90791010071363,0.733,0.331,0
"ZNF580",0,-2.03718593662982,0.18,0.581,0
"COL6A1",0,-1.91250142551237,0.134,0.534,0
"IGFBP1",0,4.1918457502261,0.576,0.176,0
"TPPP3",0,-2.91431289679433,0.044,0.443,0
"TNFRSF25",0,-2.30578189159145,0.078,0.477,0
"C4BPB",0,2.97417323185476,0.67,0.272,0
"CTBP2",0,-3.02369438738534,0.053,0.451,0
"AEBP1",0,-3.06221660218798,0.041,0.438,0
"FABP3",0,-1.54005699545919,0.164,0.56,0
"ARMCX3",0,-1.8467982550287,0.152,0.548,0
"SEZ6L2",0,-1.44147324377437,0.182,0.577,0
"TRMT6",0,-1.95516352010299,0.327,0.722,0
"HES4",0,-1.79624282776318,0.165,0.559,0
"BAK1",0,-1.92790284290308,0.21,0.604,0
"BAMBI",0,-2.18927514249256,0.392,0.786,0
"ITM2C",0,-1.41719642109598,0.293,0.686,0
"S100A1",0,-1.79265049021266,0.167,0.56,0
"FKBP4",0,-2.21609405013835,0.508,0.901,0
"POMC",0,-3.47010687735575,0.032,0.424,0
"SULT2A1",0,3.84312998027021,0.636,0.244,0
"BEX2",0,-1.41874909192912,0.267,0.658,0
"CSAG1",0,-1.02131837821444,0.275,0.666,0
"TSPAN3",0,-1.94848078838412,0.349,0.74,0
"CFI",0,3.47586250985704,0.534,0.144,0
"MCM3",0,-1.78134983241705,0.306,0.696,0
"HOXA5",0,-2.83444945836523,0.055,0.444,0
"MAGEA10",0,-2.34509216526001,0.1,0.489,0
"CYP3A5",0,3.57316130531104,0.662,0.274,0
"ZFAND2A",0,-2.39166344435722,0.583,0.97,0
"USH1C",0,-1.976948793945,0.126,0.513,0
"ZNRD1",0,-1.91774151472754,0.456,0.843,0
"ADH1C",0,7.15624191072502,0.402,0.016,0
"MAP1B",0,-2.92783519140274,0.053,0.439,0
"METTL9",0,-1.57062861112616,0.271,0.656,0
"APOBEC3C",0,-1.35117096225562,0.117,0.502,0
"SAMM50",0,-1.9787817897542,0.397,0.782,0
"MAPRE1",0,-1.60319468913925,0.441,0.826,0
"MAFF",0,-1.56087026743527,0.291,0.675,0
"HAGHL",0,-2.76378656266251,0.051,0.435,0
"CD9",0,-1.08981932446584,0.43,0.814,0
"CPVL",0,-1.62765608181358,0.382,0.765,0
"RAE1",0,-1.7705833248632,0.347,0.73,0
"HMOX1",0,-1.56295078846998,0.266,0.649,0
"FXN",0,-1.96359029402748,0.234,0.616,0
"DNAL4",0,-2.13095215988325,0.143,0.525,0
"ODC1",0,-1.98886326373991,0.425,0.806,0
"TBCC",0,-1.83591333441456,0.325,0.706,0
"FLYWCH2",0,-1.44120919341995,0.308,0.687,0
"DPYS",0,3.83846097882703,0.461,0.082,0
"RBP1",0,-1.37617239053283,0.191,0.57,0
"WDR18",0,-1.75104934832076,0.389,0.767,0
"MMP11",0,-3.0265093197057,0.055,0.433,0
"CLEC2L",0,-2.64182373108525,0.075,0.453,0
"C8G",0,3.05660194331253,0.711,0.333,0
"AQP9",0,5.36670081326151,0.398,0.022,0
"CHTF8",0,-1.82191651616454,0.279,0.655,0
"IGF2BP2",0,-1.648060373965,0.288,0.663,0
"DBN1",0,-2.21086662451331,0.117,0.492,0
"IER3",0,-1.19424248384304,0.42,0.794,0
"CDCA7L",0,-1.78020549449669,0.213,0.587,0
"DPCD",0,-1.84580237688602,0.244,0.618,0
"CDC42EP1",0,-1.7030712390061,0.36,0.734,0
"ID1",0,-2.01030176656733,0.141,0.514,0
"SMTN",0,-1.9735316438067,0.162,0.535,0
"XAGE3",0,-2.11945317920203,0.067,0.44,0
"CDO1",0,4.54413869026882,0.455,0.083,0
"FES",0,-2.43021435595837,0.101,0.473,0
"PDLIM7",0,-1.82173043753516,0.205,0.576,0
"GSTA1",0,4.06873162355692,0.82,0.449,0
"GBAS",0,-1.49975606918571,0.311,0.681,0
"CRYAB",0,-1.89914253290923,0.111,0.481,0
"ZNF667-AS1",0,-2.15643831956518,0.082,0.452,0
"SLC40A1",0,2.90175940647684,0.542,0.173,0
"BTG3",0,-1.55847480540944,0.303,0.672,0
"MARCKSL1",0,-2.04961678859723,0.571,0.94,0
"BHMT",0,5.82343108502999,0.427,0.058,0
"AGMO",0,4.91162853557672,0.382,0.013,0
"CES2",0,3.57036033641721,0.642,0.273,0
"BAG1",0,-1.73435068122202,0.419,0.787,0
"COX7B2",0,5.05946621552896,0.38,0.012,0
"HNF1B",0,-2.80374261700747,0.068,0.436,0
"DNAJC9",0,-1.48051805583423,0.305,0.672,0
"SPINT1",0,-1.96635228934946,0.099,0.466,0
"ADM",0,-1.64298058086512,0.314,0.68,0
"SNHG23",0,-3.10976600368268,0.04,0.406,0
"SOHLH1",0,-3.22077790941511,0.037,0.403,0
"KNG1",0,4.11960312933337,0.743,0.377,0
"VARS",0,-1.83662015492498,0.249,0.615,0
"SPAG6",0,-3.75335228132801,0.033,0.399,0
"MTRNR2L1",0,-1.35496936969991,0.089,0.454,0
"MFGE8",0,-1.94851480697707,0.147,0.511,0
"TNNT1",0,-1.84853886035333,0.09,0.453,0
"DLK1",0,-3.55296875582457,0.028,0.391,0
"EMC8",0,-1.71717855622645,0.322,0.684,0
"H2AFX",0,-1.93150358673228,0.163,0.525,0
"COL2A1",0,-5.54500978360621,0.011,0.373,0
"ZFR2",0,-3.87958722775156,0.023,0.385,0
"FMR1NB",0,-3.08117575494532,0.04,0.401,0
"RUSC1",0,-1.7121580977286,0.274,0.635,0
"DNTTIP1",0,-1.70122865473486,0.381,0.742,0
"SPP2",0,8.55274751570229,0.363,0.003,0
"EGR2",0,-2.4267047359622,0.067,0.427,0
"CIB2",0,-2.58202826581342,0.073,0.433,0
"TMEM54",0,-1.75172219155988,0.197,0.556,0
"IMPDH2",0,-1.55999230589008,0.524,0.883,0
"PM20D2",0,-1.91010806512473,0.158,0.517,0
"CBY1",0,-1.6355956645894,0.252,0.611,0
"MCAT",0,-2.1154413069418,0.169,0.528,0
"H2BFWT",0,-3.87984733048001,0.023,0.382,0
"RP11-262H14.3",0,-2.30760690588746,0.1,0.459,0
"MRPS2",0,-1.84177473734826,0.425,0.783,0
"SMARCB1",0,-1.65278922080428,0.44,0.797,0
"C12orf75",0,-1.35446638511343,0.54,0.897,0
"PRSS21",0,-2.40880413271031,0.052,0.409,0
"RSU1",0,-1.20202244447509,0.419,0.775,0
"SRF",0,-2.17310919547836,0.154,0.51,0
"CTGF",0,-1.48432167751574,0.242,0.597,0
"TUBA1C",0,-1.39649252434689,0.558,0.913,0
"RNASEH2B",0,-1.58605100668978,0.271,0.626,0
"ZNF703",0,-3.0687893047172,0.048,0.402,0
"SMOX",0,-1.97497481704868,0.116,0.47,0
"SOX9",0,-1.78186912560821,0.2,0.553,0
"G6PC3",0,-1.749078263931,0.241,0.593,0
"DYNC1LI1",0,-1.65533068121475,0.407,0.758,0
"COL11A2",0,-2.79780898419518,0.04,0.391,0
"M6PR",0,-1.43392395080534,0.414,0.765,0
"ZFYVE21",0,-1.59185736352756,0.322,0.673,0
"BYSL",0,-1.81874535450461,0.238,0.589,0
"PKM",0,-1.4146321400057,0.627,0.978,0
"DOK4",0,-1.81187246229038,0.165,0.516,0
"BLMH",0,-1.67318596389104,0.212,0.562,0
"ALDH1B1",0,-1.82987160386559,0.332,0.682,0
"FGA",0,3.19674959215649,0.842,0.492,0
"KIFC1",0,-1.773444269395,0.151,0.501,0
"LRRC73",0,-3.95790869311281,0.026,0.376,0
"STARD3NL",0,-1.55008372803195,0.24,0.59,0
"CYP2C8",0,8.44895661517845,0.353,0.003,0
"CCND2",0,-1.86097354647374,0.077,0.427,0
"VCX3B",0,-1.76461993032075,0.074,0.424,0
"TPST1",0,-1.6299897737505,0.184,0.533,0
"TWISTNB",0,-1.6322922891069,0.351,0.7,0
"C1R",0,3.16416877957749,0.61,0.261,0
"TFDP3",0,-1.98975243763993,0.117,0.465,0
"SF3A2",0,-1.5237055490198,0.243,0.591,0
"NLRP2",0,-3.29745667787426,0.033,0.381,0
"RGS2",0,-0.972660497999016,0.355,0.701,0
"PPT2",0,-2.66467781800466,0.078,0.424,0
"SPARC",0,-1.26048880817888,0.178,0.523,0
"TRAP1",0,-1.51597156325385,0.439,0.784,0
"PEG3",0,-2.8220384234976,0.043,0.388,0
"CRIP2",0,-1.27024651914419,0.166,0.511,0
"NEFH",0,-3.71148110665891,0.023,0.368,0
"ATXN10",0,-2.02110688254173,0.55,0.894,0
"CLDN4",0,-1.04098281596123,0.376,0.719,0
"NPM3",0,-1.41047878412509,0.389,0.732,0
"ANKRD54",0,-1.92802459875753,0.164,0.507,0
"BRD3",0,-1.64849338753203,0.308,0.65,0
"PNMA1",0,-1.97856502540736,0.107,0.449,0
"E2F4",0,-1.84436298715227,0.196,0.538,0
"CLDN3",0,-1.56739410483324,0.477,0.819,0
"AMHR2",0,-4.22912131808475,0.017,0.359,0
"RARRES3",0,2.47330056041891,0.567,0.226,0
"UPK3A",0,-2.05450643395597,0.126,0.466,0
"H1FX",0,-1.59758918865269,0.231,0.571,0
"KPNA2",0,-1.07741122453957,0.526,0.866,0
"HNMT",0,2.1119055259738,0.643,0.304,0
"NSUN5",0,-1.55616612089506,0.35,0.689,0
"KIFC3",0,-1.70310263779844,0.158,0.497,0
"C19orf81",0,-2.08562795304129,0.084,0.423,0
"HGD",0,2.465002492852,0.678,0.34,0
"TERF2IP",0,-1.34363363556174,0.406,0.744,0
"CYP2B6",0,-1.87783024879944,0.147,0.485,0
"IGLON5",0,-4.07170684817352,0.02,0.358,0
"PTGES2",0,-1.46069356874864,0.432,0.769,0
"NUP93",0,-1.62446996828742,0.201,0.538,0
"COL1A1",0,-2.24977860452215,0.067,0.404,0
"SMIM24",0,-1.34354778323392,0.187,0.524,0
"EXOSC3",0,-1.5170817685311,0.386,0.723,0
"AC140912.1",0,-2.08164944445435,0.085,0.422,0
"RND2",0,-2.77866465390338,0.072,0.409,0
"OLFM2",0,-1.58932009974435,0.159,0.496,0
"DDIT4",0,-1.69082764414932,0.581,0.917,0
"MAP1LC3B",0,-1.48826652243022,0.563,0.899,0
"TYRO3",0,-2.87518862027804,0.055,0.391,0
"GRB7",0,-2.17244367970035,0.118,0.454,0
"TGIF2",0,-2.07234263986882,0.11,0.446,0
"HOXC10",0,-2.76850063393239,0.041,0.377,0
"UBALD1",0,-1.65279569341397,0.235,0.571,0
"EIF4A3",0,-1.41100633698891,0.532,0.868,0
"ARMCX1",0,-2.10040972155523,0.108,0.442,0
"COMMD7",0,-1.56049783417304,0.444,0.778,0
"SNX10",0,-1.27770216422803,0.36,0.694,0
"SMARCD3",0,-2.42220443688747,0.073,0.406,0
"CLIC3",0,-1.27812146910191,0.1,0.433,0
"SMARCA4",0,-1.76884295401769,0.267,0.6,0
"KREMEN2",0,-4.80590255723115,0.013,0.346,0
"TCTN3",0,-1.78020754236011,0.225,0.557,0
"GNG4",0,-2.07906043082286,0.071,0.403,0
"ICA1",0,-1.92214255621489,0.106,0.438,0
"PRNP",0,-1.47395109212121,0.263,0.595,0
"CPNE1",0,-1.33865566200481,0.486,0.818,0
"CD276",0,-1.92435773751048,0.182,0.513,0
"SYNGR1",0,-1.48012308418574,0.202,0.533,0
"SCG3",0,-4.26772569171895,0.014,0.345,0
"PHF14",0,-1.87009546125351,0.443,0.773,0
"C9orf116",0,-2.74687089338193,0.071,0.401,0
"STX3",0,-1.50197593031608,0.19,0.52,0
"ALDH18A1",0,-1.58723713642607,0.161,0.491,0
"TTLL12",0,-1.89697323465731,0.166,0.496,0
"CNPY3",0,-1.63220241559228,0.482,0.811,0
"ACHE",0,-3.10360006396084,0.039,0.368,0
"B4GAT1",0,-1.8256194834327,0.192,0.521,0
"CENPN",0,-1.49321407761005,0.304,0.633,0
"BIK",0,-2.2378082059403,0.061,0.39,0
"XX-CR54.1",0,-1.94910217072546,0.109,0.438,0
"RRAGA",0,-1.46910614166874,0.37,0.699,0
"POLR2C",0,-1.72276849800793,0.524,0.853,0
"PAFAH1B3",0,-1.21806382459388,0.475,0.803,0
"COX8C",0,-1.86496256992337,0.061,0.389,0
"TRAF4",0,-1.46486363095562,0.38,0.708,0
"PES1",0,-1.4028320980561,0.379,0.707,0
"PIGS",0,-1.6001553526593,0.207,0.534,0
"PRAF2",0,-1.76670144143369,0.203,0.53,0
"ZNF385A",0,-2.56816172379646,0.055,0.382,0
"POLR1C",0,-1.46142781119939,0.255,0.582,0
"MTRF1L",0,-1.6832712894507,0.212,0.538,0
"RALY",0,-1.56502325890185,0.568,0.894,0
"CHST13",0,-1.60626944016954,0.413,0.739,0
"MPP6",0,-1.71222928024763,0.306,0.632,0
"NUFIP1",0,-1.83643398793516,0.158,0.484,0
"MT1X",0,-0.606782798794171,0.628,0.954,0
"KMT5C",0,-1.97952219110294,0.12,0.445,0
"ZDHHC4",0,-1.47693886151554,0.433,0.757,0
"SDC2",0,3.09787542228729,0.743,0.419,0
"C6orf47",0,-1.82629321093784,0.176,0.499,0
"P3H4",0,-2.23566795389928,0.115,0.438,0
"ZHX2",0,-1.95581307648546,0.153,0.476,0
"ZDHHC7",0,-2.33259732950871,0.092,0.415,0
"ID3",0,-1.25481279457338,0.179,0.501,0
"JOSD1",0,-1.56387180572431,0.181,0.503,0
"PASD1",0,-3.21001573426508,0.035,0.357,0
"NRSN2",0,-1.98322815958464,0.117,0.438,0
"FAM122A",0,-1.77346559032547,0.165,0.486,0
"RPL22L1",0,-1.93709862178778,0.601,0.921,0
"C1S",0,2.8569242754406,0.739,0.419,0
"TRIP10",0,-1.87117792635959,0.135,0.455,0
"CAMK1",0,-1.44076974608535,0.344,0.663,0
"ISG20L2",0,-1.55420278833502,0.29,0.609,0
"ELAC2",0,-1.80387138868861,0.175,0.494,0
"DRG1",0,-1.60457661001393,0.495,0.814,0
"KIAA0930",0,-1.65590329432809,0.162,0.481,0
"RBM17",0,-1.67142734429146,0.555,0.872,0
"WDR5",0,-1.75427353154281,0.201,0.517,0
"GPHA2",0,-3.71393880646835,0.019,0.335,0
"CDC42EP3",0,-2.48286122096086,0.059,0.374,0
"PCBP4",0,-1.71486451085277,0.195,0.51,0
"KLHL35",0,-3.70663998004097,0.021,0.336,0
"COL6A2",0,-1.72659009985988,0.078,0.393,0
"HHEX",0,-1.47813542765788,0.396,0.711,0
"RBMS1",0,-1.32855681012158,0.15,0.464,0
"CKS2",0,-0.957663186906115,0.609,0.923,0
"CIAPIN1",0,-1.45527417831634,0.36,0.673,0
"A1BG",0,4.60483949000586,0.609,0.296,0
"PATZ1",0,-2.2549649923432,0.092,0.404,0
"FMO5",0,2.87384229899054,0.645,0.333,0
"DCTPP1",0,-1.19138683000098,0.454,0.766,0
"ACSS1",0,-2.42887551522475,0.072,0.384,0
"ATF3",0,-1.19097229724571,0.522,0.834,0
"CMTM8",0,-1.58666696358408,0.556,0.868,0
"KCNK9",0,-1.65940622896988,0.158,0.47,0
"RCN2",0,-1.43061114112753,0.495,0.806,0
"HMHA1",0,-1.86827951166664,0.092,0.403,0
"MAGEA8",0,-2.50731733422202,0.053,0.364,0
"CSNK2A1",0,-1.27092618521268,0.402,0.713,0
"PDCD2",0,-1.41662212610551,0.44,0.75,0
"SFRP1",0,-3.48257524320895,0.024,0.334,0
"SUGT1",0,-1.30114486702066,0.444,0.754,0
"INHA",0,-1.1393305956759,0.073,0.383,0
"ZNF768",0,-1.78545827286265,0.166,0.476,0
"GTPBP1",0,-1.95066992529242,0.101,0.411,0
"DAXX",0,-1.39756973962652,0.348,0.657,0
"LAPTM4B",0,-1.78169278058774,0.568,0.877,0
"ANP32B",0,-1.37910758710528,0.584,0.893,0
"EMG1",0,-1.19529649757688,0.446,0.755,0
"SNAI1",0,-3.27445591454288,0.039,0.348,0
"ALDH2",0,3.35257034588234,0.692,0.383,0
"PDLIM4",0,-2.74124954610684,0.036,0.344,0
"BIN1",0,-1.47306736532271,0.379,0.686,0
"BTBD3",0,-1.97830667964486,0.105,0.412,0
"ABHD12",0,-1.31589857768328,0.429,0.735,0
"MANBAL",0,-1.38336618591729,0.431,0.737,0
"PTBP1",0,-1.42692004297697,0.459,0.765,0
"PSMG3",0,-1.49349141311463,0.518,0.824,0
"NET1",0,-1.33163280749951,0.366,0.671,0
"SUPT3H",0,-1.60465393529711,0.133,0.438,0
"FAHD1",0,-1.51941280947764,0.407,0.712,0
"THAP11",0,-1.82700454469799,0.202,0.507,0
"SNAP29",0,-1.29108171072707,0.445,0.75,0
"RNPS1",0,-1.28540465178252,0.55,0.855,0
"CCZ1",0,-1.33983151847761,0.369,0.673,0
"HBA1",0,-0.749051430955777,0.03,0.334,0
"SLC22A17",0,-3.00507186019667,0.032,0.334,0
"TSPAN15",0,-2.07146132005873,0.068,0.37,0
"C17orf96",0,-2.67601203969248,0.067,0.369,0
"HOMER3",0,-2.16620231203434,0.095,0.396,0
"SLC25A36",0,-1.7604187116242,0.073,0.374,0
"TAGLN",0,-2.5088734175111,0.09,0.39,0
"NUTF2",0,-1.17205791982157,0.577,0.877,0
"ENGASE",0,-2.70625724294617,0.094,0.394,0
"IMP3",0,-1.40253655071657,0.515,0.814,0
"HOXD1",0,-3.24802444437094,0.025,0.323,0
"ZCCHC3",0,-1.85493426678211,0.138,0.436,0
"ST6GALNAC6",0,-1.85451444607057,0.145,0.442,0
"AK1",0,-1.34395820217751,0.535,0.832,0
"TRIP6",0,-1.20394414845682,0.429,0.725,0
"GTPBP4",0,-1.18950500544341,0.467,0.763,0
"EFNA3",0,-1.79141871499307,0.124,0.419,0
"ATIC",0,-1.41388622244709,0.458,0.753,0
"CDKN1C",0,-1.71191840821977,0.065,0.36,0
"LINC00960",0,-3.19843252374156,0.031,0.324,0
"LY6E",0,-0.842852981567062,0.595,0.888,0
"KARS",0,-1.33553798714975,0.494,0.787,0
"AC136616.1",0,-2.89247250337118,0.034,0.327,0
"GARS",0,-1.35413277579302,0.456,0.749,0
"SYNJ2",0,-1.83764574137528,0.106,0.398,0
"RBM42",0,-1.25797562587092,0.5,0.792,0
"RAMP1",0,2.67854014458223,0.679,0.388,0
"CCR10",0,-3.09728892892408,0.038,0.329,0
"RPUSD1",0,-1.93895156629146,0.133,0.424,0
"HSD11B2",0,-2.66051436981223,0.058,0.349,0
"SEPT9",0,-1.25896995373446,0.44,0.731,0
"CCDC8",0,-3.70574960136033,0.019,0.31,0
"EFEMP2",0,-2.6499639548565,0.042,0.332,0
"LZTS2",0,-1.96210353989762,0.098,0.388,0
"HOXB7",0,-2.66421807009347,0.037,0.327,0
"TPTEP1",0,-2.56078754932874,0.038,0.328,0
"CKMT1B",0,-3.30592001572964,0.031,0.321,0
"MTRNR2L8",0,-1.36638784772052,0.085,0.375,0
"ZFP57",0,-2.57292936726301,0.043,0.332,0
"KLHDC2",0,-1.30947533777874,0.489,0.778,0
"NME4",0,-1.59836140163486,0.587,0.876,0
"SALL4",0,-3.26263853989635,0.021,0.31,0
"IDH2",0,-1.36358096176323,0.641,0.929,0
"C1QBP",0,-1.3596270437363,0.6,0.887,0
"GADD45B",0,-1.25450098429976,0.586,0.873,0
"CPXM1",0,-3.50112053586025,0.02,0.307,0
"NES",0,-2.95200653326847,0.035,0.321,0
"NFE2L3",0,-1.85161723462922,0.116,0.401,0
"TESC",0,-1.9080631732375,0.092,0.377,0
"TADA3",0,-1.25417851199792,0.438,0.723,0
"CALCA",0,-3.47736377781663,0.018,0.303,0
"VCP",0,-1.70202999923724,0.594,0.878,0
"SLC35E4",0,-3.19682402170467,0.034,0.318,0
"MIR4458HG",0,2.16004511699771,0.694,0.41,0
"MXRA8",0,-2.81138239010047,0.032,0.315,0
"CDCA7",0,-2.34199460823893,0.051,0.334,0
"QARS",0,-1.31792959817447,0.47,0.753,0
"ASPH",0,2.08098972050756,0.647,0.364,0
"C9orf40",0,-2.21551515184859,0.096,0.379,0
"RASGEF1A",0,-2.97480962656402,0.034,0.317,0
"FAM110A",0,-1.84224813205015,0.083,0.366,0
"ADSL",0,-1.26645231544379,0.493,0.775,0
"IER2",0,-1.24205534424368,0.558,0.84,0
"ZNF428",0,-1.20872432655431,0.562,0.844,0
"ACSF3",0,-2.09305376551406,0.097,0.378,0
"LDOC1L",0,-2.95537949808615,0.039,0.32,0
"ENO2",0,-1.7455571866633,0.066,0.347,0
"NRN1",0,-4.77792170095633,0.009,0.289,0
"PKDCC",0,-2.44504678440711,0.051,0.33,0
"RIC3",0,-2.15396010742152,0.06,0.339,0
"C3orf70",0,-3.34296053060167,0.022,0.301,0
"ATP8A2",0,-3.69487376257407,0.018,0.297,0
"CTXN1",0,-4.40820459373359,0.011,0.29,0
"LOXL1",0,-3.82589249365266,0.02,0.298,0
"CHGA",0,-4.82718356674527,0.009,0.287,0
"SLC22A31",0,-3.57822282104574,0.018,0.295,0
"FOLR1",0,-2.7353314235325,0.04,0.316,0
"RASGRP2",0,-2.46952404043957,0.045,0.32,0
"CDC123",0,-1.22849959056753,0.565,0.84,0
"MRPL28",0,-1.19850021548974,0.573,0.848,0
"GINS1",0,-2.41581617377157,0.092,0.367,0
"CXorf67",0,-2.9809733367768,0.032,0.306,0
"MCCD1",0,-3.21766718370889,0.022,0.296,0
"EIF3F",0,-1.32024901043189,0.652,0.925,0
"NAT14",0,-3.04715869993004,0.041,0.314,0
"RAB6B",0,-1.96938386968455,0.073,0.346,0
"XAGE2",0,-3.54195749961591,0.024,0.297,0
"CKMT1A",0,-3.36733428638135,0.028,0.3,0
"TPBG",0,-2.72760813767181,0.044,0.315,0
"HSPH1",0,-1.42845929497525,0.58,0.851,0
"DUT",0,-1.32420484431003,0.622,0.893,0
"LUZP4",0,-3.25823592631135,0.025,0.296,0
"NOP56",0,-1.09877555609837,0.517,0.787,0
"HNRNPA0",0,-1.45636911512516,0.665,0.933,0
"RAB3C",0,-1.85527640990464,0.078,0.344,0
"MZT2A",0,-1.24532749082991,0.644,0.909,0
"FLOT1",0,-1.45893572500582,0.629,0.894,0
"AHCY",0,-1.75159822397768,0.652,0.917,0
"AF186192.6",0,-3.36365237225379,0.019,0.284,0
"HOXD-AS2",0,-3.20824820758462,0.023,0.286,0
"MSRB2",0,-1.23097703491985,0.582,0.844,0
"AHSA1",0,-1.209594804444,0.584,0.846,0
"RP11-382A20.3",0,-2.55412903390381,0.046,0.308,0
"KLHL25",0,-2.51835173448876,0.077,0.339,0
"C22orf29",0,-2.24356772958821,0.074,0.336,0
"HEY1",0,-1.70424495972945,0.076,0.337,0
"OLFM1",0,-3.84329740511152,0.017,0.278,0
"MIF",0,-0.822050032624396,0.728,0.989,0
"TM4SF4",0,2.34301165132747,0.837,0.577,0
"TUBB4B",0,-1.21593077336438,0.657,0.917,0
"SCAND1",0,-1.04702818960357,0.656,0.916,0
"RGS16",0,-2.12247084137189,0.087,0.346,0
"OSBPL10",0,-2.00668570550878,0.066,0.325,0
"YME1L1",0,-1.23223617385226,0.472,0.731,0
"DDR1",0,-1.87370794965605,0.067,0.325,0
"METRN",0,-2.27368737429322,0.06,0.317,0
"LSM2",0,-1.48184954602502,0.658,0.914,0
"MTCH1",0,-1.44646180651868,0.662,0.918,0
"PAQR4",0,-2.45684956533983,0.063,0.319,0
"NUAK2",0,-2.14255550294975,0.07,0.325,0
"EPHX1",0,4.23638560014426,0.883,0.628,0
"DDAH2",0,-1.59002837565658,0.663,0.918,0
"SNRPA1",0,-1.04467455141501,0.556,0.81,0
"MSX1",0,-4.38954837664905,0.022,0.275,0
"KLHDC3",0,-1.28102265253512,0.521,0.773,0
"HSPB8",0,-1.96215699288004,0.055,0.307,0
"RRAD",0,-2.46513436041116,0.043,0.295,0
"RSPO4",0,-3.85831800922728,0.017,0.269,0
"EGR4",0,-4.75053595346229,0.01,0.261,0
"CERCAM",0,-2.54683963072915,0.035,0.286,0
"DDX21",0,-1.14897719434921,0.549,0.8,0
"CDK4",0,-1.10196217064184,0.608,0.859,0
"ANGEL1",0,-2.04762559444111,0.068,0.319,0
"LYRM4",0,-1.17382788500605,0.525,0.775,0
"GABBR1",0,-2.93342141538936,0.025,0.275,0
"CD24",0,-1.2839132492929,0.692,0.942,0
"ARHGAP8",0,-2.87005789694613,0.025,0.275,0
"MOV10L1",0,-3.18772319407572,0.026,0.276,0
"FAH",0,2.17662834981541,0.659,0.41,0
"TUBB2A",0,-1.49143602897626,0.642,0.891,0
"MRPL9",0,-1.09227616074808,0.538,0.786,0
"NEU1",0,-1.43761029529508,0.64,0.888,0
"TMEM74B",0,-2.43456368538593,0.048,0.296,0
"TAMM41",0,-2.2545292024799,0.065,0.312,0
"KIF5C",0,-2.57825046523552,0.033,0.279,0
"KIF5B",0,-1.38799940369831,0.583,0.829,0
"GCSH",0,-1.05777809985389,0.605,0.851,0
"PLA2G7",0,-2.26422071795587,0.055,0.3,0
"MUC12",0,-2.17005774289036,0.044,0.289,0
"VGF",0,-4.95409984678241,0.008,0.253,0
"MRPS26",0,-1.15488880427904,0.626,0.871,0
"PXMP2",0,2.99100498429696,0.653,0.409,0
"SLC7A10",0,-2.93419839586321,0.029,0.273,0
"EIF1B",0,-1.34572942697393,0.654,0.897,0
"MALSU1",0,-1.20371290028,0.577,0.82,0
"PRR26",0,-2.61518270796023,0.046,0.289,0
"FBL",0,-1.26627540513105,0.628,0.871,0
"CCDC144NL-AS1",0,-1.69921774212071,0.058,0.3,0
"FAM159A",0,-2.41514171351445,0.039,0.28,0
"C1orf210",0,-2.12218521863625,0.064,0.305,0
"HK1",0,-1.97564637070795,0.06,0.301,0
"CYB5A",0,3.5705064248659,0.907,0.666,0
"KCNH2",0,-3.20531855036616,0.022,0.262,0
"RANBP1",0,-1.89800116572143,0.75,0.988,0
"ZNF74",0,-2.74584919226456,0.042,0.279,0
"CYP27A1",0,2.98580223911917,0.62,0.383,0
"PARP6",0,-2.06404201176723,0.054,0.291,0
"FGFBP3",0,-3.10653774504206,0.026,0.262,0
"AATK",0,-3.65664291812185,0.019,0.255,0
"CCDC151",0,-1.90188160760175,0.052,0.288,0
"MRPS18A",0,-1.10800863897511,0.566,0.8,0
"H2AFV",0,-1.17300427915255,0.676,0.91,0
"RP11-404P21.3",0,-1.71032487834385,0.054,0.288,0
"IQCA1",0,-4.24996842808787,0.01,0.243,0
"FGG",0,2.77250936348063,0.904,0.671,0
"GGCT",0,-1.25960023844551,0.631,0.864,0
"CLTA",0,-1.3103014239985,0.733,0.966,0
"MRPS34",0,-1.0712172516551,0.616,0.849,0
"FUS",0,-1.0642975043468,0.633,0.866,0
"PALM",0,-2.34497876351617,0.049,0.281,0
"SERHL2",0,-3.07906269299824,0.024,0.256,0
"SH3BGRL3",0,-0.623324211494681,0.721,0.952,0
"AKR1A1",0,2.0941535335873,0.791,0.56,0
"GNAS",0,-1.08667072336883,0.633,0.864,0
"RP11-669N7.2",0,-4.60439812656161,0.01,0.24,0
"TMEM121",0,-4.071274543459,0.012,0.242,0
"CYB5R3",0,-1.39230512613929,0.654,0.882,0
"CALN1",0,-2.85743723885446,0.026,0.253,0
"PSMD7",0,-1.25862648128271,0.656,0.883,0
"EIF3D",0,-1.04430517546835,0.675,0.902,0
"DYX1C1",0,-2.5446669484244,0.04,0.266,0
"CITF22-92A6.1",0,-2.41086450491263,0.049,0.274,0
"PAQR6",0,-3.79637296291189,0.016,0.241,0
"CMTM6",0,-1.31561294573661,0.649,0.873,0
"MRPS10",0,-1.03527707642635,0.596,0.82,0
"KRT10",0,-1.13416486935627,0.743,0.966,0
"PTK7",0,-2.16177888404307,0.047,0.268,0
"CHGB",0,-4.69828852763676,0.007,0.228,0
"HRASLS",0,-3.26608489310682,0.017,0.238,0
"H2AFY",0,-0.901205922714827,0.65,0.871,0
"RPL7L1",0,-1.21059440849188,0.54,0.761,0
"RIMKLB",0,-2.16465417777492,0.034,0.254,0
"STOML2",0,-1.91471740338903,0.747,0.967,0
"ATP5D",0,-1.00790327190063,0.741,0.961,0
"LGALS1",0,-0.829610789138302,0.766,0.986,0
"LSM7",0,-1.18365570599459,0.72,0.939,0
"LGALS14",0,-3.28091795803571,0.017,0.236,0
"MAP7D2",0,-3.76923070391836,0.016,0.234,0
"HOXD9",0,-3.7081628892685,0.01,0.228,0
"PRR15L",0,-2.36779142749079,0.032,0.25,0
"TEX19",0,-3.03941783624835,0.023,0.24,0
"MRPL18",0,-1.79848645882945,0.739,0.956,0
"ITLN1",0,-3.14822301919038,0.018,0.234,0
"PPDPF",0,-0.828136793327536,0.761,0.977,0
"APOH",0,4.51471946436101,0.907,0.692,0
"RPS6KL1",0,-2.52672879291527,0.044,0.259,0
"PNMA3",0,-2.62452923901098,0.027,0.241,0
"TLDC1",0,-2.30672607562178,0.044,0.257,0
"FGF11",0,-2.90450822300567,0.025,0.238,0
"CTD-3080P12.3",0,-2.89098667019882,0.02,0.232,0
"HOXB4",0,-2.75115912329113,0.02,0.232,0
"MYO3A",0,-2.97040490332825,0.02,0.232,0
"RHOV",0,-3.1709725098577,0.02,0.232,0
"OVOL1",0,-4.19838026283608,0.01,0.222,0
"PNMAL1",0,-3.68533267856643,0.013,0.225,0
"PPP4C",0,-0.886231441034526,0.698,0.909,0
"EPS8L1",0,-2.72369032619024,0.026,0.236,0
"CCT2",0,-1.09787421043659,0.667,0.877,0
"ARMCX2",0,-2.72131820642928,0.027,0.236,0
"SBDS",0,-0.890248669935561,0.666,0.875,0
"CNN1",0,-3.75379881699375,0.014,0.222,0
"C19orf43",0,-0.858029185540031,0.687,0.895,0
"SCRN1",0,-2.12294917075846,0.036,0.243,0
"NGFR",0,-3.25316630997097,0.017,0.223,0
"CLDN10",0,-1.67898828856304,0.037,0.243,0
"CACYBP",0,-1.24657735349746,0.76,0.966,0
"ILF2",0,-1.11170008389366,0.721,0.926,0
"PIFO",0,-2.67728346822302,0.031,0.236,0
"KHK",0,2.72683693105753,0.695,0.49,0
"HLA-DRA",0,1.43805345459161,0.84,0.636,0
"CALM3",0,-1.13032338340346,0.75,0.953,0
"NEAT1",0,2.41806324503566,0.874,0.672,0
"TCP1",0,-1.27656615466505,0.718,0.919,0
"B3GNT4",0,-3.21865765798388,0.023,0.224,0
"SCARF2",0,-4.04193079480728,0.013,0.214,0
"HSBP1",0,-1.67128714135808,0.781,0.981,0
"FBLN2",0,-2.33228128188839,0.032,0.231,0
"LAMA1",0,-3.17795064497475,0.017,0.216,0
"TOMM22",0,-1.56382255661458,0.746,0.945,0
"XRCC6",0,-1.03643007758289,0.707,0.905,0
"GYLTL1B",0,-3.04097617225203,0.027,0.225,0
"TMEM132A",0,-2.76720149456605,0.025,0.223,0
"KISS1R",0,-2.55399922488651,0.027,0.225,0
"EIF3L",0,-1.0986185297695,0.709,0.906,0
"TRA2B",0,-1.09979677434541,0.646,0.843,0
"ANP32A",0,-0.949378489569178,0.667,0.864,0
"HSPA1B",0,-1.7207136233127,0.79,0.986,0
"PIGT",0,-0.973907099166081,0.687,0.883,0
"RNF5",0,-1.12222219214685,0.71,0.905,0
"SRSF2",0,-0.901827675357136,0.685,0.88,0
"LOXL1-AS1",0,-3.10283902465358,0.018,0.211,0
"DNAJB1",0,-1.47798924339405,0.791,0.984,0
"MFI2",0,-2.85293511901112,0.027,0.219,0
"P3H3",0,-3.3336517991367,0.017,0.209,0
"NPTXR",0,-3.7305101395007,0.011,0.203,0
"NUDT5",0,-1.18936250039698,0.725,0.916,0
"VANGL2",0,-2.78588379851921,0.019,0.21,0
"SSB",0,-0.997107633419533,0.707,0.897,0
"SV2A",0,-3.66356493283855,0.012,0.202,0
"CHST10",0,-3.52268815676296,0.015,0.205,0
"PDX1",0,-3.82695476260688,0.013,0.202,0
"TSPO2",0,-2.80978491598124,0.027,0.215,0
"DLL3",0,-3.1872634804232,0.018,0.206,0
"COX5A",0,-0.896617078246516,0.788,0.976,0
"LIN28A",0,-5.49852415869013,0.003,0.19,0
"SEC11A",0,-1.39791289544942,0.76,0.945,0
"PFDN6",0,-1.09232019395067,0.723,0.906,0
"PDGFRA",0,-2.52911786527476,0.025,0.208,0
"LRRC4B",0,-3.4906991178763,0.012,0.195,0
"HOXD8",0,-2.78867062917189,0.018,0.198,0
"PTMS",0,-1.05810375751118,0.768,0.948,0
"GABARAPL2",0,-1.00590904468303,0.714,0.893,0
"PDPN",0,-3.99922161891203,0.01,0.189,0
"S100A13",0,-0.926944740031418,0.72,0.897,0
"CCT6A",0,-1.09056249863689,0.742,0.919,0
"RAB11A",0,-0.999994090239075,0.728,0.905,0
"MARVELD1",0,-3.29322757904367,0.017,0.193,0
"SNRPB2",0,-1.46624877882205,0.792,0.967,0
"DIRAS1",0,-3.04657348329773,0.017,0.191,0
"GTF3C6",0,-0.982045366856679,0.755,0.928,0
"IGHE",0,-2.73910835540502,0.021,0.194,0
"AL132709.8",0,-3.05078037867669,0.015,0.188,0
"MDK",0,-1.65737987880713,0.795,0.968,0
"TCL1A",0,-3.04933297192817,0.017,0.189,0
"WFIKKN1",0,-5.18275295544535,0.005,0.177,0
"HNRNPDL",0,-0.888352918065356,0.753,0.924,0
"SUSD5",0,-3.56872527524493,0.012,0.183,0
"ACP1",0,-1.04235614718862,0.766,0.936,0
"TCEAL5",0,-4.01289742436484,0.007,0.177,0
"JAM3",0,-3.5175987039814,0.012,0.18,0
"CALM1",0,-1.43518918442182,0.807,0.974,0
"MBOAT2",0,-2.72607317594792,0.017,0.183,0
"FZD8",0,-4.19417356363584,0.007,0.173,0
"BSG",0,-1.34500050127901,0.815,0.98,0
"GLO1",0,-1.29209305721228,0.773,0.938,0
"ORM2",0,2.83083710196903,0.832,0.667,0
"PGAM1",0,-1.3826595290388,0.808,0.973,0
"AP2M1",0,-1.11095059564517,0.773,0.936,0
"IGDCC3",0,-4.303921970723,0.006,0.169,0
"BMP7",0,-3.42740257055443,0.012,0.173,0
"DNAJA1",0,-1.18093886984018,0.813,0.973,0
"ATP6V1F",0,-0.856029119367627,0.78,0.94,0
"LINGO1",0,-3.91736995642654,0.009,0.168,0
"SCP2",0,2.05660792618338,0.885,0.727,0
"MEA1",0,-0.807727699935242,0.729,0.887,0
"SNRPD1",0,-0.787824180808647,0.779,0.937,0
"NUDT11",0,-3.98039456662082,0.01,0.168,0
"APRT",0,-1.04437225278245,0.8,0.958,0
"NPY",0,-4.26886409761725,0.007,0.163,0
"NEFL",0,-3.97471583924363,0.009,0.165,0
"UGP2",0,1.84457333953671,0.818,0.662,0
"GDF10",0,-3.87872936648694,0.012,0.167,0
"VDAC2",0,-0.968938413363474,0.758,0.912,0
"PRTG",0,-4.34307562232411,0.006,0.16,0
"MRPL13",0,-0.778972701387958,0.763,0.916,0
"HAGLROS",0,-4.03068918384462,0.008,0.161,0
"SRRM3",0,-3.46521114086394,0.01,0.163,0
"FZD2",0,-3.52946274077927,0.009,0.162,0
"GGH",0,2.85588900902206,0.808,0.656,0
"SNRPB",0,-1.46449239606452,0.832,0.983,0
"PCBP1",0,-0.786545363515452,0.749,0.899,0
"UGDH",0,1.90235441093259,0.8,0.65,0
"TMBIM4",0,1.56145768166815,0.79,0.64,0
"YWHAZ",0,-0.810835381392612,0.745,0.894,0
"GDI2",0,-0.985598455409511,0.783,0.932,0
"CISD3",0,1.78811076099192,0.809,0.66,0
"MRPL14",0,-0.893879708136707,0.788,0.936,0
"CALCB",0,-4.61976310953632,0.006,0.154,0
"CDX2",0,-3.42354078914082,0.01,0.158,0
"SDCBP",0,1.39343069051377,0.813,0.667,0
"CCT3",0,-1.09744549406893,0.807,0.952,0
"AHSG",0,4.13772670982365,0.753,0.609,0
"RAC1",0,-1.31678203599754,0.841,0.984,0
"SNRPD3",0,-0.779240949698993,0.768,0.911,0
"DYNLRB1",0,-0.76969779200419,0.788,0.93,0
"CA7",0,-4.59357666065483,0.005,0.147,0
"BLVRB",0,1.67001641293062,0.818,0.676,0
"SNRPC",0,-1.03098665805547,0.803,0.944,0
"SRSF3",0,-1.19117193699672,0.833,0.973,0
"SUPT4H1",0,-0.882320877713142,0.755,0.895,0
"FN1",0,1.63748843894582,0.799,0.66,0
"AC090498.1",0,-0.7104135679774,0.833,0.972,0
"C14orf166",0,-0.872979233811321,0.769,0.908,0
"FAM96B",0,-0.840034670921346,0.801,0.938,0
"ACTC1",0,-5.69519494938377,0.002,0.138,0
"STRA6",0,-3.539651354532,0.007,0.143,0
"TAGLN2",0,-0.755721790175935,0.837,0.972,0
"PRDM13",0,-4.28141632618788,0.005,0.14,0
"LSM5",0,-0.863064558017811,0.818,0.952,0
"CD74",0,2.06614722366441,0.892,0.759,0
"LECT1",0,-4.18981358804899,0.006,0.138,0
"FKBP1A",0,-0.821481651223011,0.825,0.957,0
"NAP1L1",0,-0.758791643432245,0.794,0.925,0
"EID1",0,-0.855193400558869,0.788,0.919,0
"EIF5",0,-0.865758900880785,0.752,0.882,0
"YWHAB",0,-0.936896186656647,0.792,0.922,0
"APOC2",0,2.57486193004155,0.808,0.679,0
"CLIC1",0,-1.4986080294333,0.865,0.993,0
"TIMM13",0,-0.944612710670999,0.819,0.947,0
"RBM8A",0,-0.86570284679017,0.842,0.967,0
"NKX2-8",0,-5.15255968322003,0.002,0.126,0
"CSNK2B",0,-1.2091958245446,0.845,0.968,0
"SNU13",0,-0.924239865217148,0.832,0.955,0
"ALDOA",0,-0.632929861529251,0.875,0.996,0
"RBX1",0,-0.76349376196809,0.818,0.939,0
"PSMB5",0,-0.897956943854868,0.84,0.959,0
"LINC00493",0,-0.968773628221278,0.827,0.946,0
"POLR2F",0,-1.2566742333619,0.851,0.969,0
"TUBA1B",0,-0.821413010809541,0.875,0.99,0
"CST3",0,-1.66734258466173,0.879,0.993,0
"SF3B5",0,-0.783654826395478,0.83,0.943,0
"EIF6",0,-0.985801943788348,0.851,0.964,0
"ERGIC3",0,-0.848302633596273,0.828,0.941,0
"MGST1",0,2.77273546461448,0.934,0.822,0
"PABPC1",0,-1.02294461345032,0.881,0.991,0
"OCIAD2",0,1.30719328846929,0.811,0.704,0
"EEF2",0,-1.01066666313201,0.88,0.987,0
"EEF1B2",0,-1.0531381132173,0.881,0.987,0
"EIF4A2",0,-0.832822314379744,0.858,0.963,0
"MRPL51",0,-0.694096254727671,0.847,0.952,0
"TMEM230",0,-0.896291444730837,0.847,0.952,0
"PRDX2",0,-1.00284581855833,0.86,0.965,0
"DCXR",0,2.99156684271808,0.829,0.726,0
"FKBP2",0,1.4013593242279,0.861,0.762,0
"TUBB",0,-1.4974643358389,0.895,0.993,0
"ERH",0,-0.859906575979871,0.885,0.983,0
"MORF4L1",0,-0.820976218938704,0.874,0.969,0
"SNRPE",0,-0.990328126864502,0.893,0.984,0
"POLR2K",0,-0.675647819982063,0.869,0.957,0
"RAN",0,-0.826435766700012,0.896,0.984,0
"HSPA1A",0,-1.91917256920624,0.91,0.997,0
"PFN1",0,-0.77370232905819,0.91,0.997,0
"PSMA4",0,-0.801612321991241,0.885,0.969,0
"ATPIF1",0,1.15067723963727,0.924,0.841,0
"COMMD6",0,-0.751145281687898,0.885,0.966,0
"EIF3K",0,-0.65705268700695,0.886,0.966,0
"ACTG1",0,-1.00297070331976,0.919,0.996,0
"PSMB1",0,-0.662585406418793,0.895,0.971,0
"HSPA8",0,-0.803823688635213,0.912,0.988,0
"TTR",0,4.00209804529462,0.899,0.825,0
"SAP18",0,-0.630021889126845,0.885,0.959,0
"GSTK1",0,1.3773887800721,0.865,0.793,0
"IL32",0,1.57081714180677,0.949,0.877,0
"RPS2",0,-1.55713992713065,0.929,1,0
"ATP5C1",0,-0.708385677882834,0.911,0.979,0
"CES1",0,2.01740294315677,0.904,0.837,0
"CYCS",0,-1.06645498215007,0.927,0.993,0
"RPL13",0,-1.44911050159942,0.934,1,0
"ROMO1",0,-0.653226837914317,0.909,0.974,0
"TOMM7",0,-1.495525063443,0.931,0.995,0
"S100A10",0,-1.2196294463688,0.943,0.998,0
"PSMA7",0,-0.691292749928922,0.94,0.993,0
"RPL17",0,1.31961136816814,0.932,0.882,0
"POMP",0,-0.578499862914029,0.933,0.98,0
"HSPB1",0,-1.71603146325889,0.952,0.996,0
"DYNLL1",0,-0.690013469253315,0.951,0.995,0
"HMGB1",0,-0.653293205006199,0.947,0.991,0
"UBL5",0,-0.673475591312506,0.95,0.993,0
"RPL7A",0,-0.758272132371089,0.957,0.998,0
"TMEM59",0,1.05874493944876,0.921,0.881,0
"RPL4",0,-1.0319299341097,0.956,0.996,0
"RBP4",0,1.91200780151894,0.922,0.961,0
"RPSA",0,-0.98723676347316,0.96,0.997,0
"TMA7",0,-0.669882617179411,0.963,0.999,0
"UQCR11",0,1.0538065937754,0.941,0.907,0
"APOA2",0,2.70266062278615,0.964,0.997,0
"NDUFA13",0,0.886858244328034,0.93,0.897,0
"C14orf2",0,-0.571337278106991,0.96,0.992,0
"RPL23",0,-0.665649602495171,0.966,0.998,0
"COX4I1",0,-0.679456681298523,0.967,0.998,0
"HSP90AB1",0,-1.37262121015998,0.969,0.998,0
"TPI1",0,-0.964331398136528,0.969,0.998,0
"PFDN5",0,-0.508026750617203,0.966,0.995,0
"HSP90AA1",0,-1.54915665151921,0.97,0.999,0
"PPIA",0,-0.751045236592601,0.97,0.998,0
"CHCHD2",0,-0.991321529234132,0.97,0.998,0
"RPL14",0,-0.535134194270458,0.972,0.999,0
"RPS21",0,-1.08667841031213,0.972,0.999,0
"RPL24",0,-0.686233043106632,0.973,0.999,0
"RARRES2",0,2.33242172609804,0.953,0.927,0
"RPL10A",0,-1.31150184359206,0.974,0.999,0
"TMEM176B",0,1.57726358034303,0.922,0.897,0
"RPL5",0,-0.748603254257056,0.975,0.999,0
"HSPE1",0,-0.674139959325413,0.972,0.996,0
"UQCRQ",0,1.87089829082303,0.97,0.946,0
"RPS11",0,-0.713950267994759,0.975,0.999,0
"PEBP1",0,0.919231152982082,0.945,0.967,0
"TPT1",0,-1.03241102604352,0.979,1,0
"RPL31",0,-0.906106713714669,0.98,1,0
"MALAT1",0,1.55686952296067,0.972,0.992,0
"SRP14",0,-0.885692447267934,0.979,0.999,0
"H3F3A",0,-0.824335854448189,0.98,0.999,0
"RPL12",0,-0.765742621355393,0.981,1,0
"RPS13",0,-0.828127647683132,0.981,1,0
"RPS24",0,-1.29168589552098,0.981,1,0
"RPS3A",0,-0.413667558679355,0.982,1,0
"RPL29",0,-0.878737449249277,0.982,0.999,0
"RPS3",0,-0.939045811930959,0.983,1,0
"RPL26",0,-0.837589849271576,0.983,1,0
"NDUFA4",0,-0.813265843117501,0.979,0.995,0
"RPS26",0,-0.999849266664222,0.982,0.998,0
"APOC3",0,4.38676515143046,0.879,0.864,0
"RPL6",0,-0.546340250523869,0.985,1,0
"UBB",0,-0.522606239689228,0.984,0.999,0
"H3F3B",0,-0.539234924451369,0.983,0.998,0
"RPL18",0,-0.590814693362656,0.985,0.999,0
"RPS23",0,-0.737346444947278,0.987,1,0
"RPL36",0,-0.98654885822467,0.987,1,0
"APOC1",0,2.81096609406668,0.978,0.991,0
"RPS9",0,-0.666879985729211,0.987,1,0
"RPL27A",0,-0.636416920808927,0.988,1,0
"RPS17",0,-1.59890452119361,0.988,1,0
"TMSB10",0,-0.743641342790264,0.989,1,0
"HINT1",0,0.744079376770627,0.981,0.992,0
"RPS4X",0,-0.854605503484845,0.989,1,0
"ATP5E",0,-0.399288309996983,0.988,0.999,0
"RPL28",0,-0.816565792002935,0.989,1,0
"SOD1",0,1.53702045539198,0.959,0.97,0
"NDUFA1",0,0.830506909473621,0.95,0.94,0
"MYL6",0,-0.636515581043686,0.99,1,0
"RPS15A",0,-0.634359155216165,0.99,1,0
"RPS16",0,-0.436482329425755,0.99,1,0
"RPL37A",0,-1.04496608632615,0.991,1,0
"RPS6",0,-1.08885846969777,0.991,1,0
"RPL32",0,-0.823125034846522,0.992,1,0
"RPL30",0,-0.72712997719997,0.992,1,0
"RPLP0",0,-0.672231889423621,0.991,0.999,0
"RPS5",0,-0.761584357594517,0.991,0.999,0
"RPL15",0,-0.685397387631511,0.993,1,0
"RPS15",0,-1.00195686262487,0.993,1,0
"RPL35A",0,-0.797622736668838,0.993,0.999,0
"RPS12",0,-0.662638184040854,0.994,1,0
"RPLP2",0,-0.682589369186682,0.994,1,0
"RPS29",0,-0.571390766464863,0.994,1,0
"RPL19",0,-0.41269724107547,0.994,1,0
"RPS7",0,-0.667373904275008,0.995,1,0
"RPS27A",0,-0.558958664081437,0.995,1,0
"EEF1A1",0,-0.871816581859755,0.995,1,0
"RPS28",0,-0.938773841036208,0.995,1,0
"RPL18A",0,-0.65965884742208,0.995,1,0
"RPL8",0,-0.645764073516892,0.996,1,0
"RPL3",0,-0.909241815406363,0.996,1,0
"ACTB",0,-0.570786350487018,0.997,1,0
"GAPDH",0,-0.572140517958436,0.997,1,0
"RPS18",0,-1.41926853806946,0.998,1,0
"RPL21",0,-0.672174849729183,0.998,1,0
"B2M",0,1.42421219614178,0.996,0.998,0
"RPS19",0,-1.03442389892162,0.998,1,0
"RPS27",0,-0.675283376798606,0.999,1,0
"RPLP1",0,-0.500046636604803,0.999,1,0
"TMEM176A",0,1.10451455973743,0.918,0.918,0
"FTL",0,1.24984025229771,1,1,0
"ASGR1",3.95252516672997e-323,1.41696426620211,0.811,0.723,1.01627327086961e-318
"HNRNPU",1.51184087627421e-321,-0.818342951073551,0.701,0.879,3.88724526107626e-317
"ZNF205",2.71736105212686e-321,-1.91923791531107,0.133,0.42,6.98687873722857e-317
"PDZK1IP1",4.36754030923662e-321,7.91338838758612,0.349,0.006,1.12298196431092e-316
"ATOX1",4.49599737715534e-321,0.902770382431676,0.917,0.91,1.15601084561418e-316
"FAM171A1",4.50587869007217e-321,-1.8380208708442,0.064,0.306,1.15855152879136e-316
"ARL2BP",6.92680035469428e-321,-1.38958315221701,0.341,0.652,1.78101890719899e-316
"NOVA1",1.02963280593316e-320,-1.98525381461065,0.05,0.271,2.64739187061534e-316
"AURKB",1.35077547572997e-320,-1.57377169738471,0.134,0.432,3.47311390319689e-316
"R3HDM4",4.67583727224156e-320,-1.64358674532538,0.145,0.443,1.20225127943875e-315
"AAR2",5.45349659879568e-320,-1.68077186451439,0.221,0.531,1.40220304548235e-315
"CDT1",1.01629303349544e-319,-1.91602489986439,0.111,0.386,2.61309264772349e-315
"RPL38",1.21085608482773e-319,-0.439178928585322,0.983,0.999,3.11335316530905e-315
"TEAD4",1.23516411460312e-319,-2.33599755925356,0.045,0.259,3.17585397146753e-315
"ZNF22",1.92655957939336e-319,-1.25420731460878,0.457,0.72,4.9535699905362e-315
"ALDH1L1",9.73398254123507e-319,4.72459203858568,0.443,0.101,2.50280159100236e-314
"C2",2.8470631654731e-318,1.5683742103508,0.776,0.638,7.32036881106443e-314
"FARP1",7.27830829908449e-318,-1.419887935259,0.228,0.551,1.8713986298606e-313
"APOA5",3.27420663145386e-317,4.68036046277777,0.46,0.13,8.41864009079416e-313
"HYAL2",6.73523331743837e-317,-1.40540801233229,0.313,0.629,1.73176319057975e-312
"XRN2",8.0915383758766e-317,-1.0246284433942,0.574,0.789,2.08049634720539e-312
"NUPL2",1.07399802348025e-316,-1.4030311097873,0.343,0.65,2.76146371797241e-312
"HIST1H2BN",1.6538272402124e-316,-1.89755919093955,0.114,0.39,4.25232060003411e-312
"CDCA4",1.66783380364574e-316,-1.57489445265051,0.162,0.467,4.28833427593392e-312
"CNP",2.84905079156632e-316,-1.38699237769391,0.408,0.693,7.32547939527532e-312
"SFN",6.6397444595616e-316,-1.29581060294917,0.169,0.486,1.70721109544248e-311
"AAGAB",1.24381814869305e-315,-1.52207014603081,0.251,0.57,3.19810522391956e-311
"STC2",1.36807775346046e-315,-2.33965412387514,0.037,0.236,3.51760151969753e-311
"ENY2",1.5486493894121e-315,-0.590622786061149,0.88,0.97,3.98188731005639e-311
"MEX3A",2.00346997809512e-315,-2.1533964702568,0.061,0.289,5.15132200767817e-311
"TIMM23",3.1568288176608e-315,-1.4437647240502,0.346,0.644,8.11683825596946e-311
"DES",3.56107531523201e-315,-2.19338863550636,0.017,0.178,9.15623685052454e-311
"SERPINB1",3.96455544781732e-315,-0.888983836679059,0.618,0.842,1.01936649674279e-310
"MAFB",6.8253700807495e-315,-1.69578995157191,0.265,0.591,1.75493915516231e-310
"RBP2",9.75953705910967e-315,-1.95549719072075,0.033,0.226,2.50937216863828e-310
"SERPINA7",1.50376541183006e-314,4.70202839356901,0.403,0.056,3.86648162689745e-310
"PLEKHO1",4.25322152858121e-314,-1.82173750054732,0.065,0.299,1.0935883194288e-309
"ANKS4B",4.38314096559495e-314,-1.82793788433072,0.142,0.432,1.12699320507377e-309
"RP11-81H14.2",1.06867186034528e-313,4.92715337960167,0.357,0.013,2.74776908731978e-309
"NPC2",1.1980488802752e-313,-0.624247738421255,0.885,0.967,3.08042328096358e-309
"CDC34",1.41853687292734e-313,-1.59002192193954,0.253,0.562,3.64734200767078e-309
"PPP1CA",1.55075251807319e-313,-0.666886538113797,0.776,0.93,3.98729487446979e-309
"PLEKHG4",2.07779950207111e-313,-3.10769880114235,0.014,0.166,5.34243807972523e-309
"EEF1G",2.93538841357623e-313,2.55707528527778,0.484,0.129,7.54747068898719e-309
"FAM178B",2.90362791248022e-312,-2.79646648018197,0.03,0.214,7.46580808856915e-308
"SYN1",1.54446693739505e-311,-3.99474104874422,0.008,0.142,3.97113338943016e-307
"PTPN14",2.05053356665081e-311,-2.47584165608459,0.037,0.233,5.27233190657256e-307
"TERT",5.85437749024902e-311,-2.91102838825082,0.022,0.193,1.50527754029283e-306
"HERPUD1",6.19285331048697e-311,-0.810156497138559,0.758,0.908,1.59230644319241e-306
"FBP1",8.16506033728879e-311,2.97450944550377,0.46,0.116,2.09940031392369e-306
"GLRX3",1.61080109085714e-310,2.47208665965317,0.523,0.185,4.14169176481189e-306
"GATM",6.44516807998847e-310,1.98549554316935,0.782,0.677,1.65718161672664e-305
"SF3B4",1.86230130796483e-309,-0.995899270599872,0.523,0.791,4.78834912303918e-305
"PPP1R15A",2.00565288175908e-309,-1.01459208057093,0.595,0.83,5.15693468957894e-305
"NDRG3",2.3678196519157e-309,-1.55918327917285,0.193,0.501,6.08813788900565e-305
"UTP4",4.40440547907359e-309,-1.57857965923552,0.214,0.524,1.1324607367794e-304
"NDUFB6",5.93311703026745e-309,-0.778529441855342,0.739,0.895,1.52552305082237e-304
"DCAF13",6.87855322558971e-309,-1.0050291503697,0.509,0.789,1.76861360536362e-304
"EIF1AY",7.24890686582254e-309,3.32438714136553,0.404,0.049,1.86383893334029e-304
"WDR61",9.57465068255722e-309,-1.08937661333484,0.533,0.769,2.46183418349911e-304
"TAT",1.54477505276858e-308,6.12174117323241,0.374,0.037,3.97192561567858e-304
"FRAS1",3.287508952382e-308,-2.5606967290985,0.022,0.19,8.45284301836459e-304
"CX3CL1",1.75821646958644e-307,-2.07188345444257,0.06,0.287,4.52072618660064e-303
"CCDC102A",3.10809563766808e-307,-2.4061891871922,0.034,0.225,7.99153550357218e-303
"ZNF581",4.0802573913666e-307,-1.51723401993661,0.238,0.554,1.04911578046818e-302
"TRIM27",5.16078835464933e-307,-1.39884813684721,0.338,0.64,1.32694190174744e-302
"CCDC112",5.98498922721135e-307,-1.78614018498103,0.095,0.358,1.53886043010058e-302
"PHF5A",8.69577702524524e-307,-1.13825503771268,0.499,0.753,2.23585818873106e-302
"CDHR5",9.60726490348921e-307,3.91892376837192,0.403,0.059,2.47021995198515e-302
"RGS19",1.11962668376122e-306,-1.61831810859764,0.153,0.447,2.87878412928684e-302
"LBH",1.54170204227543e-306,-1.35477539966889,0.065,0.3,3.96402429109858e-302
"CLN6",1.56572875523818e-306,-1.53445319352873,0.3,0.607,4.02580177546841e-302
"PVALB",1.67236662091602e-306,-2.93870025892233,0.018,0.177,4.29998905569927e-302
"MYEF2",2.67366330276638e-306,-1.92120162762031,0.072,0.314,6.87452308407291e-302
"PFKM",2.77936859442673e-306,-1.85026806589456,0.111,0.379,7.14631252999e-302
"KCNG1",2.93330835118527e-306,-4.41651438633656,0.005,0.131,7.54212243256756e-302
"TMEM41A",3.09152278579582e-306,-1.60943157170838,0.275,0.572,7.9489233868382e-302
"ADH6",3.93343397631025e-306,5.16217706926227,0.357,0.02,1.01136454398889e-301
"SPATA2L",5.71350070968549e-306,-1.9334543007995,0.121,0.394,1.46905530247433e-301
"CAPN9",1.04010127316839e-305,-3.72078830430866,0.007,0.138,2.67430839357056e-301
"MAGEC2",1.3829957656475e-305,-0.915778882708868,0.291,0.655,3.55595871263285e-301
"MLF2",4.12617342621765e-305,-0.762736439747751,0.717,0.873,1.06092171134908e-300
"XPO5",4.18228964445133e-305,-1.82655483715887,0.129,0.405,1.07535031338133e-300
"MTTP",5.06190101729105e-305,2.91154443489066,0.477,0.14,1.30151598956587e-300
"APBA2",7.42825261482725e-305,-2.58585186968756,0.014,0.163,1.90995231232438e-300
"SCUBE3",7.56555255823465e-305,-4.64665801783325,0.004,0.125,1.94525487377329e-300
"GCNT3",1.00437389113301e-304,-1.75033531788694,0.109,0.381,2.5824461488812e-300
"TIMP3",1.19419281252266e-304,-1.72615596074799,0.298,0.612,3.07050855955827e-300
"MUC4",3.90176749208336e-304,-2.786212790408,0.014,0.165,1.00322245756447e-299
"KCNQ1OT1",4.54766892526631e-304,-1.42126631688508,0.288,0.597,1.16929663406447e-299
"CCDC106",5.65505036416016e-304,-1.65244962914384,0.16,0.455,1.45402654963286e-299
"GTF2F2",9.14671739499833e-304,-1.31802560338659,0.314,0.625,2.35180397660197e-299
"ZNF496",9.70631986420384e-304,-2.21363303042518,0.037,0.23,2.49568896348409e-299
"RASD1",1.09830523559725e-303,-1.41075804727057,0.182,0.497,2.82396242176764e-299
"PLAGL1",1.34984278212955e-303,-1.68867487001859,0.079,0.328,3.47071576141149e-299
"ZNF444",1.62270459190608e-303,-1.38534126322674,0.318,0.627,4.17229804670891e-299
"MED15",2.17930098974504e-303,-1.55754544925144,0.175,0.479,5.60341870483245e-299
"NDUFB8",4.42338270760874e-303,-0.603677366282704,0.872,0.952,1.13734016178036e-298
"RP11-20D14.6",4.71766531389932e-303,-2.52657556682328,0.045,0.249,1.21300610550979e-298
"NUPR2",5.64648136765274e-303,-4.02485302284761,0.006,0.134,1.45182328925087e-298
"GPX4",6.06917870232967e-303,-0.472544187391931,0.958,0.991,1.560507227943e-298
"NEK3",6.96941284707714e-303,-1.73098838650463,0.094,0.354,1.79197543124047e-298
"SLC1A5",1.06378287243582e-302,-1.46026068915207,0.167,0.473,2.73519852160698e-298
"SNAP25",1.30149646359191e-302,-2.24169933122948,0.035,0.227,3.34640770718752e-298
"NOB1",1.61225297122279e-302,-1.2842462173824,0.326,0.649,4.14542483960804e-298
"HNRNPC",1.7386516410806e-302,-0.606707371926837,0.864,0.96,4.47042109954644e-298
"TMEM184B",2.20643888034352e-302,-1.87374763038808,0.109,0.375,5.67319564913927e-298
"SNCAIP",4.06853109804845e-302,-2.36086279898486,0.026,0.203,1.04610071593022e-297
"DTD1",9.91887177927871e-302,-1.44494785917515,0.296,0.609,2.55034031188814e-297
"RPP38",1.37645775400999e-301,-1.44391990339383,0.295,0.606,3.53914817711048e-297
"CFHR3",1.55440980353642e-301,8.23825123165886,0.329,0.002,3.99669848685284e-297
"SFRP5",3.16428736920312e-301,-2.7978269236937,0.017,0.172,8.13601568369507e-297
"LAMB1",6.17312900030002e-301,-1.43027081497215,0.129,0.417,1.58723492855714e-296
"DAPK3",1.19364991795495e-300,-1.48626676161051,0.188,0.495,3.06911266904576e-296
"KIN",1.2321062665355e-300,-1.26747474999923,0.312,0.628,3.16799163251609e-296
"DDX56",2.5050271690785e-300,-1.24691829926184,0.422,0.705,6.44092585713465e-296
"CBX4",4.02206950133464e-300,-1.75865407135724,0.173,0.462,1.03415451018316e-295
"RP11-10C24.3",4.8783695203182e-300,-1.88293066629744,0.049,0.262,1.25432637106422e-295
"MPPED1",6.52130536880048e-300,-2.77925388955595,0.023,0.189,1.67675803642598e-295
"DUSP5",9.19870061962526e-300,-1.37513230753085,0.128,0.417,2.36516990331805e-295
"CBX6",1.9727699404289e-299,-1.20118318489695,0.155,0.455,5.07238607083079e-295
"TPD52L2",3.27498740208721e-299,-1.24611647849613,0.368,0.669,8.42064760824665e-295
"TRPM2",4.97525771449457e-299,-2.68105037529053,0.026,0.2,1.27923826355084e-294
"PRRX2",7.09849745461876e-299,-3.80096565463872,0.006,0.133,1.82516566553157e-294
"MPC1",9.55190769730088e-299,-1.00608885973289,0.67,0.848,2.45598650713e-294
"PTRH2",2.98988030188492e-298,-1.3214516967349,0.335,0.651,7.68758023220651e-294
"YWHAH",3.56943476412134e-298,-0.924214335961802,0.557,0.814,9.1777306655088e-294
"SUCLA2",5.12206367077807e-298,-1.2094903543491,0.277,0.606,1.31698501103046e-293
"ZC3H13",5.98443484456363e-298,-1.32811207203886,0.351,0.637,1.5387178872342e-293
"SRC",7.3257533816368e-298,-1.90310332340272,0.071,0.304,1.88359770948645e-293
"ITIH1",1.19689910908484e-297,2.19948652605613,0.713,0.538,3.07746698927895e-293
"CHMP1A",3.33857332352497e-297,-1.41368749388375,0.266,0.576,8.58413972944739e-293
"CBR1",9.04015318823829e-297,1.94816973432623,0.787,0.729,2.32440418775983e-292
"TOX3",1.42545369931963e-296,-1.75121524128024,0.109,0.374,3.66512655169062e-292
"PRSS16",1.53856015748701e-296,-2.70331755257709,0.016,0.167,3.9559458769306e-292
"HLA-G",2.17060686738567e-296,-1.85701771236581,0.035,0.224,5.58106437742204e-292
"SALL2",6.33572334925009e-296,-2.76364330301575,0.015,0.165,1.62904118755918e-291
"SCAMP5",7.06671343066576e-296,-2.43946974056969,0.043,0.241,1.81699335729278e-291
"HUNK",7.79534339764964e-296,-3.05298091037646,0.012,0.153,2.00433869440368e-291
"NEDD8",1.04386494430641e-295,-0.51796907324963,0.92,0.977,2.68398554480063e-291
"CACNB3",1.09886662374076e-295,-2.4144348289661,0.024,0.193,2.82540586296224e-291
"SF3B6",1.34996543597959e-295,-0.590386843860169,0.869,0.952,3.47103112899073e-291
"HIC2",1.58495046672455e-295,-2.00218940932448,0.065,0.292,4.07522464004215e-291
"NPAS4",1.89984767129551e-295,-5.87247314573301,0.002,0.109,4.88488833243501e-291
"GPSM1",2.87345976340295e-295,-2.3738532409135,0.036,0.223,7.38823974366167e-291
"CT55",2.87625937523597e-295,-1.58906051414261,0.083,0.333,7.39543810560672e-291
"DGCR6L",3.10643261079554e-295,-0.920360042404068,0.656,0.844,7.9872595288775e-291
"BZW2",3.83547114823894e-295,-1.05028894648519,0.341,0.664,9.86176341635196e-291
"EIF2AK1",4.17226274112265e-295,-1.13845025476594,0.47,0.746,1.07277219599745e-290
"AIF1L",1.14745308801444e-294,-2.90187733791439,0.016,0.165,2.95033137990272e-290
"YDJC",1.24407368461898e-294,-1.43348134610685,0.258,0.574,3.19876225789233e-290
"ZNF44",1.85086188559043e-294,-1.65902265303937,0.128,0.404,4.75893608023012e-290
"SELK",1.97653370896334e-294,-0.653907846357872,0.823,0.927,5.08206347248654e-290
"MMD",2.11936977659356e-294,-1.25618209469989,0.279,0.604,5.44932356957735e-290
"TUBB4A",3.50534975142246e-294,-2.2809815999297,0.035,0.222,9.01295528085743e-290
"MICALL1",3.77472901690311e-294,-2.0573226890151,0.049,0.255,9.70558324826129e-290
"TMEM181",5.26513784968549e-294,-1.70920613119461,0.145,0.425,1.35377224391113e-289
"C22orf39",8.91956830928704e-294,-1.28279281453951,0.334,0.645,2.29339940368388e-289
"UFD1L",2.18743844193886e-293,-0.948084956137877,0.603,0.82,5.62434172191321e-289
"HNRNPF",2.53817397033537e-293,-0.663124634074123,0.794,0.921,6.5261529125263e-289
"KIAA0101",3.33722128914059e-293,-1.19449537393415,0.342,0.695,8.5806633786383e-289
"COA5",4.79934147405393e-293,-1.15598146301163,0.445,0.718,1.23400667980875e-288
"MAGED2",6.14687793777425e-293,-1.15847381290699,0.517,0.751,1.58048525536052e-288
"NELFE",9.88880575674154e-293,-0.899696589946114,0.637,0.838,2.54260973617339e-288
"SEMA3B",1.01744484631129e-292,-2.11262309838691,0.063,0.284,2.61605418883559e-288
"MAPK12",3.05778422812014e-292,-1.72077404312116,0.103,0.36,7.86217480734251e-288
"CCT7",3.74444892393524e-292,-0.848183109010594,0.698,0.861,9.6277270732223e-288
"SLC43A2",4.27493484563002e-292,-2.10104645878211,0.057,0.273,1.09917124750839e-287
"BTF3",6.23155858897127e-292,-0.502970013646753,0.949,0.991,1.60225834439629e-287
"YAE1D1",1.09718751683433e-291,-1.57773566198348,0.155,0.443,2.82108854328443e-287
"CDC20",1.13483590736642e-291,-0.750045321080449,0.246,0.589,2.91789008502054e-287
"RRP7A",1.17004679402336e-291,-1.17569370409126,0.426,0.702,3.00842431679286e-287
"RNF7",1.31298410504991e-291,-0.74239852693651,0.74,0.875,3.37594473090433e-287
"EIF3G",1.54364944169161e-291,-0.779670107411456,0.704,0.878,3.96903144447748e-287
"BAG2",2.31202841996917e-291,-1.28834583223812,0.417,0.698,5.94468747342473e-287
"VNN1",3.90995213391315e-291,5.49177824190687,0.334,0.011,1.00532689267175e-286
"DNPH1",4.58541884431874e-291,-0.676020559871803,0.786,0.938,1.17900289325124e-286
"C7orf31",5.50819772760937e-291,-2.45189678330249,0.047,0.25,1.41626779972292e-286
"BAG6",5.91256568981408e-291,-1.0422801610823,0.513,0.765,1.520238890165e-286
"C14orf79",1.06516569428999e-290,-2.74048272492754,0.03,0.206,2.73875403315843e-286
"NFKBIE",1.27537452775925e-290,-1.52785638234821,0.235,0.543,3.27924298577459e-286
"JARID2",1.81052421791556e-290,-1.54627348132912,0.135,0.414,4.65521986910448e-286
"TRAM1",2.10130254481212e-290,1.24587005140744,0.784,0.649,5.40286910322092e-286
"FANCG",3.71837670404082e-290,-1.95397169780753,0.105,0.36,9.56069018142976e-286
"NFIB",4.18386669621325e-290,4.33430060083803,0.367,0.038,1.07575580493035e-285
"DUSP18",9.79170498857769e-290,-2.04191270483247,0.065,0.288,2.5176431866631e-285
"PHB",1.27470103145844e-289,-0.646967487077582,0.822,0.937,3.27751129208594e-285
"GLG1",1.33120957619027e-289,-1.50240646452546,0.275,0.565,3.42280606230042e-285
"EIF2AK4",2.28471586407146e-289,-1.53172827305126,0.269,0.562,5.87446142970053e-285
"CCDC181",2.54219236268252e-289,-2.73345361663927,0.023,0.186,6.5364850029293e-285
"CCNB2",5.53230150822352e-289,-1.23826006272018,0.193,0.511,1.42246536379443e-284
"MIER2",5.93528197425518e-289,-2.14479076250548,0.058,0.272,1.52607970122049e-284
"RP11-713P17.3",7.3005152764137e-289,-3.43574914541187,0.008,0.137,1.87710848787149e-284
"LTB",7.7663291709922e-289,-1.2260833238709,0.115,0.383,1.99687855644552e-284
"SRSF12",8.57973410803342e-289,-2.34574702929434,0.05,0.254,2.20602123385755e-284
"LTBP4",9.70989016104256e-289,-1.69191293616482,0.07,0.302,2.49660695820726e-284
"ADCY5",1.16024371859747e-288,-2.48244758471156,0.017,0.168,2.98321864925782e-284
"PMPCA",1.52755199411888e-288,-1.16802931999744,0.433,0.699,3.92764168727846e-284
"CHRNA5",1.61376463694714e-288,-2.35031080194738,0.057,0.266,4.14931163451849e-284
"LARP6",2.03079428782689e-288,-1.30086819336536,0.183,0.502,5.2215782728605e-284
"RPAIN",2.75273258247763e-288,-1.27707028436022,0.297,0.611,7.07782601606648e-284
"EBF4",4.88582880861012e-288,-2.29989247310442,0.025,0.193,1.25624430326983e-283
"ECHDC2",6.78700907800816e-288,2.30765197457365,0.595,0.335,1.74507577413746e-283
"TMPPE",1.09722766325736e-287,-2.44231788644137,0.026,0.195,2.82119176776733e-283
"SH3BP1",1.87237580281279e-287,-1.94401131176805,0.045,0.246,4.81425266419224e-283
"RALA",2.43420818660181e-287,-1.06079975652191,0.486,0.745,6.25883608939058e-283
"ZNF280B",3.88298475751717e-287,-2.78111302530695,0.018,0.172,9.98393040852814e-283
"GALNT14",4.42155209767749e-287,-3.86681130246928,0.007,0.132,1.13686947535484e-282
"AKIRIN2",5.55987238445141e-287,-1.20472701430374,0.326,0.644,1.42955438749015e-282
"NOTCH4",1.01035525429614e-286,-2.68291707447114,0.019,0.173,2.59782542984623e-282
"VPS35",1.25255251018948e-286,-1.06339880141565,0.491,0.738,3.22056301419918e-282
"ERVMER34-1",1.32002494979722e-286,-3.26775649277882,0.018,0.168,3.39404815091862e-282
"CCDC58",2.0375728438102e-286,-1.06416574610109,0.482,0.751,5.2390072960048e-282
"PPP2R1A",2.73049331682827e-286,-0.876556579414094,0.618,0.826,7.02064441622885e-282
"ABHD17B",3.62654449722975e-286,-1.78282215624215,0.126,0.393,9.32457121127714e-282
"MRPL32",5.10131600076461e-286,-0.973160169021328,0.547,0.772,1.3116503701166e-281
"HP",6.83561452158577e-286,5.28685790055678,0.521,0.248,1.75757320579013e-281
"RYR1",7.38529683712393e-286,-2.90274700080051,0.011,0.147,1.8989075227613e-281
"UGT2B10",1.08980129316402e-285,7.29050794657328,0.318,0.004,2.80209708498333e-281
"USMG5",1.86206287121353e-285,-0.449673858159708,0.963,0.994,4.78773605446422e-281
"CENPV",2.14712861862347e-285,-1.45741794696237,0.288,0.587,5.52069710420466e-281
"KIAA1462",3.17103597032731e-285,-2.15881537455226,0.088,0.324,8.15336768690558e-281
"RPL35",6.19156936436532e-285,-0.438293237735834,0.99,1,1.59197631496561e-280
"CPNE2",1.19764685166883e-284,-1.83321295293704,0.051,0.256,3.07938958501091e-280
"SCARA3",1.6293303045347e-284,-2.11129737773305,0.053,0.261,4.18933407901963e-280
"CEP78",4.24142028274041e-284,-1.7512180634856,0.122,0.385,1.09055398309821e-279
"LAMP2",6.71040064016984e-284,1.41006390337466,0.769,0.631,1.72537821260047e-279
"PPP2R2C",9.57588730663272e-284,-2.52897861492366,0.019,0.174,2.4621521442814e-279
"TSPYL2",1.41839819050806e-283,-1.45375224957956,0.161,0.447,3.64698542743432e-279
"UBE2T",1.9547547971099e-283,-1.27929570672636,0.308,0.629,5.02606553432898e-279
"TYW1",2.09855064826788e-283,-1.66273007519586,0.166,0.447,5.39579342682638e-279
"NDUFB9",2.34892742537699e-283,-0.548517855784844,0.91,0.979,6.03956219612931e-279
"HSPA14",2.46751960890038e-283,-1.19367326789236,0.345,0.65,6.34448641840466e-279
"CYP4A11",3.51070479112591e-283,7.71977462350147,0.314,0.003,9.02672415894295e-279
"EIF4H",5.74537726053965e-283,-0.974263152680636,0.57,0.781,1.47725140122996e-278
"SH3GL1",9.14316229978502e-283,-1.58407679070978,0.16,0.443,2.35088989052072e-278
"C3",1.16223738433387e-282,1.86567825812809,0.764,0.622,2.98834476259924e-278
"FZD9",1.20458409600823e-282,-3.5642651825278,0.008,0.133,3.09722662765637e-278
"UNC93A",1.22321825773244e-282,-1.82930493881082,0.101,0.355,3.14513878428164e-278
"CSTA",4.05751815722673e-282,2.73414041027283,0.442,0.105,1.04326906858614e-277
"TMC6",1.04602089373862e-281,-1.4673733693234,0.09,0.34,2.68952892198074e-277
"GADD45GIP1",1.81137871072287e-281,-0.802843599818047,0.676,0.884,4.65741694101065e-277
"TMED2",2.90459007103242e-281,0.870288808374876,0.903,0.868,7.46828199063855e-277
"DDX18",3.03351835015668e-281,-0.900179727953635,0.65,0.82,7.79978238192285e-277
"TAX1BP3",4.07851716399403e-281,-0.887746692822834,0.264,0.609,1.04866833320615e-276
"DLG5",4.5952417744294e-281,-1.82425552418742,0.068,0.29,1.18152856504129e-276
"FAM118A",6.57286176332736e-281,-1.46823451462258,0.134,0.409,1.69001421658673e-276
"SMYD3",7.69388944745598e-281,-1.33891552213573,0.282,0.589,1.97825285472988e-276
"ETV4",9.15507445924238e-281,-1.53147449901246,0.145,0.427,2.3539527449604e-276
"TFF3",1.05335549489086e-280,1.43133259225861,0.201,0.576,2.70838764846338e-276
"CDH2",1.63472387583547e-280,3.28469901962075,0.385,0.057,4.20320202954817e-276
"CSNK1E",1.87583449702993e-280,-1.42486528457945,0.211,0.507,4.82314565876336e-276
"F13B",2.56095603062495e-280,6.46810469531903,0.313,0.004,6.58473014594288e-276
"MIR503HG",3.14457569085547e-280,-3.95358970330924,0.005,0.119,8.08533301632758e-276
"POLR2J",3.38089701181911e-280,-0.636176064983982,0.805,0.916,8.69296239678929e-276
"ZNF574",3.51014054660747e-280,-1.72554856187425,0.117,0.377,9.02527337343712e-276
"IMPDH1",3.91081627956362e-280,-1.65024422547074,0.156,0.437,1.0055490818014e-275
"SLC25A3",4.39297766421939e-280,-0.55461166972378,0.892,0.963,1.12952241702409e-275
"APEX1",6.52174657170619e-280,-0.849147430275599,0.671,0.846,1.6768714785171e-275
"KLHL7",1.06311688256068e-279,-1.28559687926889,0.255,0.567,2.73348612844001e-275
"ZNF812P",1.48959479425032e-279,-2.14955498049603,0.045,0.24,3.83004613497643e-275
"HPGD",1.54067381331869e-279,3.8419781685499,0.336,0.017,3.96138050880501e-275
"TXNRD2",2.99086456454111e-279,-1.24457835436781,0.317,0.626,7.69011096834811e-275
"SEMA4C",3.76214696615661e-279,-1.89056567057698,0.051,0.255,9.67323227938188e-275
"ANXA4",9.55206189895407e-279,-0.639708094757653,0.71,0.888,2.45602615545907e-274
"SOAT2",2.52117705150621e-278,-2.10276543351269,0.056,0.262,6.48245043483278e-274
"ZNF821",2.60421515806282e-278,-2.01200366867701,0.065,0.282,6.69595801441111e-274
"CTSS",4.79612555962074e-278,1.89216697101875,0.503,0.163,1.23317980388968e-273
"MRC2",5.4698321773528e-278,-3.21960906034959,0.012,0.148,1.40640324944095e-273
"PHC1",1.4289570701862e-277,-2.13331823439967,0.038,0.222,3.67413441886275e-273
"TYMS",3.39635350110205e-277,-1.24169635367565,0.272,0.591,8.73270412203358e-273
"ASB2",4.18337787676484e-277,-2.9136420869516,0.015,0.159,1.07563011967378e-272
"MCF2L-AS1",6.25650992138287e-277,-2.42221301988661,0.052,0.25,1.60867383098596e-272
"HES1",7.74221778851539e-277,-0.674350413922279,0.596,0.855,1.99067903778308e-272
"CLSTN3",1.04224496235174e-276,-1.59828727118897,0.141,0.413,2.6798202471988e-272
"POLR3K",5.25628338941938e-276,-1.21201965534069,0.344,0.64,1.35149558508751e-271
"TLCD1",7.81142283042777e-276,-1.51084747473934,0.225,0.529,2.00847303815959e-271
"PFDN2",9.69248385691732e-276,-0.589092915076843,0.806,0.951,2.49213144929058e-271
"TSC22D1",1.10872765501411e-275,-0.840577765263189,0.638,0.826,2.85076054657229e-271
"COL7A1",1.11046397466501e-275,-2.24495840809763,0.031,0.202,2.85522497165868e-271
"CRNKL1",1.17776162812388e-275,-1.26130406547765,0.286,0.59,3.02826069823212e-271
"NEFM",1.56602751294044e-275,-3.03567308338264,0.015,0.156,4.02656994127247e-271
"WDR46",2.00431795950248e-275,-1.20043934300926,0.399,0.68,5.15350233747277e-271
"CDK5RAP1",4.42622982491677e-275,-1.53559654499896,0.244,0.537,1.1380722125826e-270
"NKRF",1.18697763922946e-274,-1.84825013184685,0.092,0.33,3.05195690598678e-270
"SLC29A4",1.30915203235583e-274,-1.35591669300573,0.111,0.373,3.3660917055933e-270
"UFC1",1.47903649246752e-274,-0.686500382584854,0.75,0.897,3.80289862943248e-270
"BRSK2",2.06271099395438e-274,-2.68937617883782,0.013,0.149,5.30364250765551e-270
"QPRT",2.4890315217449e-274,-0.78481899224493,0.705,0.877,6.39979784871048e-270
"RIOK1",3.16067626869018e-274,-1.32444110847895,0.285,0.58,8.1267308220562e-270
"ANXA2",3.4479792556835e-274,-0.57906872375922,0.879,0.983,8.86544426221342e-270
"MTHFD2",3.96781618293123e-274,-1.12899298594809,0.143,0.43,1.02020489695528e-269
"NACA",5.68143801447901e-274,-0.376315199034756,0.978,0.997,1.46081134228284e-269
"THSD1",7.81562016573263e-274,-2.67590595097186,0.025,0.187,2.00955225701317e-269
"MEX3B",1.74195661229575e-273,-2.5889130069935,0.02,0.171,4.47891884153483e-269
"IFITM1",2.55448840630854e-273,-0.892056485228395,0.119,0.391,6.56810059030052e-269
"FCGRT",3.06229686274317e-273,1.58931600249022,0.73,0.573,7.87377769348525e-269
"C7orf26",4.24856330285224e-273,-1.72927220396889,0.123,0.385,1.09239059642937e-268
"ATP1B3",6.74363723409919e-273,-1.02383223569279,0.48,0.753,1.73392400563158e-268
"EGR3",1.93562773976449e-272,-2.97343397437195,0.012,0.144,4.97688604448246e-268
"C7orf49",2.08650160482188e-272,-1.38753164433596,0.274,0.569,5.36481292631802e-268
"UQCC1",2.19809887707292e-272,-1.63556321636269,0.187,0.472,5.6517518327299e-268
"NDUFS3",5.55276806385029e-272,-0.837817971121098,0.651,0.831,1.42772772457719e-267
"LRRC61",5.77928947466517e-272,-1.34357508097046,0.326,0.618,1.48597090972591e-267
"FSTL3",6.72137705079904e-272,-1.54143002776899,0.075,0.305,1.72820046730145e-267
"ANXA11",6.84490893732144e-271,-1.06580811808094,0.486,0.74,1.75996298596409e-266
"SDF2L1",8.85104615530389e-271,-0.679914622072192,0.705,0.916,2.27578098745174e-266
"PPP1R11",1.39658091833895e-270,-0.908604805014955,0.584,0.802,3.59088885723311e-266
"SP100",2.7794795893298e-270,2.2526489504513,0.466,0.138,7.14659792008478e-266
"SOD2",1.20889867308679e-269,1.26629628979312,0.834,0.743,3.10832026824076e-265
"ROR2",1.2222645817478e-269,-3.01365687044577,0.015,0.155,3.14268669258996e-265
"FLOT2",1.85615185518027e-269,-1.42974975996468,0.25,0.539,4.77253765003952e-265
"GPC3",7.47976958447827e-269,-0.726813168491606,0.557,0.903,1.92319835556105e-264
"NAE1",8.62632346168229e-269,-1.06416641838665,0.45,0.719,2.21800028846775e-264
"AQP3",1.36471080020281e-268,-1.29988625036037,0.203,0.5,3.50894440948146e-264
"MIR7-3HG",1.50231280789654e-268,-4.27568345583152,0.004,0.111,3.86274669166359e-264
"PRPF6",1.50653411142922e-268,-1.00128244573271,0.552,0.77,3.87360050730682e-264
"RP11-66B24.2",2.23214705827601e-268,-2.27217370727013,0.024,0.182,5.73929651623927e-264
"IDH3B",2.75233436440309e-268,-0.925568045169338,0.613,0.802,7.07680211775321e-264
"HOXC13",4.08106641680818e-268,-4.05608978161767,0.006,0.118,1.04932379708972e-263
"AMBP",4.92892588454338e-268,0.927699941408472,0.975,0.972,1.26732542343379e-263
"RPN2",5.79172038486426e-268,-0.695684147917312,0.802,0.923,1.4891671453563e-263
"FOXA3",1.01530279651503e-267,-1.32001712922759,0.235,0.538,2.61054655039944e-263
"ACPT",1.42167777676912e-267,-3.44200571952818,0.01,0.135,3.65541789962876e-263
"RPS19BP1",1.78768396449118e-267,-0.714665425488353,0.738,0.865,4.59649300949973e-263
"FKBPL",2.15180050158401e-267,-1.8464586251276,0.117,0.367,5.5327094496728e-263
"NME1",4.22787260059015e-267,-0.542321219100107,0.805,0.948,1.08707060306374e-262
"PPFIA3",4.29056306932686e-267,-1.98386629153052,0.095,0.331,1.10318957638532e-262
"ART5",5.24850326759181e-267,-2.8859072922829,0.018,0.163,1.34949516016321e-262
"PCNA",1.06781781862336e-266,-1.12650433029582,0.506,0.788,2.74557317524439e-262
"WDR12",2.04806150144578e-266,-1.3466703266807,0.277,0.569,5.26597573251738e-262
"TMEM151A",2.11560177297946e-266,-3.46398064262922,0.01,0.135,5.43963527868478e-262
"CYP2C9",1.15835564720447e-265,8.28310408615598,0.307,0.01,2.97836404009213e-261
"TP53I11",1.46468322590993e-265,-2.05002901322916,0.051,0.249,3.76599351045962e-261
"KCTD15",1.5517685451904e-265,-2.81001630830612,0.018,0.162,3.98990728339355e-261
"SUMO2",4.53369367374529e-265,-0.46795271005654,0.929,0.985,1.16570331739339e-260
"SLC30A8",1.09248579394343e-264,-2.36189305951956,0.035,0.209,2.80899947338735e-260
"CD320",2.74384693265596e-264,-1.22381971124456,0.371,0.658,7.05497923324499e-260
"POLR2H",5.02951564597167e-264,-0.908658670062479,0.586,0.807,1.29318906289224e-259
"HPN",6.70924206676051e-264,2.10989686641952,0.583,0.321,1.72508032020546e-259
"CSRP2",7.29082350584781e-264,-1.03941988208958,0.443,0.721,1.87461653982359e-259
"NDUFA9",8.91422598961805e-264,-0.911461819148072,0.578,0.79,2.29202578645059e-259
"ZFAS1",1.71134573136807e-263,-0.644075858216306,0.684,0.899,4.40021214449357e-259
"MAF1",1.8345096739645e-263,-0.904180085371191,0.54,0.8,4.71689127369752e-259
"YIPF3",2.00950435640147e-263,-0.804440122055083,0.69,0.833,5.16683760117946e-259
"DYRK4",2.33529709728755e-263,-1.46451316095191,0.189,0.472,6.00451589654575e-259
"TTPA",3.38390834886455e-263,5.20661144388471,0.323,0.024,8.70070514660052e-259
"SPESP1",7.59675139321409e-263,-1.32633124571309,0.247,0.55,1.95327671822321e-258
"HFE2",8.20561877949112e-263,5.75692625817329,0.31,0.012,2.10982870058276e-258
"SLCO1B1",1.00848985217796e-262,6.52367215463078,0.3,0.005,2.59302910791996e-258
"COL26A1",5.35149699971713e-262,-3.13872942735571,0.022,0.17,1.37597690856727e-257
"ACAT1",1.47073372889187e-261,1.63047466700875,0.706,0.561,3.78155056372678e-257
"SPOCK1",4.1920766229406e-261,-3.35354753852365,0.011,0.135,1.07786674129049e-256
"UBE2L3",8.11163331651362e-261,-0.693781431384221,0.745,0.887,2.08566315834198e-256
"MSI1",9.72574566575091e-261,-2.1747591812967,0.045,0.23,2.50068372557787e-256
"RP11-505E24.2",1.07036972182273e-260,-2.95430636345353,0.014,0.147,2.7521346287506e-256
"LAD1",1.57410930862253e-260,-1.35135618774342,0.151,0.425,4.04734985433025e-256
"MNX1-AS1",3.84081231728712e-260,-4.31020473091579,0.005,0.114,9.87549663020864e-256
"HN1L",4.02642161466213e-260,-1.22417910382747,0.295,0.592,1.03527352556193e-255
"MICU2",4.34079934567136e-260,-1.30522108468687,0.271,0.572,1.11610632775902e-255
"OAT",6.48566768997547e-260,-0.91762433590319,0.265,0.594,1.66759487644649e-255
"SEC61G",9.97027138537337e-260,-0.43664705430883,0.941,0.989,2.5635561786072e-255
"CTD-3193K9.4",1.25662115923109e-259,-3.07655719784912,0.014,0.149,3.23102432461499e-255
"ITPA",1.30182377428805e-259,-0.943033551653607,0.542,0.774,3.34724928844944e-255
"SEPHS1",1.58303148069401e-259,-1.12304539664802,0.327,0.622,4.07029054316044e-255
"KRBOX1",2.22178454536963e-259,-1.85908146037894,0.036,0.212,5.71265242305438e-255
"MED4",2.45910714097873e-259,-0.895547125537219,0.557,0.786,6.32285628088451e-255
"RIBC2",5.23350410301491e-259,-2.51968080712035,0.033,0.201,1.34563857496719e-254
"PTP4A3",1.01537568263407e-258,-1.46775810185764,0.062,0.272,2.61073395518872e-254
"SLPI",1.48801918612978e-258,2.14220962514287,0.525,0.245,3.82599493137689e-254
"NUP50",1.5442638813049e-258,-1.22636116905448,0.252,0.546,3.97061129161116e-254
"CCNB1",3.24915511048016e-258,-0.787787439146476,0.234,0.551,8.3542276200666e-254
"LECT2",3.28913231370342e-258,9.26042052596697,0.289,0.001,8.45701700499422e-254
"C21orf59",5.47538017981253e-258,-1.11908469499699,0.43,0.69,1.4078297518334e-253
"PTPRA",6.15467942280531e-258,-1.31766021374375,0.274,0.567,1.5824911731917e-253
"MCM7",6.37330766228772e-258,-1.0139163004309,0.394,0.703,1.63870486612742e-253
"CECR5",6.50883620243957e-258,-1.1322771603329,0.371,0.657,1.67355196437126e-253
"CCDC74A",6.52843123371293e-258,-3.02465457781782,0.015,0.149,1.67859023881227e-253
"SYNGR3",7.05352430811956e-258,-3.21981395870551,0.011,0.136,1.8136021701037e-253
"GSTT2B",7.71513138165311e-258,-1.980500315405,0.058,0.259,1.98371458085065e-253
"FUT11",8.97714167171026e-258,-1.68059921150766,0.077,0.299,2.30820266663014e-253
"SPATA33",1.36633130816912e-257,-1.64337417877636,0.111,0.355,3.51311105956444e-253
"ZDHHC16",1.44954395070385e-257,-1.47420137258758,0.213,0.501,3.72706740604973e-253
"EIF4A1",2.34089743103797e-257,-0.781543273817929,0.643,0.833,6.01891547468483e-253
"CD83",6.78819629336379e-257,-1.15582271227524,0.157,0.435,1.7453810309497e-252
"KDELC1",7.96083243001348e-257,-1.83554798350332,0.068,0.281,2.04688923440507e-252
"DEF6",1.01191807037481e-256,-1.57750402177982,0.07,0.285,2.6018437425477e-252
"MAFK",1.21250722595354e-256,-1.41700632026587,0.127,0.384,3.11759857937175e-252
"SPINK1",1.3558068195373e-256,3.0783595489202,0.632,0.457,3.4860504943943e-252
"ALCAM",1.36251789864519e-256,3.6083438436413,0.319,0.019,3.5033060209965e-252
"HOXB13",1.5729869919255e-256,-3.07796942082404,0.018,0.158,4.04446415363886e-252
"CYS1",1.78210020521945e-256,-2.95015822916809,0.01,0.134,4.58213604766024e-252
"LAMA5",2.25673937710063e-256,-1.76323652214785,0.074,0.291,5.80252828640115e-252
"ITIH5",2.31085689579448e-256,-1.56510658338974,0.044,0.231,5.94167525046676e-252
"PPP1R16A",2.48475344728852e-256,1.6095040866338,0.757,0.677,6.38879806366825e-252
"KCNE4",3.96066370790549e-256,-2.0440085723153,0.025,0.181,1.01836585257666e-251
"MED6",8.8843160031411e-256,-1.27603708614609,0.286,0.578,2.28433533072764e-251
"CYB5B",2.04698520052799e-255,-1.03897530344752,0.461,0.736,5.26320834759756e-251
"CBX3",3.39298089910224e-255,-0.596673301230473,0.766,0.897,8.72403248777168e-251
"PHF21B",3.78971625475632e-255,-4.00077911911785,0.004,0.109,9.74411843422945e-251
"ERRFI1",4.14852004732414e-255,1.97536961193696,0.687,0.541,1.06666747456798e-250
"DNAJB11",4.2186052228375e-255,-0.678032409730037,0.766,0.895,1.08468777489598e-250
"PARD3",5.01425076368734e-255,-1.45167781644305,0.221,0.497,1.28926415635929e-250
"PNP",1.10364238294093e-254,-1.33609930393922,0.199,0.481,2.83768529501771e-250
"GPAM",1.28748024912062e-254,5.30448624760602,0.313,0.021,3.31036921653893e-250
"MAD2L1BP",1.39103742588689e-254,-1.34895658513263,0.264,0.549,3.57663542944037e-250
"MRPL10",2.59347463840374e-254,-1.07374089949154,0.416,0.7,6.6683419902637e-250
"CYP4F11",2.73710359338882e-254,4.53593111628759,0.341,0.044,7.03764075932132e-250
"ZNF556",3.93750792799147e-254,-1.7362494366525,0.033,0.201,1.01241203844517e-249
"NPB",1.28345501470063e-253,-1.85379379146619,0.095,0.326,3.30001953379825e-249
"BEX5",1.56828545763797e-253,-1.33698639029842,0.153,0.426,4.03237556867876e-249
"PRDX5",2.88019414857913e-253,-0.4693531854312,0.917,0.977,7.40555519482667e-249
"CIRBP",3.69606490231641e-253,-0.666894208639273,0.727,0.874,9.50332207683595e-249
"AMD1",4.01430958594072e-253,-0.921520831903631,0.515,0.762,1.03215928073708e-248
"ZNF77",4.22739225225545e-253,-2.36682790373494,0.036,0.208,1.08694709589992e-248
"DPEP3",9.08804332950255e-253,-3.70332646705872,0.007,0.119,2.3367177008817e-248
"ZSCAN18",1.98594316316312e-252,-1.68545543497745,0.134,0.389,5.10625706112503e-248
"EIF1",2.39195900140602e-252,-0.345712479558846,0.996,1,6.15020498441515e-248
"SYBU",3.22861612692546e-252,5.03053449226752,0.317,0.025,8.30141778555075e-248
"GSPT2",4.53948977831225e-252,-1.50261922092235,0.105,0.351,1.16719361179965e-247
"ZNF677",6.65278429631455e-252,-1.89870555681886,0.063,0.268,1.7105638982684e-247
"SLC52A2",7.5349857570024e-252,-1.26430335255632,0.323,0.611,1.93739553784046e-247
"SNRPD2",7.90691579312742e-252,-0.519824160908282,0.931,0.986,2.03302618872892e-247
"NEO1",1.14900633885788e-251,-1.70906015500958,0.078,0.296,2.95432509847138e-247
"DTX3",1.26916639589197e-251,-1.7716144165514,0.056,0.255,3.26328063711743e-247
"BRPF3",1.28034577035045e-251,-1.63215921044684,0.112,0.354,3.29202504472508e-247
"CHMP4B",1.38949302877346e-251,-0.891611452702167,0.589,0.782,3.57266447558232e-247
"VWA9",1.48552623194462e-251,-1.50441230511577,0.174,0.446,3.81958504757601e-247
"PA2G4",2.78201153509215e-251,-0.636525028515151,0.79,0.918,7.15310805902894e-247
"NCBP2",1.04339223031507e-250,-0.950908623377649,0.523,0.759,2.68277010258611e-246
"FOXM1",1.20942173654224e-250,-1.93278574483081,0.1,0.328,3.1096651689974e-246
"SLC5A5",1.40613920765586e-250,-3.34645741505744,0.008,0.121,3.61546513072474e-246
"GPANK1",2.31359206956273e-250,-1.23304456628628,0.377,0.643,5.9487079292597e-246
"SERPINB6",3.23681653103602e-250,-0.949016397476692,0.555,0.772,8.32250266459982e-246
"CAMK2B",4.48315114701954e-250,-3.62909186416256,0.009,0.125,1.15270782292166e-245
"MAPK8IP1",4.64091084148343e-250,-2.44070942988771,0.035,0.202,1.19327099556222e-245
"HMX2",5.0747208033016e-250,-3.85635368857297,0.006,0.112,1.30481221294491e-245
"POLR2D",5.44437078674884e-250,-1.42730727901318,0.241,0.525,1.39985661668886e-245
"PICK1",7.06821890229891e-250,-1.51687443690705,0.124,0.375,1.8173804441591e-245
"CSNK2A2",9.99768935953138e-250,-1.34511156671479,0.175,0.45,2.57060588812271e-245
"DNAJC1",4.70445205607871e-249,-0.988194038386988,0.542,0.757,1.20960871265896e-244
"LTV1",7.57468601116197e-249,-1.27420398826891,0.345,0.62,1.94760326718997e-244
"RDH16",8.9970002292432e-249,5.84683700221569,0.298,0.012,2.31330869894301e-244
"RP11-469A15.2",9.389635602282e-249,2.07281492504179,0.319,0.019,2.41426310605875e-244
"TOMM34",1.03460694601042e-248,-1.44978413729993,0.244,0.525,2.66018137958198e-244
"TMEM198",1.07336829252173e-248,-1.87972754693708,0.048,0.234,2.75984455373187e-244
"FETUB",1.20787949253082e-248,4.63892321199872,0.322,0.031,3.10569975119525e-244
"PHB2",2.20447720706265e-248,-0.835063253608614,0.618,0.813,5.66815179479948e-244
"FAM188B",2.97403030993727e-248,-2.23498515482407,0.039,0.21,7.6468267329107e-244
"MB21D2",9.06972192157305e-248,-2.92395769611156,0.015,0.147,2.33200690047486e-243
"PRG4",1.37626608378428e-247,2.33760328591502,0.333,0.032,3.53865535462615e-243
"SLC39A5",1.94634868871302e-247,-1.1832535600335,0.309,0.611,5.00445174841892e-243
"TRAPPC2P1",3.92748260287726e-247,-1.301598685205,0.249,0.534,1.0098343268518e-242
"CREB3L3",4.05775222821427e-247,-0.950547791563933,0.416,0.702,1.04332925291845e-242
"NOL7",4.30384616000397e-247,-0.861206588400069,0.588,0.817,1.10660492466022e-242
"IGF1R",4.61597172373939e-247,-2.02672980499176,0.024,0.174,1.18685864960787e-242
"SPTLC2",6.06491017320255e-247,-1.57099700804174,0.121,0.368,1.55940970373384e-242
"C20orf27",1.01533322884962e-246,-1.11499310096596,0.444,0.704,2.61062479801814e-242
"EPHB3",1.03321937116051e-246,-4.19295704377823,0.005,0.109,2.65661364712789e-242
"RIT1",1.53870154053776e-246,-1.0413954441624,0.315,0.613,3.9563094010307e-242
"POLR1D",1.76731039159196e-246,-0.810941127267624,0.606,0.806,4.54410847886124e-242
"YWHAG",2.37177800925266e-246,-1.05970824481476,0.458,0.708,6.09831561739043e-242
"OSGIN1",3.46793192821392e-246,2.68422958534556,0.528,0.278,8.91674657382363e-242
"EGFR",4.17802459568975e-246,-1.39135208433556,0.278,0.554,1.07425368404375e-241
"SLC19A3",4.29495662267582e-246,-1.59223153334809,0.072,0.285,1.10431924682241e-241
"SLIRP",4.65213334976636e-246,-0.528396348034752,0.894,0.957,1.19615652689193e-241
"OAZ2",5.75859005990183e-246,-0.916744524693917,0.538,0.758,1.48064867620196e-241
"ENTPD6",6.7292872049124e-245,-1.34281050463081,0.242,0.522,1.73023432612708e-240
"NDUFA7",7.93397284457556e-245,1.63108002745083,0.629,0.401,2.03998309779727e-240
"CLIP2",9.1698935882419e-245,-1.78296959904898,0.049,0.235,2.35776303940876e-240
"FHL2",9.31294680566074e-245,-1.09201322580644,0.123,0.383,2.39454488267149e-240
"NPPC",9.66551753658304e-245,-3.30602486967301,0.007,0.118,2.48519786900623e-240
"PLIN3",1.28458614481336e-244,-1.05715461542858,0.367,0.658,3.30292789554411e-240
"BDH1",1.40504791902606e-244,3.9326406452113,0.335,0.043,3.6126592093998e-240
"TBRG4",2.11818222504169e-244,-1.10876766859665,0.413,0.672,5.44627013702718e-240
"RP9",2.41760942508678e-244,-1.54987717200549,0.195,0.468,6.21615735378312e-240
"BLOC1S5",4.39352049729888e-244,-1.49906335492864,0.168,0.434,1.12966199026549e-239
"BUB3",4.80357794074629e-244,-0.828438789482066,0.586,0.805,1.23509596012469e-239
"ADAMTS9",5.93705620479145e-244,-2.05690586325924,0.028,0.184,1.52653589137598e-239
"PPIF",6.34928130116027e-244,-1.20255192875527,0.344,0.628,1.63252720815433e-239
"PRRC2A",6.49817557376002e-244,-1.31383820566744,0.297,0.567,1.67081090352518e-239
"TMEM185B",1.02500917344976e-243,-1.70340382930735,0.131,0.377,2.63550358677402e-239
"PRPF19",1.19983085727537e-243,-1.1647480201561,0.372,0.646,3.08500510022644e-239
"AOX1",1.32513864389279e-243,3.73740422710076,0.366,0.076,3.40719648117714e-239
"SMPDL3A",1.70147105987694e-243,2.59188479097841,0.418,0.113,4.37482238915558e-239
"SF3B3",1.86711457945762e-243,-1.29380024081672,0.212,0.488,4.80072500670143e-239
"PYCR1",2.78539674211228e-243,-0.93979151222492,0.251,0.576,7.16181210331908e-239
"MAP3K8",3.30517010537799e-243,-1.24981034328202,0.143,0.404,8.49825337494789e-239
"EEF1E1",3.97576803217642e-243,-1.02417352921138,0.495,0.736,1.0222494764332e-238
"RP11-262H14.4",9.50719000930506e-243,-2.09456864086346,0.038,0.207,2.44448869519252e-238
"ACTR3B",3.5011521769228e-242,-1.85513717470968,0.097,0.323,9.00216247730391e-238
"RUNDC3A",3.50632136526768e-242,-3.39779830769807,0.007,0.115,9.01545349437626e-238
"NEU4",4.30575015856018e-242,-1.54900030139935,0.161,0.424,1.10709448076899e-237
"WFS1",5.19822754930573e-242,-1.72707003862745,0.112,0.349,1.33656826747749e-237
"EMILIN2",1.1101847592725e-241,-2.19087785697567,0.021,0.161,2.85450705304144e-237
"GLRX",3.72220096529262e-241,1.98922097882981,0.581,0.338,9.57052312196039e-237
"MRPS15",3.98008882792331e-241,1.14381422042941,0.777,0.702,1.02336043943564e-236
"SFT2D1",6.36848933253018e-241,-0.809046717274979,0.428,0.72,1.63746597718016e-236
"RBM38",8.61080789784483e-241,-1.59875634267835,0.076,0.287,2.21401092669386e-236
"NGDN",9.17772264299837e-241,-1.09409655168063,0.393,0.658,2.35977604596774e-236
"CFHR5",1.4209232181049e-240,5.90777965825507,0.282,0.006,3.65347777839132e-236
"SLC12A5",1.67638915070341e-240,-1.59164992389854,0.095,0.321,4.31033178428862e-236
"SRM",2.00895377591477e-240,-1.19702471294167,0.32,0.61,5.16542194863205e-236
"CLPP",2.54395394230705e-240,-1.02294184087112,0.477,0.724,6.54101437645988e-236
"LRWD1",2.69034609902794e-240,-1.48508718735621,0.185,0.452,6.91741788982064e-236
"UBE2D1",3.07938844861941e-240,-1.04922403421124,0.332,0.633,7.91772357909023e-236
"TMEM45B",3.5709532059946e-240,3.28994159351119,0.348,0.054,9.18163488325331e-236
"CYP4F3",3.77867869922871e-240,3.42501201890451,0.381,0.091,9.71573867145686e-236
"DPH3",7.76183592037098e-240,-0.92932740100831,0.518,0.753,1.99572325184579e-235
"MPG",2.3377094241879e-239,-1.15736988636848,0.394,0.665,6.01071847147194e-235
"FAM188A",2.45890480188877e-239,-1.27813150766478,0.144,0.402,6.32233602661642e-235
"SLC16A9",2.56466467577606e-239,-2.03664203847434,0.047,0.227,6.5942658143554e-235
"ZNF701",5.2198661670582e-239,-1.79295472785635,0.053,0.239,1.342131988874e-234
"SRPK3",7.20279387252501e-239,-3.54240218479502,0.009,0.12,1.85198236050363e-234
"CPN2",1.24338739358947e-238,4.65344035915067,0.302,0.021,3.19699766639724e-234
"PLEKHJ1",1.35718727428921e-238,-1.03772649395884,0.446,0.691,3.48959991965242e-234
"EVA1A",1.50363257540282e-238,3.73820272581322,0.34,0.052,3.86614007787572e-234
"SP8",2.5540713094873e-238,-3.58229928895875,0.011,0.129,6.56702815095374e-234
"ELAVL1",2.63217538048258e-238,-1.0852787707856,0.415,0.682,6.76784933829681e-234
"MICA",2.64812032579636e-238,-1.36380552779506,0.227,0.505,6.8088469816876e-234
"WDR73",3.55216456338637e-238,-1.49410920525791,0.171,0.433,9.13332552537903e-234
"ELOVL4",5.73151303959897e-238,-3.41509182635445,0.007,0.115,1.47368663274169e-233
"ATP2B1",7.22144545071993e-238,-1.21630966636762,0.396,0.634,1.85677805428911e-233
"FAM126A",2.02363079353104e-237,-1.38433265289442,0.171,0.434,5.20315949632701e-233
"GTSE1",2.27547881720089e-237,-1.61446848315439,0.112,0.348,5.85071113478693e-233
"ACY1",2.45526373118756e-237,3.43828313406944,0.375,0.086,6.31297410562946e-233
"PGP",3.21252703136256e-237,-1.22215405304057,0.359,0.634,8.26004950303941e-233
"LINC00221",3.66389610420791e-237,-1.52214111312576,0.125,0.374,9.42060966313938e-233
"TMEM170A",3.67152764155202e-237,-1.18860467976096,0.257,0.536,9.44023187195857e-233
"UBA52",5.25430057348845e-237,-0.300857871956164,0.986,1,1.35098576345535e-232
"C7orf50",1.05233699761727e-236,-0.943043789613221,0.548,0.76,2.70576888827353e-232
"ISX",1.23862836148542e-236,-2.71455609426736,0.025,0.171,3.1847612430513e-232
"IFT57",1.55611012988456e-236,-1.22157835061021,0.246,0.529,4.00107036595917e-232
"STARD7",2.50573973060213e-236,-1.15648973066566,0.381,0.644,6.44275799532419e-232
"WBSCR16",2.54176345229797e-236,-1.29027387066025,0.276,0.556,6.53538218854855e-232
"TRMT12",3.69560054062767e-236,-1.7108719323395,0.131,0.37,9.50212811006186e-232
"ORC6",4.05888160138359e-236,-1.64308601460714,0.115,0.349,1.04361963734775e-231
"NGFRAP1",5.46865175396739e-236,-0.634362707384904,0.67,0.927,1.4060997389801e-231
"CHORDC1",7.17348524668047e-236,-0.995385896346529,0.431,0.697,1.84444652662648e-231
"LRRC75B",8.6772201314765e-236,-1.75761045827749,0.073,0.278,2.23108684020524e-231
"SLC39A7",1.65060392725763e-235,-0.981128667093153,0.514,0.737,4.24403281776483e-231
"TSR1",1.92274112005634e-235,-1.25908667672489,0.185,0.456,4.94375196788886e-231
"TMEM14C",3.34818383486329e-235,-0.552673133242745,0.838,0.923,8.60885027620048e-231
"ITGA2B",3.97736545329059e-235,-2.96683986142207,0.011,0.128,1.02266020535008e-230
"ADH4",6.57087388935078e-235,10.4573727304655,0.27,0.002,1.68950309442987e-230
"HDAC10",8.51686852552648e-235,-1.2569290628735,0.15,0.412,2.18985723528337e-230
"AC018890.6",9.13945758090972e-235,-2.03011459703838,0.036,0.199,2.34993733320351e-230
"GTF3A",1.10327074384442e-234,-0.715077156821654,0.693,0.868,2.83672973657278e-230
"HNRNPUL1",1.45169749017791e-234,-1.05102166703239,0.401,0.663,3.73260458674545e-230
"OTUD1",1.46866226206953e-234,-1.467144871016,0.077,0.288,3.77622440823317e-230
"BCAR1",1.84154484566285e-234,-1.31942551001883,0.233,0.508,4.73498010716832e-230
"YKT6",2.60660758755435e-234,-1.41042616398917,0.225,0.498,6.70210942911975e-230
"ASPG",3.08128298659544e-234,-1.88002681227464,0.052,0.236,7.9225948151342e-230
"SLC38A4",4.09647285342292e-234,3.58642699757142,0.356,0.069,1.0532851000721e-229
"EBP",4.62595672802182e-234,1.34378884270015,0.809,0.756,1.18942599390897e-229
"FAM103A1",5.74200769647847e-234,-0.83885937918372,0.582,0.786,1.47638501891854e-229
"PRIM2",1.06050555221401e-233,-1.60668033927559,0.125,0.364,2.72677187585266e-229
"PACSIN2",1.3766740925742e-233,-1.12314402835312,0.326,0.607,3.53970442682679e-229
"CKS1B",2.04222322350026e-233,-0.762305897185542,0.731,0.907,5.25096435226388e-229
"CYP27B1",3.07439503179029e-233,-3.3821264486193,0.01,0.122,7.90488450573919e-229
"TEAD2",4.31947971837237e-233,-1.20500412464728,0.192,0.472,1.1106246251879e-228
"ABCA6",5.86755253118487e-233,6.51473292051449,0.275,0.007,1.50866510681825e-228
"FOXP4-AS1",5.95145223463737e-233,-1.6929721823598,0.077,0.282,1.53023739856996e-228
"SSRP1",6.81731517395737e-233,-1.04907464309326,0.447,0.702,1.75286807752792e-228
"TANGO2",7.29269721459216e-233,-1.57418908876553,0.089,0.308,1.87509830781594e-228
"FKBP5",8.42746075686074e-233,2.09048508381833,0.557,0.314,2.16686870980403e-228
"MFSD10",1.38233124744884e-232,-1.15437567708953,0.253,0.537,3.55425010344046e-228
"ATP1B2",1.46676744194858e-232,-2.72670684401608,0.014,0.137,3.7713524467382e-228
"FAU",3.59173141495608e-232,-0.338637564585225,0.983,0.999,9.23505981413506e-228
"SLC22A7",4.11681475122261e-232,6.10603219519179,0.285,0.015,1.05851540883436e-227
"TFF2",4.52741740778954e-232,0.84701735068965,0.348,0.757,1.16408956389085e-227
"ADAMTS7",5.06555894131011e-232,-3.52989413301925,0.005,0.103,1.30245651498966e-227
"DALRD3",5.74879412114814e-232,-1.40611906048868,0.225,0.498,1.47812994442961e-227
"PDCD6",8.36286982800794e-232,-0.715040011102369,0.679,0.845,2.1502610901774e-227
"OOEP",1.26490297630047e-231,-1.3841288086913,0.061,0.257,3.25231853266377e-227
"HOXC8",1.98239439526124e-231,-2.92921161975474,0.01,0.122,5.0971324690957e-227
"CDC42EP4",2.7301251536217e-231,-1.2438436747804,0.319,0.585,7.01969779499211e-227
"GS1-124K5.4",4.37314609255088e-231,-1.28556353180851,0.231,0.507,1.12442332331668e-226
"IL17RE",6.68835663490342e-231,-1.74238968128079,0.103,0.328,1.71971025796637e-226
"GPX3",8.19072724626861e-231,1.56485548735265,0.765,0.685,2.10599978956058e-226
"PLLP",1.34252368597936e-230,-1.51586590504126,0.079,0.289,3.45189690139014e-226
"REPS1",1.61783832659351e-230,-1.57934472820313,0.158,0.41,4.15978590533723e-226
"COMMD3",2.9073324993767e-230,-0.673259581383997,0.659,0.833,7.47533332239738e-226
"BMS1",4.09854512078411e-230,-1.3014516472089,0.238,0.512,1.05381792145601e-225
"PSME3",8.81613261428794e-230,-1.03634471315966,0.426,0.678,2.26680401778572e-225
"TRIM15",1.03629714391174e-229,-1.62694922799918,0.119,0.351,2.66452721642587e-225
"HRAT92",1.20197670033015e-229,-2.09025911122103,0.028,0.178,3.09052249188887e-225
"HDAC2",1.21769537307174e-229,-0.779314512435536,0.544,0.775,3.13093834324207e-225
"XXYLT1",1.74322985306457e-229,-2.04338606296677,0.062,0.253,4.48219259819962e-225
"RUVBL1",2.9416162263013e-229,-1.0724803722214,0.401,0.67,7.56348364106591e-225
"NUTM2B-AS1",3.17358850529591e-229,-1.27344023379991,0.227,0.503,8.15993076481683e-225
"BAIAP2L2",3.61992802548329e-229,-1.12231221583871,0.108,0.345,9.30755893912262e-225
"DSCC1",3.78038764631866e-229,-2.05537216595925,0.104,0.322,9.72013271621453e-225
"CFDP1",3.94704190949047e-229,-0.593024098248,0.631,0.839,1.01486341576819e-224
"NOL4L",4.50137003000968e-229,-1.24201812322462,0.109,0.344,1.15739226211609e-224
"TAF3",5.09907418683895e-229,-1.18793059070242,0.236,0.514,1.31107395492003e-224
"NPC1L1",6.68194922233803e-229,-2.02674073572395,0.039,0.203,1.71806278404755e-224
"EDEM2",7.18581538717068e-229,-1.14654044929585,0.37,0.636,1.84761685234932e-224
"NUDT21",8.89245932600924e-229,-0.946262201619933,0.412,0.681,2.2864291419035e-224
"LINC00094",1.01826004723517e-228,-1.92368169424396,0.079,0.283,2.61815023345107e-224
"EIF4ENIF1",1.63474608033885e-228,-1.6149623329499,0.079,0.287,4.20325912176725e-224
"SIGIRR",1.70788613984717e-228,-0.893636549629201,0.52,0.754,4.39131684277503e-224
"RNF185",1.87745328498593e-228,-1.45484588538646,0.167,0.425,4.82730788635582e-224
"BRD7",2.67936113931558e-228,-1.29026265588614,0.227,0.496,6.88917336140821e-224
"LINC01419",3.24578908887477e-228,3.89072809642786,0.29,0.016,8.3455729053148e-224
"PP7080",3.77584077567114e-228,-1.52038081313374,0.116,0.351,9.70844180240564e-224
"PI3",4.70216488729642e-228,-1.57551654619155,0.074,0.28,1.20902063582165e-223
"ABCC3",5.88242145408004e-228,2.91127017287235,0.388,0.103,1.51248820427306e-223
"TRIM28",6.17067187981251e-228,-1.08521689063856,0.34,0.609,1.58660315373739e-223
"PDE6B",9.67668681746793e-228,-2.18496596459985,0.018,0.149,2.48806971450735e-223
"OCA2",1.05638311977746e-227,-2.32829264546378,0.022,0.16,2.71617227757179e-223
"LMNB2",1.32083161477032e-227,-1.56289079058965,0.085,0.295,3.39612224789745e-223
"C5",3.04355152963448e-227,2.2213679095003,0.519,0.255,7.82557969299617e-223
"PIGZ",4.59236738445675e-227,-1.58461273849566,0.087,0.3,1.18078950189152e-222
"CPT1C",5.93784385093151e-227,-3.08825250248491,0.012,0.128,1.52673841095151e-222
"SYT14",1.08544641700819e-226,-2.98236078913158,0.009,0.117,2.79089982741146e-222
"SH3BGRL",1.3104414783155e-226,1.93151605402132,0.4,0.094,3.36940712904481e-222
"RPL27",1.84598542309264e-226,-0.305204027168905,0.985,0.999,4.74639771985579e-222
"APLP1",2.16680506806336e-226,-2.33354155482486,0.02,0.154,5.5712891910045e-222
"IFT22",2.41354351153389e-226,-1.0966976875397,0.291,0.573,6.20570307685594e-222
"ZNF560",2.73636140832266e-226,-2.84225403391862,0.019,0.149,7.03573245307923e-222
"ZNF280A",2.76109609120119e-226,-4.08312674334165,0.006,0.108,7.09933026969649e-222
"FAM26F",2.85645493603214e-226,-1.55362418513499,0.077,0.284,7.34451693152584e-222
"DSTN",6.4481773611822e-226,-0.490334134914145,0.869,0.949,1.65795536310717e-221
"PRPF4",6.61027150417012e-226,-1.34226658088432,0.217,0.483,1.69963300915222e-221
"HOXB6",9.49321996253427e-226,-3.53727543872876,0.007,0.11,2.44089671676681e-221
"RPL39",1.12619790921319e-225,-0.394370421188413,0.996,1,2.89568006416895e-221
"BIRC3",1.13855546056482e-225,2.32758908512127,0.451,0.159,2.92745380020428e-221
"F5",1.22866314707952e-225,2.02063978020935,0.536,0.282,3.15913868377087e-221
"C14orf132",1.31696999870625e-225,-2.20954704667099,0.031,0.184,3.38619326067351e-221
"ATP6V1E1",1.41820411281315e-225,-0.853079161460549,0.593,0.796,3.64648641486518e-221
"OGFOD1",1.62907961260728e-225,-1.46184796495879,0.168,0.423,4.18868949993583e-221
"MED20",1.65795971281031e-225,-1.65305125730456,0.132,0.371,4.26294601357788e-221
"FLNA",2.87436397753385e-225,-1.36819189880061,0.106,0.334,7.39056465903505e-221
"DPH7",5.13380490940695e-225,-1.59053271563701,0.118,0.35,1.32000391830672e-220
"UBE2S",5.48322291214803e-225,-0.848621629505247,0.364,0.648,1.4098462751715e-220
"CA11",5.67137266723035e-225,-1.37078643044856,0.136,0.378,1.45822334019827e-220
"CYP2J2",5.72189337485011e-225,3.70715844791208,0.334,0.059,1.47121322454146e-220
"GLIS3",6.3128503728868e-225,-1.86247407954081,0.057,0.241,1.62316008787666e-220
"CTD-3064C13.1",7.80761619506332e-225,-4.41339773686973,0.005,0.102,2.00749427607468e-220
"PDGFA",9.54893830089501e-225,-1.04514137314557,0.161,0.427,2.45522301592613e-220
"EGR1",1.02453815003676e-224,-0.771732217892259,0.543,0.81,2.63429249137451e-220
"APBB1",1.1350016284951e-224,-1.76678707708555,0.071,0.268,2.91831618718661e-220
"AFM",1.18929174116491e-224,6.27934222344476,0.268,0.007,3.05790692488321e-220
"BANF1",1.69403779563918e-224,-0.541971006057216,0.806,0.932,4.35570998014745e-220
"IST1",2.13322042785648e-224,-1.15342297587495,0.283,0.557,5.48493636410457e-220
"TPX2",2.32144077501339e-224,-1.11743382878669,0.201,0.48,5.96888852071444e-220
"XRCC5",2.43614131459771e-224,-0.641133693712391,0.738,0.878,6.26380654809364e-220
"TUG1",2.68653360585348e-224,-1.34585313376451,0.242,0.504,6.90761520737046e-220
"IRF2BPL",3.59244673685341e-224,-1.06034810944007,0.185,0.456,9.23689904979749e-220
"ZDHHC1",3.86041965520716e-224,-2.85599301911003,0.016,0.14,9.92591101746865e-220
"DHRS4",3.86199409393693e-224,2.55378970221274,0.411,0.128,9.92995921433064e-220
"FAM189B",6.15990844379671e-224,-1.46100574223556,0.167,0.421,1.58383565906901e-219
"WBSCR22",9.95299903752941e-224,-0.729055298181616,0.661,0.824,2.55911511252956e-219
"C14orf119",1.05857841430891e-223,-0.936378750060702,0.459,0.708,2.72181681887107e-219
"GSTM3",1.20138237170482e-223,-0.738159441952935,0.54,0.773,3.08899435412743e-219
"POLR2A",1.40895126307816e-223,-1.12989640878012,0.143,0.393,3.62269548762655e-219
"CHST14",5.21131891972887e-223,-1.98914758429406,0.065,0.254,1.33993432064069e-218
"SLC29A2",5.82355632948594e-223,-2.30148115043488,0.027,0.17,1.49735280343743e-218
"ITIH4",6.13863357615249e-223,5.04509100401759,0.283,0.018,1.57836546510033e-218
"PSPH",7.70741548075134e-223,-1.12129517705834,0.335,0.614,1.98173066841078e-218
"F10",8.38884443766342e-223,1.85450979261632,0.639,0.47,2.15693968181202e-218
"WDR54",1.33798672381501e-222,-1.09691993576216,0.198,0.477,3.44023146427316e-218
"NCOA5",1.50046758428482e-222,-1.76271763687114,0.075,0.275,3.85800225271312e-218
"ZNF239",2.01220920511793e-222,-2.52237601276425,0.03,0.179,5.17379230819923e-218
"HOXC11",2.26856173116443e-222,-2.36969366010064,0.023,0.159,5.83292592316997e-218
"AES",2.33258511921846e-222,-0.936541580474982,0.34,0.623,5.99754285853451e-218
"LINC00261",2.57281261711051e-222,-1.1373293986742,0.377,0.649,6.61521580111453e-218
"GPT",3.1024338292107e-222,5.22331581821279,0.279,0.016,7.97697786166655e-218
"HOXA10",3.37961507729542e-222,-1.76128389958478,0.053,0.234,8.68966628674197e-218
"PAPD5",3.6042393350034e-222,-1.40749997954381,0.181,0.432,9.26722017816074e-218
"PREP",6.18289525657027e-222,-1.51851990262203,0.125,0.36,1.58974602836935e-217
"NCF1",1.02103841836194e-221,-1.61878864427692,0.054,0.235,2.62529398129222e-217
"CNN3",1.37593989925551e-221,1.23884880389463,0.771,0.677,3.53781666896576e-217
"CHPT1",2.30175809709251e-221,1.87278420029929,0.586,0.395,5.91828041924426e-217
"AP1S2",3.32953621207994e-221,-1.06062288077265,0.207,0.486,8.56090350849994e-217
"MESDC1",5.70324211005265e-221,-1.30088732606245,0.179,0.438,1.46641761133674e-216
"FKBP14",8.0520579331883e-221,-1.38753225005725,0.113,0.344,2.07034513578137e-216
"HLA-DPA1",9.44909468952608e-221,1.52570285685172,0.599,0.372,2.42955122657095e-216
"C15orf39",1.08013504244459e-220,-1.88066801836385,0.067,0.258,2.77724322113353e-216
"KHSRP",1.16806693940751e-220,-1.24611918242362,0.225,0.49,3.00333371460458e-216
"CYP2E1",2.69944800463989e-220,7.25312700753602,0.374,0.114,6.94082070953009e-216
"TFDP1",4.59066066734277e-220,-1.10716671376614,0.257,0.541,1.18035067078717e-215
"IGFBP5",5.57766586618425e-220,-1.49721919043927,0.037,0.194,1.4341294475133e-215
"KDELR1",7.37330906724039e-220,-0.640629142460812,0.74,0.871,1.89582522736885e-215
"DBI",8.92742697254477e-220,1.15072074562621,0.964,0.979,2.29542002318071e-215
"CDK16",9.1564911479094e-220,-1.20441908434228,0.271,0.543,2.35431700395047e-215
"C12orf57",9.63934143087435e-220,-0.634990903093919,0.725,0.874,2.47846746870641e-215
"NAA11",2.48664990691875e-219,-1.80037093534371,0.091,0.3,6.39367424066948e-215
"PNCK",2.67330335156581e-219,-0.771101141469126,0.104,0.338,6.87359757754602e-215
"SLC6A8",2.93632537806484e-219,-1.09882467310594,0.121,0.36,7.54987981208031e-215
"YARS2",4.28020387932355e-219,-1.49954580709823,0.154,0.399,1.10052602145167e-214
"NUDT15",6.31077513073436e-219,-1.14614499719503,0.241,0.518,1.62262650161442e-214
"PCDH8",6.66000287590065e-219,-3.77585913955802,0.006,0.102,1.71241993945158e-214
"HNRNPA2B1",7.199786478101e-219,-0.440496080066477,0.931,0.975,1.85120909924933e-214
"PANK2",1.14259701862406e-218,-1.30727543844721,0.239,0.507,2.93784545428618e-214
"SVIL",1.15502473415502e-218,-1.37733531193605,0.196,0.455,2.96979959645938e-214
"JAG2",1.16133309338551e-218,-2.42264585628767,0.019,0.148,2.98601964971282e-214
"GLTSCR2",1.21052276490015e-218,-0.755684635758244,0.599,0.841,3.11249613311125e-214
"GLYAT",1.31543977412439e-218,9.97358313669727,0.251,0,3.38225874722863e-214
"FAM57A",1.31990190617942e-218,-2.00767478709764,0.029,0.174,3.39373178116854e-214
"DKK3",1.44999823143864e-218,-2.27495789211889,0.035,0.188,3.72823545267504e-214
"JMJD6",1.67233210762863e-218,-1.05615657271917,0.398,0.651,4.29990031513474e-214
"RP11-736N17.11",2.04864432388799e-218,-2.09608744300951,0.023,0.158,5.2674742855808e-214
"CLDN11",2.7523140290666e-218,-2.62051545315752,0.031,0.177,7.07674983153603e-214
"IPO5",4.78581491606823e-218,-1.21580041122627,0.24,0.512,1.23052873121946e-213
"PAK3",5.75801208208257e-218,-2.45698967632585,0.017,0.14,1.48050006654507e-213
"TNFSF9",5.87084802984391e-218,-2.61364911110057,0.013,0.128,1.50951244543347e-213
"NSMCE4A",7.68823062667186e-218,-1.09170392392324,0.355,0.624,1.97679785872987e-213
"TOR3A",1.31482515929e-217,-1.26406741515828,0.242,0.519,3.38067844956644e-213
"TLE3",1.71956528146384e-217,-1.27706858513451,0.156,0.405,4.42134625169982e-213
"GNAO1",1.89347026863949e-217,-2.30298135244835,0.02,0.151,4.86849075472587e-213
"UGT2B11",1.97915829401807e-217,3.46213888377287,0.278,0.015,5.08881180557926e-213
"RB1",2.26583211385933e-217,-1.07472512701167,0.131,0.375,5.82590753115512e-213
"SYNE1",3.06912263087533e-217,-1.41388909511064,0.1,0.319,7.89132810850666e-213
"SLC6A19",7.7909923401402e-217,-2.49655636149578,0.01,0.116,2.00321995049685e-212
"CXCL12",1.30246291136555e-216,-2.36258873000375,0.023,0.158,3.34889263770309e-212
"KIF19",1.30807141084979e-216,-3.40749152560768,0.006,0.104,3.36331321157697e-212
"TRA2A",1.4305359356192e-216,-0.785800833609524,0.472,0.713,3.67819399766409e-212
"MRPL3",1.65146042255959e-216,-0.806383210636544,0.586,0.784,4.24623503848523e-212
"GBP2",2.76200337623154e-216,2.22301839295528,0.382,0.096,7.10166308096654e-212
"FAM105A",4.13474681387125e-216,-1.16844883966539,0.078,0.284,1.06312610078257e-211
"RGS3",4.91442209057239e-216,-1.36319747478055,0.179,0.431,1.26359620792797e-211
"ABCB1",5.03004181578608e-216,4.59555404898192,0.271,0.013,1.29332435167492e-211
"MAP4K1",5.04350836016346e-216,-1.3824563826249,0.035,0.19,1.29678686956523e-211
"MARK3",6.82389224545338e-216,-1.16722339975184,0.29,0.557,1.75455917415097e-211
"FERMT1",1.06585860753601e-215,-2.0691113039969,0.095,0.301,2.74053565169658e-211
"NUP37",1.39919049851863e-215,-1.09077563002315,0.318,0.593,3.59759860979111e-211
"PIN1",1.42165076201519e-215,-0.848760394353764,0.524,0.753,3.65534843929346e-211
"GMNN",1.46145710468937e-215,-0.781186739836394,0.546,0.776,3.7576985075773e-211
"HSPA12B",2.71615628777672e-215,-3.02964214891226,0.012,0.124,6.98378104713151e-211
"LPIN2",4.28362033431563e-215,2.34714773516096,0.484,0.232,1.10140446035923e-210
"DDX19A",7.67066029836137e-215,-1.42343024099145,0.151,0.394,1.97228017591467e-210
"MLLT11",9.77753034755477e-215,-1.22447048355748,0.132,0.371,2.51399860296328e-210
"DAPK1",9.90713416090954e-215,-1.36838341454577,0.141,0.381,2.54732233545306e-210
"PPM1G",1.27166622993213e-214,-0.912818381446841,0.517,0.753,3.26970821040149e-210
"GNB2L1",1.32480243647806e-214,-0.355100954738151,0.97,0.997,3.40633202467238e-210
"NELFCD",1.33784478274701e-214,-0.921797188494062,0.504,0.733,3.4398665053991e-210
"UHRF1",1.7661420292087e-214,-1.7376942859854,0.074,0.267,4.54110438550141e-210
"LAMP5",2.2997669665968e-214,-2.25699782449025,0.015,0.135,5.9131608245137e-210
"MRPL17",4.15228452406215e-214,-0.931968785340777,0.415,0.68,1.06763539682686e-209
"KLKB1",4.15842679613856e-214,5.22786520317036,0.263,0.01,1.06921469782315e-209
"ABT1",4.41290908157329e-214,-1.01460219935594,0.439,0.681,1.13464718305412e-209
"PTP4A1",4.50301156062466e-214,-0.626310289334725,0.804,0.922,1.15781433246781e-209
"MAGOHB",5.36518318632119e-214,-0.984829645099909,0.406,0.669,1.3794959008669e-209
"AGPAT1",6.51745319758338e-214,-1.18419812740283,0.324,0.585,1.67576756616264e-209
"EEF1A2",7.48739806394974e-214,-1.8321239284762,0.027,0.167,1.92515979020276e-209
"ACAA2",8.53111390522272e-214,1.20499762302815,0.802,0.736,2.19352000731087e-209
"DYNLT1",1.52051791540035e-213,-0.582015515889261,0.758,0.887,3.90955566407737e-209
"MAOA",2.01586295440143e-213,2.0108280811239,0.535,0.289,5.18318682835696e-209
"ADO",2.15127470791056e-213,-1.70702807340999,0.063,0.248,5.53135752897964e-209
"STEAP1",3.14507227415244e-213,2.59574507854408,0.434,0.168,8.08660983130076e-209
"ST6GAL1",3.488694816824e-213,2.68118123981649,0.447,0.196,8.97013211301786e-209
"NCCRP1",5.35148799952376e-213,-3.32314446223069,0.01,0.116,1.37597459443755e-208
"ISL2",5.95885737987364e-213,-3.45132711066364,0.014,0.129,1.53214140951311e-208
"MAPK1IP1L",7.05215390475839e-213,-0.846909178250313,0.463,0.715,1.81324981199148e-208
"LRIF1",9.55549285225088e-213,-1.08790902596187,0.308,0.576,2.45690832217075e-208
"TCF7L2",1.01474884002493e-212,-1.20773739766854,0.253,0.515,2.60912221747211e-208
"HOXB3",1.40683247928921e-212,-2.81740867241484,0.009,0.111,3.61724767074842e-208
"ANGPTL8",1.94357589530844e-212,4.55890646927449,0.296,0.034,4.99732234201706e-208
"LIN28B",3.00077410396678e-212,-2.03995164094927,0.039,0.196,7.71559037611939e-208
"PDCD4",3.04380283322378e-212,-0.838809253023193,0.321,0.613,7.82622584478497e-208
"ELN",4.41628418319365e-212,-2.05713222061417,0.034,0.183,1.13551498918275e-207
"C7orf73",5.25616212346176e-212,-0.570606493866074,0.752,0.877,1.35146440518449e-207
"PRMT1",5.51148483761613e-212,-0.734981502418096,0.576,0.788,1.41711298144786e-207
"MAGEA9",5.96345585806035e-212,-1.52838646320006,0.041,0.204,1.53332377022448e-207
"C8orf4",6.22685154723213e-212,4.20485535830552,0.288,0.029,1.60104806982432e-207
"NR1H4",8.7277280370199e-212,1.82460087100853,0.473,0.185,2.24407343287856e-207
"DNALI1",3.94210503283678e-211,-1.13330569343578,0.215,0.484,1.01359404604299e-206
"MAP9",4.09664075316044e-211,-1.95097655366891,0.023,0.155,1.05332827045261e-206
"DNAJC2",4.15871467900779e-211,-1.01854384113166,0.421,0.664,1.06928871826648e-206
"SDCCAG3",5.27131653725357e-211,-1.50391430594073,0.123,0.347,1.35536090805864e-206
"HENMT1",5.43432335151563e-211,-1.55320771087544,0.044,0.207,1.3972732201417e-206
"ACSL5",7.58356292528666e-211,3.51280187118367,0.304,0.041,1.94988569934971e-206
"WIPF3",7.99339820213782e-211,-1.79772948396717,0.047,0.213,2.05526254573368e-206
"TARBP2",8.81991405708885e-211,-1.26686642132089,0.221,0.483,2.26777630235869e-206
"SPECC1",9.27847450292103e-211,-2.75759929657401,0.013,0.125,2.38568136419106e-206
"FAM86B1",9.32819496401656e-211,-3.36954458017333,0.012,0.12,2.39846548914794e-206
"ARHGEF3",1.06616130045648e-210,-1.57573801730294,0.048,0.216,2.7413139357337e-206
"VAPB",1.24401980332305e-210,-1.24963042839464,0.249,0.511,3.19862371830422e-206
"PIAS4",1.32360888281712e-210,-1.67752004112122,0.109,0.326,3.40326315949937e-206
"MCAM",4.59323797292081e-210,-1.86220443805024,0.026,0.162,1.1810133475974e-205
"ACSM1",8.37798218922081e-210,6.6560962621983,0.252,0.007,2.15414678049245e-205
"HOXA3",9.31228497788735e-210,-2.71725697169287,0.021,0.149,2.39437471351439e-205
"GDPD3",1.07179735271384e-209,-2.80642117035071,0.012,0.122,2.75580535329783e-205
"TPT1-AS1",1.15286464549462e-209,-1.43958381676343,0.101,0.316,2.96424557649578e-205
"CFL1",1.47054999006554e-209,-0.329066302619462,0.958,0.997,3.78107813445653e-205
"ZNF133",2.01429112639141e-209,-1.97391682184159,0.059,0.235,5.17914534417759e-205
"JPH3",3.27893158473282e-209,-3.1631142684693,0.007,0.105,8.43078889066502e-205
"FOXC1",4.0618897775251e-209,-3.4503179468323,0.007,0.103,1.04439309959725e-204
"PTPN20",4.14933839961429e-209,-1.78295171530932,0.06,0.239,1.06687788930883e-204
"RBPMS2",5.78248852763795e-209,-1.5098229754123,0.133,0.368,1.48679345022627e-204
"SLC22A3",8.76652406769376e-209,-1.7839382375878,0.134,0.36,2.25404866828542e-204
"ADGRL1",1.22538410267369e-208,-2.03520348736169,0.026,0.162,3.1507076047946e-204
"SNHG7",1.30625039477488e-208,-0.878526200806638,0.459,0.715,3.35863101504517e-204
"RSL24D1",1.33825753393844e-208,-0.61694379194924,0.75,0.896,3.44092777126251e-204
"SIGMAR1",1.42955655702554e-208,-0.944760595403225,0.506,0.728,3.67567581942407e-204
"AVP",1.45194612034489e-208,-2.63054698246593,0.012,0.121,3.73324386463078e-204
"RMI2",1.89822500198622e-208,-1.9183881589587,0.079,0.271,4.88071612510697e-204
"MRPL47",2.22718986848633e-208,-0.722451965235205,0.678,0.842,5.72655058985206e-204
"HPR",2.95131177951288e-208,4.17752242189148,0.321,0.061,7.58841284748351e-204
"ZNF689",4.92580095574849e-208,-1.64439040390521,0.081,0.278,1.26652194174205e-203
"STRA13",6.21179452669764e-208,1.49161773936048,0.771,0.686,1.5971766087045e-203
"SEPW1",1.44947655753709e-207,-0.571391038771968,0.404,0.705,3.72689412473937e-203
"EIF2B5",1.97892264430947e-207,-1.14240894287019,0.356,0.608,5.0882059030485e-203
"ARPC2",2.85770056217976e-207,-0.431542307584757,0.846,0.941,7.34771968547659e-203
"EMID1",3.48515167722552e-207,-2.00905345283128,0.029,0.17,8.96102199248227e-203
"RHOA",4.17226469791259e-207,-0.510060767242112,0.842,0.935,1.07277269912728e-202
"SMARCC1",4.48729824034465e-207,-1.15770545599158,0.357,0.6,1.15377412355742e-202
"UQCRB",5.25464615506731e-207,-0.383627315875144,0.976,0.999,1.35107461939091e-202
"ZNF669",5.79227108769984e-207,-1.60514879560608,0.087,0.288,1.48930874206938e-202
"JUNB",9.94331656119251e-207,-0.479216031368862,0.618,0.844,2.55662555421382e-202
"RP11-182L21.6",1.03273622432474e-206,-1.82300668253434,0.066,0.248,2.65537137998376e-202
"ATP5G2",1.21744873166701e-206,-0.312485296865278,0.964,0.994,3.13030417886222e-202
"MIDN",1.25312863326399e-206,-1.08607092749069,0.27,0.535,3.22204434184837e-202
"PDK4",1.33751834770998e-206,2.64548979260253,0.575,0.374,3.4390271756319e-202
"CENPBD1",1.42479687171779e-206,-1.63979998250009,0.1,0.309,3.66343771656078e-202
"JAG1",1.79806255831831e-206,-1.61108606832814,0.049,0.215,4.62317844994803e-202
"LINC01287",1.81028169772204e-206,10.1425782174327,0.239,0,4.65459630118291e-202
"TMEM189",2.19183497643075e-206,-1.25212054070478,0.254,0.517,5.63564609139874e-202
"SNX5",2.48583542454937e-206,-0.88973029870224,0.5,0.722,6.39158004360133e-202
"ECD",2.91436544241695e-206,-1.23127596150951,0.158,0.401,7.49341642554247e-202
"SNX6",3.44445442461921e-206,-0.798139270076808,0.522,0.75,8.8563812165809e-202
"PSMC5",4.34764129681622e-206,-0.635046314461949,0.74,0.881,1.11786553023739e-201
"EDF1",5.48391414431312e-206,0.650298042825447,0.933,0.931,1.41002400478579e-201
"APTX",9.32494579184722e-206,-1.17021829940336,0.237,0.497,2.39763006199976e-201
"TMEM98",1.07155464334179e-205,-0.924050730868894,0.441,0.708,2.75518129896042e-201
"EHMT2",1.96550869789378e-205,-1.24953217098918,0.283,0.544,5.05371596402447e-201
"GLYCTK",2.00263709937136e-205,2.00213962090283,0.562,0.361,5.14918050990363e-201
"B4GALT5",2.55635797029416e-205,-1.18241025032517,0.169,0.415,6.57290761322035e-201
"TUFM",3.09466000208509e-205,-0.556876691009451,0.787,0.898,7.95698979736118e-201
"VPS28",3.86648508063228e-205,0.942143105449611,0.817,0.78,9.94150643932172e-201
"HELZ2",4.05942465321532e-205,-1.4089282479814,0.101,0.311,1.04375926683472e-200
"RFC2",5.08098812128943e-205,-1.1020396955672,0.313,0.581,1.30642366574594e-200
"AQP10",5.33770759502091e-205,-2.40241164956873,0.018,0.137,1.37243137683178e-200
"RP11-10C24.1",5.74641775356832e-205,-2.09371421087188,0.028,0.167,1.47751893279749e-200
"PLCB4",5.80111816559585e-205,-3.07687313433268,0.007,0.1,1.491583502738e-200
"SYP",5.93313603713069e-205,-2.12276203163908,0.032,0.175,1.52552793786704e-200
"ACSM5",7.04588597471728e-205,6.11994919688087,0.249,0.007,1.81163820181931e-200
"PYGO2",7.33048092897813e-205,-1.51162549402974,0.136,0.365,1.88481325645886e-200
"RP11-297L17.2",9.66524204518964e-205,-1.26079064690519,0.196,0.451,2.48512703465916e-200
"CLDN7",1.1368082124659e-204,-1.09711782012125,0.39,0.643,2.92296127589233e-200
"DUSP8",1.15739217567447e-204,-1.83006840105204,0.063,0.241,2.97588676209419e-200
"GINS3",2.34801734240391e-204,-2.07829381253968,0.047,0.207,6.03722219078893e-200
"A4GALT",2.70547180334244e-204,-2.19479234105209,0.027,0.163,6.95630910075409e-200
"DEK",2.73828025231693e-204,-0.767608187310395,0.664,0.836,7.04066618475728e-200
"EXT2",2.86783701551146e-204,-1.50632882087219,0.138,0.368,7.37378253428308e-200
"MTHFD1L",3.27763183863703e-204,-1.52099544629705,0.123,0.345,8.42744698350354e-200
"CTSV",3.36125662874747e-204,-1.16785706059396,0.144,0.387,8.64246304383551e-200
"CD7",3.45995184569608e-204,-0.307317966641956,0.225,0.517,8.89622818565377e-200
"ZNF334",3.79677392244489e-204,-2.70822641773306,0.019,0.142,9.7622651093903e-200
"ATP6V0D1",5.99726985284893e-204,-0.810102111988247,0.544,0.761,1.54201802456452e-199
"FNTB",6.10565553291073e-204,-1.80152399149344,0.075,0.264,1.56988615062201e-199
"GATA3",6.89029548203991e-204,-1.57718016281795,0.033,0.177,1.7716327743421e-199
"SEPT7",7.26120991490664e-204,-0.543828331592008,0.688,0.866,1.8670022933208e-199
"UTP14C",7.45952459906119e-204,-1.37670829502272,0.101,0.312,1.91799296491061e-199
"RGS10",7.5085199291761e-204,-1.00291974684879,0.114,0.339,1.93059064418976e-199
"HEXIM1",7.86073877454139e-204,-1.05971114424154,0.298,0.558,2.02115315371008e-199
"RPS14",7.90720060825865e-204,-0.285794653728952,0.995,1,2.03309942039546e-199
"FGFR1",1.00886430610242e-203,-1.85070795267447,0.019,0.141,2.59399190385053e-199
"PFDN4",1.07140435304448e-203,-0.637486812311601,0.645,0.854,2.75479487254798e-199
"RP11-982M15.2",1.10898059483302e-203,-2.61891586804991,0.014,0.126,2.85141090543467e-199
"PDSS1",1.14218599330897e-203,-1.54090280254724,0.168,0.405,2.93678862599603e-199
"HDGF",1.45255445635957e-203,-0.947509248939857,0.485,0.693,3.73480801819172e-199
"SLC51A",1.49207787633311e-203,3.33640652865076,0.328,0.067,3.83643063562769e-199
"HAPLN3",1.6135238450555e-203,-2.07232246480837,0.03,0.169,4.14869251040671e-199
"XAGE5",1.94312135974259e-203,-1.47357955749322,0.055,0.23,4.99615364017014e-199
"DMPK",2.46416302105214e-203,-1.96118109725157,0.035,0.181,6.33585595972926e-199
"MRPS18B",2.68826333647763e-203,-0.700506059902617,0.686,0.826,6.91206269075129e-199
"POLRMT",2.96417843521591e-203,-1.2556055234736,0.201,0.454,7.62149559262714e-199
"FBXL12",3.06106435264613e-203,-1.40700398614495,0.148,0.382,7.87060866352373e-199
"SFMBT2",3.35422892899153e-203,-1.78265099666367,0.021,0.147,8.62439342222302e-199
"TMEM216",3.36438747759638e-203,-1.59260569784302,0.088,0.288,8.65051308239582e-199
"TNFSF12",3.72359558065719e-203,-1.82041090790573,0.045,0.205,9.57410895698577e-199
"HSPD1",4.80147869334515e-203,-0.418677294109703,0.937,0.983,1.23455620163291e-198
"UBFD1",5.04957110163885e-203,-1.4118192649287,0.15,0.384,1.29834572165338e-198
"ARMCX6",5.14904012373922e-203,-1.25860777751033,0.141,0.375,1.32392119661583e-198
"TFAM",6.11094978476715e-203,-1.03851499321601,0.37,0.623,1.57124740865933e-198
"CORO1B",8.62523384974649e-203,-0.788031066298556,0.536,0.748,2.21772012744682e-198
"FHOD1",8.92848757694614e-203,-1.99349352423677,0.026,0.161,2.29569272578439e-198
"FBXO18",1.18682829945936e-202,-1.14643208384056,0.254,0.517,3.0515729235699e-198
"PRKCD",1.35684753561409e-202,-1.54153123870089,0.101,0.31,3.48872638357095e-198
"CARD10",1.87924202669927e-202,-1.4592450322108,0.092,0.296,4.83190709904915e-198
"SNRPF",1.98133849198561e-202,-0.56305929614696,0.801,0.914,5.09441753059341e-198
"MEN1",3.1386448915258e-202,-1.58900945284923,0.14,0.367,8.07008374509113e-198
"PAK6",3.15115056885209e-202,-3.25303742796847,0.007,0.102,8.10223834263249e-198
"SLC44A2",8.79034622806421e-202,-1.50693328456032,0.088,0.29,2.26017382215987e-197
"ARID3B",1.02965934031849e-201,-1.70980332050803,0.054,0.223,2.64746009582691e-197
"ECI2",1.14537356492843e-201,1.18775015248419,0.76,0.681,2.94498451014398e-197
"MGAT1",1.4786234471347e-201,-0.942016459608892,0.462,0.696,3.80183660727274e-197
"RPP30",1.85637267298893e-201,-1.09982173144881,0.334,0.597,4.77310541678913e-197
"TRAPPC1",2.16482947686522e-201,-0.61263145517843,0.62,0.823,5.56620955091585e-197
"IL6",2.46325787048655e-201,-3.28181128537197,0.007,0.1,6.33352863659503e-197
"RP11-352M15.2",2.68971750417835e-201,-1.37156159509206,0.113,0.333,6.91580164674337e-197
"HSD17B13",3.13049743817813e-201,8.51252991209938,0.237,0.002,8.04913501304361e-197
"CDS2",3.22790009564437e-201,-1.16548531163754,0.296,0.553,8.2995767259208e-197
"SNHG15",3.67089579223569e-201,-1.1511405332907,0.221,0.48,9.43860726099642e-197
"MTF2",3.78856107325412e-201,-1.0275014019288,0.339,0.6,9.74114823155101e-197
"ESF1",6.27800785057624e-201,-0.789890296147949,0.54,0.748,1.61420137854016e-196
"SDF2",7.45225052846975e-201,-0.951586009417982,0.49,0.704,1.91612265588014e-196
"GINS2",1.57929842328367e-200,-1.45622739235583,0.172,0.411,4.06069210594698e-196
"TRMT10C",1.74937185906978e-200,-1.01385417912553,0.438,0.666,4.49798492404022e-196
"CHD4",2.60095290736762e-200,-1.09003005965767,0.391,0.616,6.68757011542362e-196
"TRMT61A",3.31030071257392e-200,-1.26746884081181,0.186,0.433,8.51144519217006e-196
"AKAP1",4.28445125912895e-200,-1.21601816690861,0.345,0.581,1.10161810774723e-195
"MAGEA6",4.51561864635912e-200,-0.679489177396633,0.392,0.685,1.16105586635186e-195
"NPRL3",5.01084800940514e-200,-1.39982813662841,0.162,0.398,1.28838924017825e-195
"KLC3",9.04728876787339e-200,-2.58186279288362,0.024,0.153,2.32623888799561e-195
"THOC5",1.10843645764472e-199,-1.26761839645626,0.185,0.432,2.85001181989612e-195
"CERS4",1.45669115892762e-199,-1.12343715502392,0.322,0.585,3.7454443078347e-195
"RP11-386G11.5",1.89743765934778e-199,-2.3208344971929,0.03,0.168,4.878691709715e-195
"AC004556.1",2.46163259095752e-199,7.23918236174805,0.239,0.004,6.32934971786999e-195
"CHST12",3.03532294100487e-199,-1.12172172173712,0.197,0.449,7.80442234591173e-195
"NOTCH1",3.40332718860932e-199,-1.67117173851636,0.064,0.242,8.75063486735228e-195
"RNASE4",4.34769342426995e-199,2.40193941907017,0.541,0.314,1.11787893324829e-194
"CCT8",4.50967397888383e-199,-0.618070828447299,0.733,0.876,1.15952737345061e-194
"USP5",9.55526260493703e-199,-1.18522623037105,0.264,0.522,2.45684912098141e-194
"IGFBP6",1.0092653942661e-198,-1.6517355648051,0.048,0.209,2.59502318173698e-194
"MZT2B",1.03895845326812e-198,-0.561631292292448,0.755,0.927,2.671369975043e-194
"MOAP1",1.05132725424173e-198,-1.25308789018931,0.155,0.394,2.70317263610635e-194
"CSTF2T",1.07025010164812e-198,-1.31892113866935,0.158,0.393,2.75182706135765e-194
"EEFSEC",1.48571121793575e-198,-1.41998843749552,0.156,0.39,3.8200606835564e-194
"COMTD1",1.86858233853338e-198,-1.0768900663521,0.267,0.542,4.80449890883702e-194
"MRPL4",2.25226268149226e-198,-0.886478000635861,0.506,0.727,5.7910178066529e-194
"SH2D3A",2.7858867313372e-198,-1.88734770787008,0.058,0.227,7.16307196361422e-194
"ZFP36L2",2.85738143409559e-198,-0.446127864218803,0.535,0.733,7.34689914334659e-194
"PDRG1",5.41563474599963e-198,-1.06430474018479,0.325,0.586,1.39246800589143e-193
"C6",5.76739146361935e-198,7.54645343424034,0.239,0.005,1.48291169312581e-193
"AEN",8.02884223287467e-198,-1.37276229867405,0.136,0.361,2.06437591491673e-193
"ZFAND3",8.28266054264425e-198,-1.05873543297655,0.356,0.615,2.12963767872469e-193
"ENC1",8.81876272155851e-198,-1.73409165549421,0.083,0.273,2.26748027096712e-193
"SAYSD1",9.13161068836445e-198,-1.22691654466462,0.242,0.499,2.34791974019227e-193
"SUN2",1.0557356102351e-197,-1.16450867905299,0.179,0.425,2.71450740103649e-193
"DDX50",1.20445336318063e-197,-1.17364490594482,0.266,0.53,3.09689048741004e-193
"RAB11B",1.63352391800379e-197,-0.866159595862788,0.478,0.718,4.20011669797134e-193
"STRADB",1.85051488305208e-197,-1.03237291891094,0.381,0.643,4.75804386730351e-193
"ZNF57",2.40717221517354e-197,-1.74484567269874,0.089,0.287,6.18932119965421e-193
"CDYL",2.6212337974479e-197,-1.27805349800145,0.107,0.32,6.73971633999804e-193
"SCCPDH",2.87555808541074e-197,1.21647990377949,0.77,0.714,7.3936349492081e-193
"SNAPC5",3.27366949811152e-197,-1.07086386495331,0.384,0.634,8.41725901354434e-193
"PSME2",4.01962871905973e-197,0.784078317599593,0.904,0.887,1.03352693624464e-192
"AR",4.15433379266711e-197,7.33809982708747,0.233,0.002,1.06816230477057e-192
"DDX27",4.5480009200047e-197,-0.895403012084979,0.465,0.697,1.16938199655161e-192
"FOXP4",8.17114480966889e-197,-1.4690287855211,0.138,0.362,2.10096475346207e-192
"RAD51AP1",9.90959557793323e-197,-1.52660507753325,0.139,0.362,2.54795521499819e-192
"SDS",1.45756422124901e-196,5.29789190769044,0.29,0.043,3.74768912567545e-192
"KLHDC8B",1.48018900875328e-196,-1.12937214745383,0.217,0.477,3.80586197930642e-192
"RORC",1.49381371191027e-196,3.5511854921122,0.286,0.037,3.84089381606369e-192
"NDRG4",1.79975227987758e-196,-2.34218180922193,0.013,0.12,4.62752306202123e-192
"P4HA2",2.19531603967477e-196,-1.08480899341987,0.326,0.587,5.64459660121176e-192
"C10orf35",2.96878626965865e-196,-1.42497013793289,0.121,0.342,7.63334325654631e-192
"C8orf88",3.03683867539751e-196,-2.48038439495313,0.017,0.131,7.80831960218207e-192
"AIMP2",3.7695831364324e-196,-0.991139245823864,0.434,0.671,9.69235216039499e-192
"DPYSL4",5.47421271209329e-196,-2.89404956873605,0.01,0.109,1.40752957253343e-191
"KATNA1",6.02425036200758e-196,-1.18977193943211,0.221,0.477,1.54895525307939e-191
"HPD",6.21713241876611e-196,7.25763587588636,0.267,0.028,1.59854908751314e-191
"BLOC1S4",8.48050692480804e-196,-1.11241270005413,0.3,0.57,2.18050794050664e-191
"PCGF2",1.21065589889795e-195,-1.36655174606193,0.115,0.329,3.11283844724641e-191
"SNRNP70",1.30403731120525e-195,-0.918183847447672,0.479,0.71,3.35294073457093e-191
"SRSF7",1.34752030318611e-195,-0.597224195459143,0.677,0.843,3.46474420355213e-191
"CPEB4",1.73130877882138e-195,2.61442532175489,0.379,0.119,4.45154113210554e-191
"PLCG2",1.97959538481649e-195,-0.483036754720152,0.104,0.314,5.08993565344016e-191
"CTSD",1.99447858564218e-195,0.866627438038065,0.893,0.894,5.12820333940318e-191
"IL27RA",2.12013195792334e-195,-1.61499080094306,0.061,0.232,5.4512832902125e-191
"TRIM11",2.18957694297062e-195,-1.43930542408448,0.149,0.379,5.62984023576605e-191
"FAM217B",2.35955354766398e-195,-1.48769562577497,0.098,0.299,6.06688408175364e-191
"BTG1",2.42975346108298e-195,-0.495187935249862,0.816,0.917,6.24738209913655e-191
"MVB12A",4.08451622682247e-195,-0.876679420619565,0.41,0.683,1.05021081224059e-190
"PLAGL2",5.07271226689528e-195,-1.5613359821744,0.06,0.231,1.30429577806412e-190
"ASCL2",5.60424646377391e-195,-3.00830541577638,0.009,0.106,1.44096385076555e-190
"YWHAQ",6.3138685896351e-195,-0.586077513469129,0.764,0.897,1.62342189176698e-190
"CANX",7.05164211789157e-195,0.947787896496068,0.824,0.772,1.81311822135228e-190
"FAM46B",7.57945878206293e-195,-3.60821846478151,0.011,0.111,1.94883044204402e-190
"PPP1CC",8.24453548517623e-195,-0.732715917171156,0.645,0.827,2.11983496394851e-190
"SMIM10",1.74488083968827e-194,-1.78319921988444,0.033,0.175,4.48643761500647e-190
"TAF1C",2.24179877542927e-194,-1.88534264638725,0.056,0.222,5.76411301138374e-190
"VTN",2.68129778856651e-194,1.22250039123683,0.954,0.97,6.89415287396221e-190
"AP1G2",3.15498413021144e-194,-1.05119337930767,0.134,0.367,8.11209519559967e-190
"DICER1",3.57080180805002e-194,-1.08820160295202,0.196,0.448,9.18124560885822e-190
"IRX3",3.85425391364335e-194,-1.66608429436009,0.045,0.202,9.91005766275979e-190
"PRSS8",4.57039863157937e-194,-2.1345667978137,0.029,0.164,1.17514089615169e-189
"PON3",4.69131127362794e-194,2.17643256454451,0.546,0.331,1.20622995467522e-189
"SBK1",5.1695913656736e-194,-2.44747815025297,0.011,0.113,1.329205331942e-189
"HSPB6",8.77334151975825e-194,-2.01900984914385,0.027,0.159,2.25580157156024e-189
"HACD3",1.09428860374108e-193,-0.692603872247255,0.68,0.829,2.81363485793906e-189
"SAA1",1.86609620556001e-193,4.05062142990532,0.248,0.012,4.79810656373589e-189
"THBS3",2.31655078779607e-193,-2.06555637501711,0.041,0.19,5.95631538558125e-189
"CD79B",2.40348694309441e-193,-1.54549127655002,0.05,0.212,6.17984562808434e-189
"PDGFB",2.44061548035092e-193,-2.01369936059635,0.021,0.143,6.27531052307828e-189
"MTA1",2.99072690546552e-193,-1.4013028779042,0.084,0.276,7.68975701933293e-189
"RPS27L",3.08727518319871e-193,-0.466883737914043,0.924,0.973,7.93800195104053e-189
"ACOX2",3.16964763403481e-193,3.01426315937148,0.464,0.224,8.1497979966303e-189
"BLOC1S1",3.56607628673267e-193,0.99391367652724,0.817,0.785,9.16909534844704e-189
"SMIM14",3.73583296173449e-193,1.52217456068665,0.674,0.542,9.60557371121172e-189
"IER5L",3.7877562504915e-193,-1.75522712824543,0.063,0.234,9.73907887126375e-189
"WDR83OS",5.44015708973386e-193,-0.528713872704159,0.788,0.904,1.39877319091237e-188
"ZNF830",5.92536332973159e-193,-1.11241267046103,0.299,0.555,1.52352941934059e-188
"PSMC4",6.13895528566206e-193,-0.63445016966863,0.713,0.854,1.57844818304943e-188
"SDR42E1",8.24350247749514e-193,-2.17633611014803,0.049,0.206,2.11956935701355e-188
"TULP3",9.03193100170991e-193,-1.23922726726207,0.135,0.361,2.32229009915965e-188
"RPS25",1.18619821436065e-192,-0.323810857404232,0.983,0.999,3.04995284876411e-188
"AMN",1.42632965759618e-192,-0.768927475277365,0.34,0.634,3.6673788156113e-188
"ZNF219",1.50707780737202e-192,-1.64424500757826,0.077,0.261,3.87499845831493e-188
"PNRC1",1.55608137654e-192,-0.698486894225478,0.657,0.84,4.00099643535966e-188
"ASPDH",1.64348935859421e-192,3.75581962588201,0.291,0.046,4.22573983881743e-188
"MAEA",1.86154022210409e-192,-1.17827973105241,0.298,0.548,4.78639221907404e-188
"LCMT1",2.07695633521217e-192,-1.03466679039489,0.277,0.537,5.34027012909753e-188
"MED30",2.28494426671807e-192,-0.902080809856332,0.405,0.657,5.87504869858549e-188
"LRPAP1",3.81718746156767e-192,1.07007429551505,0.766,0.693,9.81475240118279e-188
"TJP3",4.20543674128169e-192,-1.65934340549812,0.073,0.256,1.08130189491835e-187
"NOV",5.10537288172067e-192,-2.32128557864156,0.015,0.125,1.31269347534802e-187
"PPP1R26",7.32724220790534e-192,-1.99021260876272,0.046,0.2,1.88398051649662e-187
"PDZRN3",7.46579999181468e-192,-3.17905030580489,0.008,0.102,1.91960649389539e-187
"DHRS3",8.40037209170806e-192,1.6894990126233,0.592,0.409,2.15990367221998e-187
"GJC1",9.04540061097546e-192,-2.28394797046604,0.02,0.14,2.32575340509401e-187
"ELFN1",9.47755644371401e-192,-2.15863790794799,0.026,0.154,2.43686931280775e-187
"UPF3A",1.09018213750314e-191,-0.931656108801835,0.437,0.676,2.80307631194808e-187
"DGCR8",2.03990985178346e-191,-1.62885299738386,0.068,0.245,5.24501621090564e-187
"EPC1",2.12520939680456e-191,-0.92968168435646,0.415,0.647,5.46433840106388e-187
"SUB1",2.8672918888501e-191,0.724469990872305,0.966,0.974,7.37238090461139e-187
"EMC10",3.23216350436773e-191,-0.863490232768185,0.542,0.734,8.31053880243031e-187
"DOK1",9.18989356776926e-191,-1.99769992665692,0.03,0.164,2.36290543414483e-186
"AP006222.2",1.35035924604836e-190,-1.11687791923223,0.189,0.433,3.47204369343954e-186
"BAZ1B",1.42104167688247e-190,-1.13223795119447,0.367,0.598,3.65378235960022e-186
"EXOSC6",1.66632130839474e-190,-1.24512515011913,0.128,0.346,4.28444534814457e-186
"ILF3-AS1",1.91804050795689e-190,-1.02563511201141,0.172,0.415,4.93166575405877e-186
"CBX2",1.95255131936433e-190,-1.46505896095319,0.113,0.321,5.02039995234956e-186
"ZNF823",2.03885759931382e-190,-1.64837185186254,0.048,0.206,5.24231065935569e-186
"SPSB2",2.33522326458147e-190,-1.29536191261768,0.197,0.44,6.00432605789189e-186
"C6orf48",3.30037877725967e-190,-0.642846962848149,0.641,0.826,8.48593391209006e-186
"TSNAX",3.63226172753851e-190,-0.939236112084041,0.447,0.67,9.33927135384702e-186
"C14orf105",3.7846418738242e-190,-1.19350361216665,0.148,0.381,9.73107118597679e-186
"PGBD1",5.15527142981906e-190,-1.5439122083176,0.068,0.244,1.32552339003508e-185
"RP11-395A13.2",5.38049098364771e-190,-1.59868425944808,0.099,0.297,1.3834318417155e-185
"ENKD1",1.02946068090258e-189,-1.80322302567845,0.07,0.246,2.64694930273672e-185
"SLC25A23",1.63994309504646e-189,-1.45680598302205,0.108,0.312,4.21662168598347e-185
"STRAP",1.8996684545065e-189,-0.65739747195576,0.631,0.822,4.88442753022711e-185
"SEC23B",2.24643837912683e-189,-0.976952579127423,0.326,0.581,5.77604236041091e-185
"BRD2",3.60212951501503e-189,-0.807380033918747,0.563,0.736,9.26179540900665e-185
"WASF3",4.81486424534504e-189,-1.51489557736178,0.041,0.192,1.23799789476312e-184
"C20orf194",5.73495850453856e-189,-1.60270734934771,0.048,0.204,1.47457253068696e-184
"CTB-31O20.2",6.03297211722657e-189,-1.83700229644345,0.047,0.202,1.55119779078129e-184
"POLR1B",6.05609199331805e-189,-1.61498355773358,0.085,0.273,1.55714237332194e-184
"AKR1B1",8.96337063041007e-189,-0.522439492086175,0.158,0.406,2.30466185649104e-184
"KIF1BP",1.16724066517377e-188,-1.47074751210682,0.144,0.367,3.00120919829479e-184
"RUNDC1",1.37330509042235e-188,-1.5213922965032,0.125,0.337,3.53104204849395e-184
"HIF3A",1.49188522805924e-188,-0.784421759527328,0.065,0.243,3.83593529838592e-184
"ATXN7L3B",2.26395295665532e-188,4.35632366393374,0.241,0.011,5.82107584215215e-184
"PAM",3.42711685161907e-188,-1.03761411387551,0.097,0.305,8.81180284888295e-184
"CCL2",3.44814906819451e-188,-1.34981951747658,0.056,0.222,8.86588088414172e-184
"SOX12",3.80362431106621e-188,-1.29297584615665,0.13,0.347,9.77987882861344e-184
"RNF17",5.09692533757988e-188,-1.92230127362106,0.023,0.147,1.31052144279854e-183
"INPP5E",7.19771679854526e-188,-2.10115247788559,0.046,0.198,1.85067694324196e-183
"SKA2",9.89790409412131e-188,-0.864021721513522,0.338,0.614,2.54494910068047e-183
"RFWD3",1.22642087314841e-187,-1.58846383762825,0.071,0.249,3.15337334903919e-183
"C17orf67",1.32518600362795e-187,-1.56312352554352,0.083,0.272,3.40731825252819e-183
"NECAB3",1.66715377860465e-187,-1.1784608133301,0.272,0.529,4.28658579554827e-183
"PVR",1.83311964127037e-187,-1.39496236835791,0.182,0.419,4.71331722163438e-183
"EIF3H",2.36743893927588e-187,-0.414827982261803,0.819,0.953,6.08715900066614e-183
"DDAH1",4.58684796351608e-187,2.48886825819314,0.4,0.148,1.17937034837925e-182
"UNC45A",5.34065249993314e-187,-1.11793281477516,0.274,0.525,1.37318857078281e-182
"MGME1",5.63946868084185e-187,-1.27671633731839,0.252,0.498,1.45002018721806e-182
"CDC16",5.99508602059813e-187,-1.18865173462672,0.232,0.478,1.54145651761619e-182
"MAP2K5",6.62651801022065e-187,-1.59254750537719,0.112,0.319,1.70381031078793e-182
"SLC25A39",1.00113604440602e-186,-0.586443506130131,0.751,0.888,2.57412099737675e-182
"ARPC1B",1.37509892005508e-186,1.0442368176166,0.793,0.718,3.53565434324562e-182
"DCDC2",2.14384191485678e-186,-0.940118682790874,0.087,0.283,5.51224633147976e-182
"CYB561",2.22562444426968e-186,-1.17810675729713,0.146,0.374,5.72252557110621e-182
"CLN5",2.34313998450596e-186,-1.04971420278922,0.24,0.502,6.02468152816171e-182
"MPLKIP",2.43569283484462e-186,-0.592932227659487,0.681,0.858,6.26265341695249e-182
"FUOM",3.23458811308702e-186,1.2330773782836,0.731,0.651,8.31677295636935e-182
"LRRC1",4.2779439659327e-186,-1.3649878401024,0.121,0.337,1.09994495252062e-181
"RCAN2",4.82422766131264e-186,-2.71151240363716,0.013,0.117,1.24040541627671e-181
"PRR3",5.31921988687284e-186,-1.36270760317164,0.159,0.386,1.36767781731274e-181
"SULT1C4",5.77179832598704e-186,-2.0387956178897,0.016,0.124,1.48404478557779e-181
"EXOSC8",8.58507551854346e-186,-0.841048020417042,0.361,0.628,2.20739461732789e-181
"FADS1",9.58577316988058e-186,-0.606770688058057,0.342,0.622,2.46469399743969e-181
"ITFG1",1.22257763245104e-185,-0.910644279298037,0.365,0.628,3.14349160855813e-181
"C1QTNF6",1.44921742137944e-185,-1.63053583379175,0.054,0.216,3.72622783385081e-181
"PAK1IP1",1.52723168939705e-185,-0.971871908778333,0.414,0.654,3.92681811977768e-181
"CAV2",3.04359824838208e-185,2.66387516462462,0.461,0.242,7.82569981624e-181
"RND3",4.18596991612341e-185,-1.16870745134803,0.215,0.463,1.07629658483365e-180
"EIF3E",4.19632775833497e-185,-0.389829528711541,0.892,0.976,1.07895979322309e-180
"CDC45",4.42300135605116e-185,-1.70005893221366,0.09,0.277,1.13724210866787e-180
"CD19",5.67565341193493e-185,-2.36399494642965,0.025,0.149,1.45932400527671e-180
"EXT1",6.10489841895313e-185,-1.19084117378161,0.218,0.461,1.56969148148123e-180
"DNAJB4",8.34916836239756e-185,2.61413936451574,0.366,0.111,2.14673816933966e-180
"PDPR",1.24090486630797e-184,-1.51586983618548,0.091,0.281,3.19061459225104e-180
"ARPC4",1.27832501137478e-184,-0.698388154436429,0.6,0.791,3.28682926924682e-180
"TRMU",1.31418669187631e-184,-1.24875924473846,0.207,0.449,3.37903682215238e-180
"NPTX2",1.36300271896815e-184,-1.9120038624411,0.023,0.145,3.5045525910109e-180
"POLR3C",1.36899273099494e-184,-1.26836120375903,0.174,0.408,3.5199541099342e-180
"CDK2AP2",1.61131574934368e-184,-0.722538301560689,0.614,0.804,4.14301505471248e-180
"BOLA3-AS1",1.66296612934422e-184,-2.49354223632494,0.01,0.105,4.27581851176985e-180
"RING1",1.69897378251364e-184,-1.0312154792475,0.349,0.602,4.36840138959907e-180
"HS6ST2",1.96372212498058e-184,-2.47618799525497,0.017,0.126,5.04912232775007e-180
"SAAL1",2.15748038295174e-184,-1.28783519386832,0.188,0.424,5.54731356064552e-180
"LINC00694",2.49434554268552e-184,-2.67090302244209,0.011,0.109,6.41346125935301e-180
"MSX2",2.82282462672117e-184,-2.83744833000327,0.01,0.105,7.25804668022546e-180
"ZNF503",3.22739355123861e-184,-1.6723123104291,0.166,0.387,8.29827429894471e-180
"POPDC3",3.35632719828138e-184,-1.90482890282647,0.041,0.187,8.62978849222109e-180
"MRPL53",4.35589816285921e-184,2.18980768288813,0.4,0.142,1.11998853563436e-179
"B4GALT3",4.70355792068368e-184,-1.00085061665981,0.371,0.622,1.20937881256619e-179
"GPCPD1",6.33273927813568e-184,-1.13720194645226,0.145,0.369,1.62827392319425e-179
"RAB39B",7.43077598575917e-184,-2.56943037130883,0.013,0.114,1.9106011214584e-179
"ZNF670",8.52169761710808e-184,-1.62567220319641,0.086,0.273,2.19109889131083e-179
"TRIM47",1.04280911549063e-183,-1.15702922010487,0.3,0.553,2.6812707977495e-179
"MAL2",1.06016622836272e-183,-1.06198871168229,0.401,0.63,2.72589940636623e-179
"TUFT1",1.08252587188555e-183,-1.43986589336588,0.12,0.328,2.78339052179212e-179
"YY1",2.38565408899307e-183,-0.902016750130169,0.503,0.683,6.13399379361897e-179
"TMEM205",2.40169168798719e-183,1.12347140121448,0.78,0.705,6.17522966815266e-179
"HN1",3.07013271537696e-183,-0.530369894366466,0.669,0.884,7.89392523777723e-179
"FHL3",3.40619043136958e-183,-1.52460674109498,0.092,0.283,8.75799683713748e-179
"PSPC1",3.65028696226294e-183,-1.21833273838303,0.175,0.411,9.38561783737047e-179
"TMEM145",4.0222101616179e-183,-3.06090898605766,0.01,0.105,1.0341906767552e-178
"ILF3",4.09601595444951e-183,-0.942238903142384,0.401,0.639,1.05316762220806e-178
"CCDC152",4.14872119194011e-183,3.80049360373344,0.245,0.016,1.06671919287164e-178
"ZNF263",4.61918686250367e-183,-1.56568160011347,0.109,0.309,1.18768532608694e-178
"ZNF485",5.41278226978808e-183,-2.29199899644625,0.035,0.171,1.39173457720791e-178
"USP51",5.42225733282544e-183,-2.5915294484761,0.014,0.119,1.39417080541608e-178
"FAM222B",6.67007778728511e-183,-1.28514816758783,0.134,0.347,1.71501040066675e-178
"ABCA7",9.59611512172366e-183,-1.4671481524276,0.07,0.245,2.46735312009759e-178
"AC245100.1",2.54165862472783e-182,-1.3015217443075,0.185,0.423,6.53511265590019e-178
"GNPDA1",2.59005203465728e-182,-1.00096396956667,0.361,0.608,6.65954179151081e-178
"HCG18",3.30906412479185e-182,-1.27752446228698,0.135,0.352,8.50826567766482e-178
"TMED6",3.53324385792807e-182,-1.88834726643097,0.045,0.195,9.08467660750465e-178
"COA6",4.47211280792374e-182,-0.660475883119094,0.63,0.821,1.14986964517335e-177
"RBM14",4.54418356915994e-182,-1.21075895123957,0.241,0.487,1.1684004793024e-177
"ZNF207",5.19129662129146e-182,-0.711437202545085,0.592,0.773,1.33478618726646e-177
"FTCD",5.94474544567848e-182,2.42264066272861,0.482,0.27,1.52851294899285e-177
"CUL7",7.01313930283184e-182,-1.62120228824574,0.068,0.24,1.80321837754412e-177
"SAFB",9.30774660616018e-182,-0.974847753974695,0.295,0.55,2.39320780737591e-177
"SMC1B",1.28533645344826e-181,-1.30964636445658,0.082,0.268,3.30485708910615e-177
"OARD1",1.51915947789822e-181,-0.810486750053087,0.519,0.735,3.90606284957192e-177
"TCEAL2",2.56458702652745e-181,-3.19174572476066,0.011,0.107,6.59406616260737e-177
"CTNNBL1",3.93645652029209e-181,-0.890528431064951,0.458,0.689,1.0121417004975e-176
"ANKRD26",4.49737941151858e-181,-1.2074093873756,0.175,0.406,1.15636619428966e-176
"MRPS11",7.3211359717107e-181,-0.834093892297505,0.559,0.75,1.88241048104625e-176
"SEP15",1.58079332367279e-180,1.03967397205964,0.8,0.727,4.06453579382747e-176
"CMB9-22P13.1",1.87310147352889e-180,3.07490693622911,0.297,0.058,4.81611850873747e-176
"PCOLCE2",1.91534669703798e-180,-1.07651599347419,0.257,0.517,4.92473942742404e-176
"CNBP",2.00401435706043e-180,-0.463328615979665,0.824,0.93,5.15272171487378e-176
"ADAP1",2.17316531406754e-180,-1.91872953182993,0.028,0.155,5.58764265553045e-176
"TOP2A",2.83828063176301e-180,-0.60360545394777,0.256,0.539,7.29778716038904e-176
"ACOT2",3.53821892553447e-180,2.31474204734553,0.425,0.181,9.09746850133423e-176
"TMBIM1",3.68407710400259e-180,-0.852372378083762,0.46,0.694,9.47249904981145e-176
"DLL4",4.05044082884635e-180,-2.57164467574121,0.01,0.103,1.04144934591297e-175
"LMAN2L",4.50076239749283e-180,-1.41897835589776,0.119,0.327,1.15723602764336e-175
"ADCK2",4.74225753879673e-180,-1.44468179030703,0.17,0.394,1.21932925837542e-175
"ESRP1",5.45615045822043e-180,-2.28167321727328,0.017,0.124,1.40288540581764e-175
"FOXA2",1.06444804026621e-179,-1.26356164212622,0.294,0.525,2.73690880113249e-175
"SERPINB9",1.8349092973033e-179,-0.733156517791492,0.15,0.387,4.71791878522624e-175
"HMGB2",2.09807208864325e-179,-0.45032734450709,0.558,0.805,5.39456295431953e-175
"TFEB",2.14543397515829e-179,-1.62324120024127,0.051,0.205,5.51633983692698e-175
"KRTAP5-2",2.7702010565928e-179,-2.56106226453547,0.014,0.115,7.1227409567114e-175
"IGF2BP3",3.07065140861929e-179,-0.91200675879312,0.223,0.476,7.89525890184192e-175
"VPS72",3.15085010200727e-179,-0.819450366806514,0.446,0.68,8.1014657822811e-175
"RMDN3",3.27532969491254e-179,-1.09430990540796,0.339,0.577,8.42152771155912e-175
"TFPT",4.43571686492104e-179,-1.03059680269707,0.221,0.47,1.1405115203085e-174
"APOE",4.62701307875063e-179,1.63592015049789,0.874,1,1.18969760280836e-174
"FBXL15",4.75961490150522e-179,-0.987263702737225,0.321,0.586,1.22379218347502e-174
"TIMM9",5.1403336799925e-179,-0.898867702823112,0.42,0.657,1.32168259579967e-174
"RP11-872J21.3",6.61741455985248e-179,-1.75245318979131,0.05,0.203,1.70146963162927e-174
"NOP58",7.65202334550442e-179,-0.690428171123189,0.543,0.757,1.9674882425961e-174
"GATA6",7.90651188304591e-179,-1.36627641472233,0.082,0.267,2.03292233536877e-174
"SHISA5",8.45054560693063e-179,-0.786927931163387,0.532,0.738,2.172804286454e-174
"PPCS",1.02101618621296e-178,1.27320024714936,0.675,0.541,2.62523681799076e-174
"TMEM248",1.10978645800647e-178,-0.88539323623069,0.415,0.651,2.85348294082623e-174
"KCTD5",1.51439566512508e-178,-1.42567509415717,0.111,0.311,3.89381413416959e-174
"MTHFS",1.64453366440703e-178,1.36793703614701,0.678,0.563,4.22842495792335e-174
"MANSC1",1.98040199943679e-178,-1.37554577316895,0.102,0.3,5.09200962095187e-174
"WARS",2.08554071630619e-178,-1.05581284941482,0.208,0.452,5.36234228976648e-174
"ZNF662",2.39686996661098e-178,-2.56396688659321,0.01,0.104,6.16283205815015e-174
"KIAA1549",3.27414084900832e-178,-2.40716927550496,0.021,0.134,8.41847095097018e-174
"FAM101B",3.6253530015259e-178,-1.91092092772225,0.012,0.11,9.32150763752339e-174
"HRCT1",3.71184179635162e-178,6.32433199094542,0.216,0.003,9.54388762677928e-174
"PCLO",5.18852665836481e-178,-1.69092808966661,0.045,0.194,1.33407397439876e-173
"DNMT3A",7.06816822767229e-178,-1.11921306627791,0.158,0.386,1.8173674146991e-173
"MIS18A",7.93276285659805e-178,-1.06959214855422,0.219,0.466,2.03967198568849e-173
"EFCAB2",9.90341473518009e-178,-1.34460452216319,0.145,0.367,2.5463659967095e-173
"KBTBD6",1.2482526208269e-177,-1.56108525406508,0.064,0.231,3.20950713867014e-173
"EEF1D",1.39231551588821e-177,0.701453942696373,0.966,0.981,3.57992165445176e-173
"NRBP2",1.39648906768205e-177,3.11718906282921,0.304,0.067,3.59065269082408e-173
"ELOF1",1.78392476382567e-177,-0.896461003770956,0.423,0.661,4.58682735274856e-173
"CPXM2",1.80246271484667e-177,-2.11515920864649,0.014,0.114,4.63449213241376e-173
"UBE2E1",1.87542879276558e-177,-0.788115266789553,0.451,0.693,4.82210251195886e-173
"KCNK5",2.48873987210326e-177,-1.71512005612195,0.043,0.187,6.39904795915189e-173
"APMAP",3.16387356469927e-177,-0.63522482719681,0.685,0.822,8.13495170955476e-173
"RP11-532F12.5",3.8264884590146e-177,-1.69045708422358,0.041,0.185,9.83866712581834e-173
"TET1",3.92986799560326e-177,-1.72607027628341,0.063,0.228,1.01044765902951e-172
"IGF2",4.83502863595661e-177,-1.75698190518015,0.02,0.134,1.24318256287716e-172
"ALKBH5",5.25170046533156e-177,-1.00364022517554,0.277,0.537,1.35031722364605e-172
"HM13",5.79108158752529e-177,-0.667113793168105,0.667,0.811,1.4890028977845e-172
"CLK1",7.1268588292348e-177,-0.806230717797757,0.5,0.704,1.83245794217285e-172
"AC093673.5",7.47700517130723e-177,-1.0685992816261,0.166,0.399,1.92248756964651e-172
"BAHD1",1.15027386908977e-176,-1.41458864621637,0.062,0.228,2.95758417220361e-172
"SAR1B",1.32053065689187e-176,1.13481778652911,0.717,0.609,3.39534842500038e-172
"C20orf196",2.21294675378489e-176,-1.26172938659166,0.102,0.299,5.68992869333172e-172
"CHAMP1",2.2458183049945e-176,-1.36770392775257,0.122,0.327,5.77444802580185e-172
"SRPK1",2.45411923843972e-176,-0.926695133619083,0.411,0.645,6.3100313858762e-172
"FXYD6",3.35643694692286e-176,-1.78427196524849,0.033,0.165,8.63007067792806e-172
"ORAI2",4.45888645625631e-176,-1.38358620748403,0.063,0.229,1.14646888563262e-171
"SDHB",5.26091876261654e-176,1.02205724166623,0.733,0.64,1.35268743224396e-171
"DNAJC4",6.20359824931229e-176,-0.954361779905897,0.388,0.635,1.59506918186318e-171
"CNOT11",6.34474995650312e-176,-1.10843091026281,0.282,0.529,1.63136210881608e-171
"MARCH9",8.2474973149406e-176,-1.67500872587161,0.032,0.162,2.12059650961753e-171
"HNRNPK",2.65320737287266e-175,-0.399555295346729,0.879,0.964,6.82192679713019e-171
"LAGE3",3.02051682569689e-175,-0.626107283538152,0.704,0.854,7.76635286223184e-171
"DNAAF5",3.42559706983204e-175,-1.28287516293846,0.095,0.283,8.80789518595214e-171
"GAGE2A",3.49368059714911e-175,0.780185195405066,0.313,0.671,8.9829515513898e-171
"RCOR2",4.71083306621453e-175,-2.73071897786287,0.01,0.103,1.21124939798508e-170
"ASNA1",4.73960480862526e-175,-0.695038236028954,0.582,0.776,1.21864718839373e-170
"RGL3",5.08338742284167e-175,-1.61809785700989,0.056,0.213,1.30704057416105e-170
"RAB31",5.13430936040567e-175,-1.54159920004022,0.051,0.204,1.3201336227475e-170
"RRP9",5.24020099460966e-175,-1.12040304194517,0.287,0.534,1.34736047973404e-170
"GTF2A2",6.03479739727659e-175,-0.592618885994125,0.679,0.83,1.55166710678776e-170
"CDCA3",6.32444605245821e-175,-1.158318497172,0.141,0.359,1.62614156900805e-170
"TMTC4",6.63105778009898e-175,-1.31750200674772,0.105,0.304,1.70497757641905e-170
"ABCG5",9.4203780691885e-175,6.41458630411654,0.212,0.002,2.42216760914975e-170
"PCMT1",9.4891232314118e-175,-0.650415083972525,0.633,0.805,2.4398433652606e-170
"SNRNP25",9.72841946484194e-175,-0.757583122320195,0.443,0.686,2.50137121280016e-170
"IFI27L2",1.52630288044635e-174,-0.455519206685515,0.43,0.723,3.92442996620365e-170
"GALK1",1.70367534044091e-174,1.10489279840643,0.74,0.685,4.38049003534166e-170
"TMEM251",1.7548781788489e-174,-0.894632673705235,0.301,0.556,4.51214277345628e-170
"VPS4A",1.88125686802228e-174,-1.21383575082324,0.217,0.457,4.83708765905888e-170
"RP11-473M20.16",1.94030138820119e-174,-1.39990233172179,0.059,0.22,4.98890292934289e-170
"GOLGA8A",2.05288243191537e-174,-1.16632435998532,0.084,0.268,5.27837130894079e-170
"ADRA2C",2.13537071362093e-174,-2.74424969405546,0.017,0.122,5.49046517886215e-170
"RP11-488C13.5",2.65427829570309e-174,-1.68011199616066,0.039,0.177,6.82468035391178e-170
"CDYL2",2.72137982253642e-174,-1.8153230600596,0.031,0.159,6.99721179970564e-170
"SMNDC1",3.6702724737731e-174,-0.950369460802118,0.26,0.51,9.43700458456539e-170
"MRPL23",6.90645839345547e-174,-0.803492982712441,0.466,0.725,1.77578858212527e-169
"GHITM",6.97360924040844e-174,-0.467268551588105,0.857,0.922,1.79305440789382e-169
"MCMBP",8.93728604817834e-174,-1.10131272365465,0.192,0.429,2.29795498870761e-169
"ZMAT2",1.00071116436873e-173,1.56478016475863,0.583,0.414,2.57302854582487e-169
"ENSA",1.2784348183204e-173,-0.525567352980405,0.708,0.878,3.28711160486542e-169
"STYXL1",1.52145936519406e-173,-1.00900891967601,0.264,0.518,3.91197631978697e-169
"TMEM231",2.40033707210604e-173,-2.28116712386128,0.02,0.13,6.17174667979906e-169
"RP11-108M9.4",2.42405995233299e-173,1.92890575451703,0.5,0.287,6.23274294943859e-169
"CD14",2.8019389034002e-173,1.95128087627241,0.427,0.19,7.2043453084226e-169
"TCF3",2.89606314984633e-173,-1.36825566615429,0.082,0.261,7.44635757088489e-169
"FTSJ2",4.09653769877508e-173,-1.03096554468037,0.305,0.546,1.05330177310905e-168
"ZIK1",4.11921444802767e-173,-2.45799802606713,0.017,0.121,1.05913241887687e-168
"UGT1A1",4.73435971285036e-173,6.42545480420947,0.212,0.003,1.21729856936808e-168
"DST",5.99320980386763e-173,2.50257712302225,0.383,0.144,1.54097410477045e-168
"RTP3",6.20249595573043e-173,5.08825318068345,0.226,0.012,1.59478576013741e-168
"CLSTN1",6.36942122715515e-173,-1.27697910036318,0.12,0.324,1.63770558592613e-168
"DZIP1L",6.54055832907101e-173,-2.78643606237423,0.012,0.108,1.68170835757074e-168
"DRAM1",7.1923940425785e-173,-1.46965459827354,0.096,0.283,1.84930835622778e-168
"UHRF2",1.13682416108757e-172,-1.44726551925357,0.105,0.297,2.92300228298836e-168
"BGN",1.20082836414356e-172,-1.07475748208546,0.067,0.235,3.08756988988591e-168
"EXOC3-AS1",1.40430275374846e-172,-1.66765580603351,0.071,0.239,3.61074324043803e-168
"SOCS3",1.51785365657744e-172,-0.959370179902057,0.126,0.338,3.90270532179191e-168
"WDR82",1.63455047553546e-172,-1.1578471923862,0.201,0.432,4.20275618269678e-168
"FZD6",1.84267951452976e-172,-1.47689488103229,0.062,0.227,4.73789756775892e-168
"RNF126",1.86804347748874e-172,-0.974588863670694,0.355,0.607,4.80311338931905e-168
"FAM96A",4.21736834154485e-172,0.924534749348809,0.799,0.731,1.08436974797801e-167
"TBC1D7",4.94857700805991e-172,-1.02753836598856,0.31,0.557,1.27237812031236e-167
"BMP4",5.77398279591707e-172,-1.59974734401112,0.061,0.222,1.4846064564862e-167
"PPP1R1B",6.1133338123024e-172,-2.28882372917438,0.015,0.116,1.57186038981919e-167
"FAIM",6.82789506504792e-172,-0.992556087067664,0.186,0.422,1.75558837912512e-167
"EIF2S1",7.04957203052564e-172,-0.827522693701855,0.505,0.721,1.81258596048875e-167
"MAPKAPK3",9.30676488185273e-172,-1.11680604427841,0.232,0.475,2.39295538642197e-167
"CYP8B1",9.87866479577677e-172,8.38190262750019,0.206,0.001,2.54000229229012e-167
"ZSCAN31",1.01831559725797e-171,3.29341628385718,0.296,0.066,2.61829306366969e-167
"ABCB4",1.28037493647819e-171,4.44923635266225,0.244,0.025,3.29210003667273e-167
"SHC2",2.37237432919875e-171,-1.20140836365095,0.089,0.275,6.09984887523583e-167
"TNRC6C",2.45378910404327e-171,-1.29584207201383,0.105,0.298,6.30918254431605e-167
"PHF23",2.52830209633479e-171,-1.17871491138655,0.188,0.419,6.500770350096e-167
"DNM1",2.67295351602314e-171,-1.99967851326957,0.025,0.142,6.87269808039871e-167
"MT3",3.22525556795822e-171,-1.58797392095917,0.045,0.189,8.29277711633417e-167
"SPATA2",3.90765112032574e-171,-1.33570937313085,0.113,0.311,1.00473525605816e-166
"PSMA2",3.93988389199319e-171,0.662361055734468,0.89,0.874,1.01302294630929e-166
"VPS52",4.6375746655491e-171,-1.23271023174301,0.178,0.401,1.19241319800598e-166
"CIAO1",5.08064018879021e-171,-0.970840899929352,0.415,0.638,1.30633420534174e-166
"SLC10A3",6.28085878255561e-171,-1.22310168459024,0.117,0.319,1.6149344101707e-166
"DRC7",1.04980070908277e-170,-2.78130729290624,0.01,0.101,2.69924758319363e-166
"CDIP1",1.284139932124e-170,-1.0334483020555,0.262,0.507,3.30178059347723e-166
"FZD7",1.29303473787693e-170,-1.98630994317768,0.039,0.173,3.32465091802916e-166
"RAD51D",1.60143733815242e-170,-1.44685412440088,0.095,0.281,4.1176156838575e-166
"KLF7",1.61325116012867e-170,-1.28216480883568,0.05,0.202,4.14799138292283e-166
"TRIM31",1.89577869293098e-170,-0.803152033615628,0.145,0.367,4.87442617526414e-166
"RNF128",2.98287879212086e-170,2.53787091143286,0.352,0.115,7.66957795030117e-166
"HMGCL",3.12906588772986e-170,1.242202564872,0.657,0.513,8.04545421053102e-166
"KIF3B",3.47314338953084e-170,-1.18994063804652,0.225,0.456,8.93014628316169e-166
"ZNF511",3.72468792394429e-170,-0.922546901911094,0.396,0.635,9.57691759004556e-166
"NXN",4.09576128583244e-170,-2.39509306039201,0.016,0.117,1.05310214181324e-165
"ARHGEF2",4.39744823734904e-170,-1.28429944175497,0.074,0.248,1.13067189078718e-165
"KHDC1",4.86535380755229e-170,-2.42452431791625,0.014,0.112,1.25097977099784e-165
"KAZALD1",5.69845828761711e-170,-1.90204965452015,0.032,0.16,1.46518759491211e-165
"PARP1",5.83701846212374e-170,-0.647374325826708,0.633,0.808,1.50081418698126e-165
"SLC10A1",6.3759892255916e-170,9.38295068887092,0.203,0,1.63939434968411e-165
"MRS2",6.45911523381195e-170,-1.08145620706476,0.302,0.541,1.66076770891773e-165
"EHHADH",8.61420466665398e-170,2.94703104490552,0.333,0.102,2.21488430389007e-165
"BIRC5",8.70849719578819e-170,-0.585259322532708,0.344,0.644,2.23912879898106e-165
"DCAF12",1.41937278478273e-169,-1.05487905325189,0.203,0.436,3.64949130423336e-165
"LGALS3BP",1.63205502057463e-169,-0.443980078132143,0.457,0.796,4.19633986890149e-165
"ATMIN",1.97385873334265e-169,-1.42134484721268,0.101,0.29,5.07518557517063e-165
"GAST",2.27842331201952e-169,-2.72237391177317,0.013,0.109,5.85828201986458e-165
"PUM3",3.14923334335959e-169,-0.978019641533448,0.275,0.524,8.09730877244618e-165
"CYP4F2",3.67396229131698e-169,3.19512426402904,0.288,0.061,9.44649184343421e-165
"FGF21",3.99378642836092e-169,7.7259075739475,0.206,0.002,1.02688236646016e-164
"NFKBIL1",5.11088022600678e-169,-1.00741780898995,0.337,0.576,1.31410952371086e-164
"GGT1",7.38266090432333e-169,-0.814710004203645,0.193,0.438,1.89822977171961e-164
"FEN1",7.8556596060432e-169,-1.12624850245442,0.24,0.479,2.01984719790583e-164
"HLA-B",1.76076267165346e-168,0.687872166905391,0.945,0.967,4.52727298135537e-164
"ZNF620",1.90852331324359e-168,-1.74716643152543,0.052,0.201,4.90719514301192e-164
"TMEM56",2.05438481819481e-168,2.50933401225276,0.392,0.164,5.28223424454249e-164
"FOCAD",2.22344709746121e-168,-1.58836135965941,0.057,0.212,5.71692717699227e-164
"RPL34",2.33415654610305e-168,-0.305617881664854,0.995,1,6.00158331134015e-164
"SOX4",2.51513155450845e-168,-0.545363818097259,0.521,0.769,6.46690625295212e-164
"SSR2",2.88129625738132e-168,-0.429615428813873,0.841,0.943,7.40838893697886e-164
"WSCD1",3.06117005335257e-168,-3.00119484469315,0.011,0.101,7.87088044118012e-164
"ANAPC7",3.28439456661112e-168,-1.15819230865403,0.227,0.461,8.44483530967052e-164
"PSMF1",3.45760321612286e-168,-0.634623608920407,0.643,0.814,8.8901893892951e-164
"CCT4",3.91751189450272e-168,-0.506048407124107,0.755,0.879,1.00727065831454e-163
"PKN3",4.14581277433219e-168,-2.22364326723383,0.031,0.156,1.06597138053629e-163
"CNPPD1",4.19219684409716e-168,-0.986338762401632,0.309,0.553,1.07789765255426e-163
"ZNF138",4.68766722496273e-168,-1.32848033505931,0.116,0.312,1.20529299688242e-163
"GALNT2",5.25750737781414e-168,-1.0831257380102,0.301,0.539,1.35181029698357e-163
"MXD1",6.36185043704288e-168,-1.08660729834017,0.194,0.429,1.63575898437247e-163
"TRIM7",7.7712342422709e-168,-2.7449297902187,0.017,0.12,1.99813974837269e-163
"NSUN7",9.06808157086794e-168,-2.47223977033061,0.021,0.132,2.33158513350156e-163
"RP11-47L3.1",9.12268025908766e-168,-2.22150042112872,0.014,0.11,2.34562354821662e-163
"SERPING1",1.20550726948011e-167,1.03220370653846,0.817,0.819,3.09960029128725e-163
"NAA16",1.26513893600979e-167,-1.1996438239229,0.117,0.317,3.25292523226838e-163
"ACBD6",1.41067872955336e-167,-0.934581223526646,0.374,0.622,3.62713714942759e-163
"MED28",2.03611430587389e-167,-0.800887698813704,0.479,0.701,5.23525710326295e-163
"TXN2",2.37076325909476e-167,-0.639611861747324,0.682,0.812,6.09570649178445e-163
"CBX5",2.94456450079695e-167,-0.765265318950079,0.405,0.646,7.57106424444912e-163
"PAH",3.03109098099011e-167,1.67304095562786,0.593,0.443,7.79354113032177e-163
"OLFML3",3.43321680284741e-167,-2.16715938374777,0.023,0.137,8.82748704348127e-163
"ERLIN1",3.687817810935e-167,-1.35485544069401,0.171,0.388,9.48211715547606e-163
"MKKS",3.98418068094467e-167,-0.56027939069742,0.704,0.852,1.02441253668449e-162
"RNF216",4.24445383706191e-167,-1.08140499372092,0.21,0.445,1.09133397058536e-162
"CMTM4",5.06571158204717e-167,-1.74806093990878,0.045,0.187,1.30249576197597e-162
"TRIOBP",5.25458188191905e-167,-1.1299955408017,0.177,0.402,1.35105809347903e-162
"IL17RA",7.09310628880373e-167,-1.22959117206621,0.086,0.264,1.82377948897722e-162
"CTD-2350C19.2",7.97275518293421e-167,2.9716957689529,0.315,0.085,2.04995481263604e-162
"GMPR2",9.44454555189484e-167,-1.03524025544189,0.312,0.552,2.4283815523032e-162
"LEPR",9.47818322275229e-167,3.01689251044804,0.333,0.102,2.43703047023407e-162
"TF",1.12884276517746e-166,1.02580761585601,0.91,0.934,2.9024805178243e-162
"SSBP1",1.14949361995009e-166,-0.441831938277059,0.82,0.931,2.95557799561567e-162
"GRTP1",1.27210484376467e-166,-1.08938684507995,0.224,0.46,3.27083597428772e-162
"RAB23",1.95980142928304e-166,-1.51899347717651,0.079,0.25,5.03904143497256e-162
"ADPGK",2.93297802177792e-166,-1.08301283791513,0.221,0.457,7.5412730895954e-162
"KDM5B",5.00753560341555e-166,-1.08189714833917,0.171,0.396,1.28753755435021e-161
"LYAR",5.02616082189511e-166,-0.968617788698925,0.334,0.571,1.29232647052567e-161
"PIP5K1B",7.4497000977006e-166,-2.53611944216299,0.012,0.106,1.91546688912078e-161
"UBA2",7.4811721889897e-166,-0.836796295402628,0.436,0.669,1.92355899323303e-161
"EFNB1",8.11384245199849e-166,-1.37241782880234,0.1,0.288,2.08623117125785e-161
"IFT46",1.0155555304277e-165,-1.54602586299674,0.063,0.222,2.6111963798357e-161
"HSPBP1",1.63570349474991e-165,-0.988453157089197,0.373,0.61,4.20572082570098e-161
"TMEM120A",2.39723373065835e-165,1.57694402448194,0.539,0.349,6.16376736826876e-161
"MAT2A",2.41176668322509e-165,-0.895765118384264,0.377,0.612,6.20113449590834e-161
"BMP2",3.27689360002758e-165,-1.15498581283804,0.105,0.296,8.42554882439092e-161
"CDK9",3.46316920408553e-165,-1.12985620832054,0.219,0.451,8.90450065754472e-161
"NELFA",5.01871150852591e-165,-1.13316968952357,0.186,0.412,1.29041110307218e-160
"TGFB1I1",5.85942054500367e-165,-1.55006983252047,0.044,0.184,1.50657421053134e-160
"ARHGAP27",5.88158532631465e-165,-1.81880310943225,0.045,0.185,1.51227321910202e-160
"SYT5",5.94286773428804e-165,-2.36481578675062,0.016,0.117,1.52803015184014e-160
"TLK2",6.21812897819329e-165,-1.22808554578846,0.143,0.35,1.59880532287306e-160
"CCDC137",6.23324685321369e-165,-1.14523285738316,0.261,0.499,1.60269243089831e-160
"NQO2",7.91830515114525e-165,1.29336170356373,0.667,0.566,2.03595462046247e-160
"CTHRC1",7.97299898796903e-165,-1.15147052344498,0.046,0.191,2.0500174997866e-160
"UNC119",1.60520973317865e-164,-0.979400303717062,0.33,0.577,4.12731526594893e-160
"FAM63B",2.54722837757687e-164,-1.16959888831446,0.199,0.424,6.54943360442564e-160
"AC006994.2",2.64473047002607e-164,-2.2166294958476,0.022,0.133,6.80013098453103e-160
"IQGAP1",4.06795274518426e-164,-0.83163091218623,0.214,0.459,1.04595200984178e-159
"FAM3B",4.12355805166398e-164,-0.424510153872951,0.248,0.525,1.06024924624384e-159
"EFNA1",5.01839422885462e-164,-0.555614771858605,0.63,0.811,1.2903295241231e-159
"XPNPEP2",5.30369249906039e-164,5.64653280307056,0.209,0.007,1.36368541535841e-159
"HILPDA",5.71491408165619e-164,-0.576049917418784,0.241,0.485,1.46941870867544e-159
"CCNE1",5.8717155964066e-164,-1.57076999663097,0.067,0.228,1.50973551414806e-159
"PEX2",6.81473491548717e-164,1.81648434912385,0.447,0.217,1.75220464147006e-159
"NKD2",7.44956662405624e-164,-2.13342219899878,0.018,0.122,1.91543257037734e-159
"JUP",7.67986263022452e-164,-1.1819597595959,0.218,0.448,1.97464627948333e-159
"AP1M2",7.71172742065048e-164,-0.778151270933982,0.206,0.462,1.98283935439765e-159
"LAMC1",8.87095445424104e-164,-1.0623785922764,0.206,0.435,2.28089980927446e-159
"ATP5I",9.37080276681182e-164,0.488660407306343,0.963,0.974,2.40942080740266e-159
"BCL7B",1.01847057718059e-163,-0.925043178159379,0.359,0.604,2.61869154804674e-159
"IPO4",1.47771128740476e-163,-1.33344224386561,0.142,0.348,3.79949126217512e-159
"CHSY1",1.69663790952464e-163,-1.46270381910281,0.04,0.177,4.36239539296976e-159
"LIMK2",1.72544958240332e-163,-1.28218990375222,0.085,0.263,4.43647596627543e-159
"SNW1",1.91402038690123e-163,-0.720063553182203,0.51,0.722,4.92132921880044e-159
"RP11-1094M14.11",1.94205729497652e-163,-1.01466464090043,0.213,0.448,4.99341771684364e-159
"HNRNPA1",2.4191506611147e-163,-0.327768602201187,0.927,0.987,6.22012017985812e-159
"MRPS23",3.30555385359699e-163,-0.698663099113808,0.558,0.768,8.49924006836857e-159
"KNSTRN",4.45167059776453e-163,-1.1600093672461,0.192,0.416,1.14461354409722e-158
"RHOF",5.89855362790749e-163,-0.958953016967332,0.129,0.334,1.51663610880757e-158
"RPL36A",6.21865921102458e-163,0.865089906846275,0.97,0.982,1.59894165633864e-158
"CYP2A7",7.24221231291031e-163,7.65562446800112,0.201,0.003,1.8621176298955e-158
"TMEM266",8.89912563754977e-163,-2.38068153948069,0.02,0.125,2.2881431839268e-158
"CTA-29F11.1",1.01303246409857e-162,-1.03229346687665,0.141,0.352,2.60470907169025e-158
"TRDMT1",1.1523490783421e-162,-1.53926347421736,0.056,0.207,2.96291995023321e-158
"TRIM39",1.15741889195859e-162,-1.47436680658607,0.07,0.233,2.97595545500392e-158
"PPME1",1.76297996547126e-162,-1.04304212466046,0.198,0.427,4.53297408721969e-158
"ABHD2",2.15853004835252e-162,2.21955744497309,0.459,0.247,5.550012460324e-158
"PSMD6",2.60888196987825e-162,-0.78594048917162,0.513,0.716,6.70795732095096e-158
"NUDT3",2.67050851502492e-162,-1.03110771627063,0.373,0.583,6.86641149383206e-158
"RP11-61K9.3",2.6873148128945e-162,-2.14646761553044,0.036,0.163,6.90962384691433e-158
"PKP4",2.75758924121101e-162,-1.09857003898596,0.188,0.41,7.09031345700174e-158
"RP11-119D9.1",3.11721111480987e-162,3.54168100213325,0.27,0.051,8.01497321839913e-158
"CELSR1",6.54607378892718e-162,-2.47629932617574,0.014,0.109,1.68312649260896e-157
"LZTFL1",8.9548100244435e-162,-1.45704272563627,0.1,0.284,2.30246075348491e-157
"PECR",9.2462826719203e-162,1.87774496295854,0.461,0.244,2.37740420060415e-157
"KLK15",9.48059794130874e-162,-2.27868944083132,0.016,0.114,2.4376513426693e-157
"CFAP20",1.22114588905888e-161,-0.865496889755684,0.398,0.625,3.13981030994818e-157
"ZC3H18",1.40987925613163e-161,-1.15995395183827,0.171,0.386,3.62508154336564e-157
"RRP12",1.93320503863503e-161,-1.32102665434288,0.107,0.294,4.9706567953384e-157
"L1CAM",2.14694134542271e-161,-2.63047638125778,0.012,0.103,5.52021558735086e-157
"XAB2",2.46887533751879e-161,-1.05344574742421,0.247,0.482,6.34797226782831e-157
"PDE4A",3.00549289191464e-161,-1.41507514052597,0.04,0.174,7.72772332369092e-157
"CNNM2",3.20391777884239e-161,-1.55337106991701,0.063,0.219,8.23791339295954e-157
"TTLL1",3.68786961344518e-161,-1.80903566330418,0.059,0.211,9.48225035009024e-157
"C8orf59",5.65978011717554e-161,1.10798026476393,0.746,0.704,1.45524266372818e-156
"SPG7",5.90539844992167e-161,-1.09375289695089,0.234,0.464,1.51839604944386e-156
"FAM114A1",6.48936264792803e-161,2.04922715331168,0.432,0.218,1.66854492403526e-156
"PRODH2",8.24650427666285e-161,2.30730792659308,0.439,0.22,2.12034117961555e-156
"SLC35B2",8.65792535131611e-161,-0.975326222938305,0.42,0.63,2.2261257663304e-156
"ERF",1.02820212202075e-160,-1.02501763528786,0.28,0.513,2.64371329613976e-156
"MAPK3",1.21379922411505e-160,-1.2575733318018,0.176,0.392,3.12092056504463e-156
"LRG1",1.32773442081474e-160,2.04582296226525,0.49,0.283,3.41387074279886e-156
"LATS2",1.35425028020739e-160,-1.39551826061253,0.084,0.256,3.48204832046924e-156
"SUMF2",1.86213917375486e-160,-0.564990333734228,0.589,0.788,4.7879322435585e-156
"GUSB",1.91759676433057e-160,-0.617149233919379,0.638,0.814,4.93052480044677e-156
"ZNF695",2.58151990782943e-160,-2.78078245479695,0.014,0.108,6.63760398701104e-156
"C8A",2.98722113987372e-160,1.85510071973018,0.471,0.258,7.68074299484331e-156
"GTF2I",3.68594442932399e-160,-0.783334710084521,0.539,0.703,9.47730031667784e-156
"ZSCAN2",4.60492741292636e-160,-1.28421127979092,0.145,0.351,1.18401893641162e-155
"CELF4",5.18918064392763e-160,-1.27192488076201,0.063,0.221,1.33424212716667e-155
"HSPG2",5.67592745681647e-160,-0.988830549352738,0.068,0.23,1.45939446769665e-155
"PITPNM1",5.84254492407083e-160,-1.58233475354906,0.044,0.181,1.50223515087709e-155
"UBE2E3",7.05847205697369e-160,-0.756240398259718,0.524,0.723,1.81487433528908e-155
"NUP43",7.1011057217776e-160,-1.30180860584431,0.113,0.303,1.82583630318346e-155
"SMC3",7.19398808912528e-160,-0.796698530205892,0.444,0.658,1.84971821747589e-155
"CAPNS1",7.36551760164684e-160,-0.84570945788926,0.47,0.666,1.89382188573543e-155
"BHMT2",7.54194642589882e-160,1.5933109035059,0.553,0.388,1.93918526502711e-155
"COQ9",7.80053180377349e-160,-0.948949527062743,0.391,0.61,2.00567273738624e-155
"LSM6",7.97527259861232e-160,-0.650718395828151,0.48,0.709,2.0506020905552e-155
"OSBPL3",1.3462124054313e-159,-1.41612479610791,0.048,0.191,3.46138133684496e-155
"TMX4",1.51791281299366e-159,-0.981689487826212,0.365,0.594,3.9028574247693e-155
"MGA",1.60771876333076e-159,-1.16213702444567,0.137,0.342,4.13376648427604e-155
"SNAPC3",1.98481361937428e-159,-1.01210537728288,0.191,0.418,5.10335277813515e-155
"ARL2",2.18318546910124e-159,-0.766405852050414,0.372,0.622,5.6134064781531e-155
"LINC00847",2.28039061367286e-159,-1.62457881790731,0.085,0.257,5.86334034587567e-155
"VPS25",2.61534691846026e-159,-0.677024993447627,0.634,0.803,6.72457999674502e-155
"ACTR5",3.16586099336103e-159,-1.67766207579283,0.075,0.239,8.14006178612989e-155
"HNRNPH3",4.44886420971189e-159,-0.716553694572953,0.517,0.726,1.14389196560112e-154
"NDUFS7",5.99338501685027e-159,-0.487795139802393,0.785,0.892,1.54101915553254e-154
"CBX8",6.12020705258541e-159,-1.42561266657789,0.174,0.382,1.57362763736076e-154
"ZNF296",7.03035868386459e-159,-2.13671301943182,0.034,0.159,1.80764582479526e-154
"PIGW",7.21825569041662e-159,-1.57640321299934,0.08,0.246,1.85595790311992e-154
"CMC1",7.97795715099702e-159,-0.572331120056223,0.622,0.795,2.05129234266435e-154
"CYP17A1",8.22998833741601e-159,-1.04779149434435,0.469,0.758,2.11609460131641e-154
"SLC17A4",1.03870531614958e-158,4.30872230550269,0.217,0.015,2.67071910888379e-154
"HMGN5",1.21765620175572e-158,4.7953344539114,0.201,0.005,3.13083762595431e-154
"AGXT2",1.27503643603127e-158,4.3217267623764,0.218,0.016,3.2783736843236e-154
"CAMSAP3",1.54838727327501e-158,-1.51856698753712,0.065,0.222,3.98121335704471e-154
"GABPB1-AS1",1.5630816297839e-158,-0.949728991211815,0.21,0.438,4.01899548650037e-154
"C19orf53",1.57424800197103e-158,-0.319132238850318,0.861,0.944,4.04770646266791e-154
"CHRD",1.67402198635352e-158,-1.59567337742815,0.081,0.248,4.30424533131218e-154
"PID1",1.87202690487904e-158,2.91169940858989,0.275,0.056,4.81335557782499e-154
"NCSTN",1.88333192242989e-158,-0.820127141264039,0.438,0.652,4.84242303895174e-154
"PPP1R1A",1.96850216808522e-158,-0.494196402062693,0.289,0.586,5.06141277458073e-154
"PPIL4",2.29987893879644e-158,-0.770693237998296,0.327,0.575,5.9134487274334e-154
"DAO",2.39054455799178e-158,3.26180030508708,0.266,0.052,6.14656816750846e-154
"LINC01003",3.7161517209535e-158,-1.19012325673676,0.135,0.34,9.55496930491565e-154
"TXNRD3",4.13017259032073e-158,-1.74987436714515,0.061,0.212,1.06194997642327e-153
"INPP5J",5.04687904067466e-158,-2.69775648874137,0.015,0.109,1.29765353893827e-153
"CNKSR3",7.48784099032596e-158,-0.988152118558167,0.26,0.498,1.92527367543261e-153
"DYRK1B",9.1524538503543e-158,-1.54666127908122,0.059,0.209,2.3532789340031e-153
"C10orf2",1.12893801853208e-157,-1.92416688472908,0.046,0.181,2.90272543324968e-153
"PDCD7",1.23772976076283e-157,-1.35511447728639,0.15,0.353,3.18245076087339e-153
"FAM131C",2.01823404377291e-157,-1.93245552391883,0.022,0.128,5.18928337334891e-153
"FLVCR1",2.1667908859993e-157,-1.1673776925078,0.17,0.383,5.5712527260814e-153
"PROM1",2.18390364165856e-157,-2.18674355036279,0.018,0.12,5.61525304343248e-153
"LBX2",2.24326830406336e-157,-1.48225456436556,0.068,0.227,5.76789146340771e-153
"DHX36",2.39669902628284e-157,-0.8790239274989,0.453,0.64,6.16239253637844e-153
"OAF",2.4444618411477e-157,2.02683097525435,0.409,0.195,6.28520028595898e-153
"TUBA4A",3.39331612183601e-157,-0.514677024494928,0.475,0.726,8.72489441246474e-153
"PPP2R5D",5.29871924246304e-157,-1.28574847527413,0.135,0.333,1.3624066916221e-152
"ZBTB20",5.93040987700424e-157,2.28307502638371,0.357,0.134,1.52482698757533e-152
"MROH8",9.94182996048832e-157,-2.49504537694766,0.02,0.122,2.55624331944076e-152
"PERP",1.29654148413658e-156,-0.516812647113534,0.716,0.877,3.33366746401199e-152
"EBPL",1.73304800555147e-156,-0.709172304443931,0.571,0.764,4.45601303187394e-152
"DYNC1LI2",1.95976321798495e-156,-0.973995218095984,0.333,0.558,5.03894318608291e-152
"PDHB",1.95976841899209e-156,-0.720575692695947,0.6,0.762,5.03895655891246e-152
"BAX",3.16353163949609e-156,-0.533359435548949,0.7,0.849,8.13407255147234e-152
"ZNF48",3.56303489403001e-156,-1.71228993055933,0.065,0.218,9.16127531952997e-152
"NBL1",3.71251730393921e-156,-1.51625739659376,0.037,0.165,9.54562449188851e-152
"HIF1AN",4.0728310403566e-156,-1.18079671598655,0.135,0.335,1.04720631709649e-151
"SCO2",4.67419623996836e-156,-0.880455924746763,0.388,0.618,1.20182933722066e-151
"HAGLR",6.42798975296751e-156,-1.82532117878512,0.026,0.139,1.65276472528301e-151
"ILK",6.7944503480677e-156,-0.74634378330531,0.484,0.695,1.74698907349517e-151
"F11",7.58882479201129e-156,4.77958596825425,0.207,0.011,1.95123863052194e-151
"GNA11",7.96347786687974e-156,-1.29793882817997,0.103,0.283,2.04756942913212e-151
"NUDCD1",9.36211829024458e-156,-1.03107746624091,0.259,0.491,2.40718785478769e-151
"NIF3L1",1.14830836190747e-155,-1.1059652319632,0.226,0.452,2.9525304601365e-151
"DDX24",1.35534014821671e-155,-0.630578171250443,0.59,0.765,3.4848505890948e-151
"LINC00863",1.37986143644539e-155,-1.86284490185667,0.034,0.158,3.54789972538837e-151
"B3GLCT",1.53108680645172e-155,-1.48325369086194,0.051,0.194,3.93673039674865e-151
"RSPRY1",1.80776132398604e-155,-1.09347752743669,0.237,0.46,4.6481159162329e-151
"JUN",2.46833316542924e-155,-0.420405714590345,0.826,0.956,6.34657823495165e-151
"TBC1D22B",2.75184337122937e-155,-1.52016264302297,0.061,0.211,7.07553967610497e-151
"ASXL1",3.47689830277986e-155,-1.00140221874174,0.189,0.407,8.93980091610757e-151
"RCE1",4.89784386603089e-155,-1.1979076252704,0.16,0.37,1.25933361483386e-150
"BBS2",1.13187034293435e-154,-1.30428159079162,0.127,0.32,2.91026502575279e-150
"RAB3D",1.66809615018496e-154,-1.72131231412366,0.032,0.153,4.28900882135557e-150
"SCO1",2.05058836423926e-154,-1.01917823956421,0.244,0.476,5.27247280213198e-150
"C6orf132",3.13756377540758e-154,-1.72812042795541,0.031,0.149,8.06730397932796e-150
"TTYH2",3.22132077366884e-154,-2.5428928258734,0.013,0.103,8.28265997325732e-150
"SLC41A1",3.37742721001013e-154,-1.57371224648704,0.066,0.221,8.68404084237804e-150
"NDUFB5",3.56987499708622e-154,-0.478442762741758,0.812,0.907,9.17886259250809e-150
"ANKRD13D",3.74054571236865e-154,-1.31450427848606,0.073,0.234,9.61769113564228e-150
"MAGEH1",4.62693125147147e-154,-1.18937480722838,0.169,0.382,1.18967656337834e-149
"TMEM43",5.04778878302164e-154,-1.01321553515517,0.172,0.388,1.29788745189052e-149
"ADRM1",5.8813687183845e-154,-0.48209533733058,0.763,0.886,1.51221752487102e-149
"DEGS2",6.12290363144099e-154,-2.25843102996516,0.017,0.113,1.57432098171611e-149
"GALNT8",6.51414854589646e-154,-2.15247069657183,0.031,0.149,1.6749178741209e-149
"VIMP",8.33320733266603e-154,-0.47258905874541,0.769,0.869,2.14263426937509e-149
"SUPT20H",8.92358926953183e-154,-0.97025265538151,0.176,0.396,2.29443327298202e-149
"SERP1",1.01535877581787e-153,-0.457071859846507,0.824,0.943,2.61069048438291e-149
"SARS",1.30941422459899e-153,1.11689330342543,0.701,0.602,3.36676585428892e-149
"IFNGR2",1.32232313215596e-153,-1.0151910881412,0.262,0.499,3.39995723739941e-149
"WSB1",1.51804789457074e-153,-0.597013041847642,0.553,0.737,3.90320474652029e-149
"GNAI1",1.9757439635042e-153,2.54599037689391,0.323,0.099,5.080032878962e-149
"ZDBF2",2.32113729405389e-153,-1.753048737979,0.024,0.133,5.96810821047137e-149
"SART1",2.99067398132543e-153,-1.04798689128448,0.27,0.504,7.68962094078394e-149
"WDR83",3.15689494840725e-153,-1.05931041735158,0.154,0.361,8.11700829134471e-149
"RAB2A",3.53392706247585e-153,0.78566526473596,0.804,0.766,9.08643326303791e-149
"PRKRA",3.61309940521749e-153,-0.701966009698895,0.414,0.653,9.29000119069522e-149
"HOXA4",4.14329988666744e-153,-1.96349821569618,0.024,0.133,1.06532526685993e-148
"KLC1",4.77775143361214e-153,-1.19652141910824,0.148,0.351,1.22845544861035e-148
"TIGAR",1.04118719123897e-152,-1.11839641841087,0.127,0.32,2.67710050611363e-148
"EHD4",1.07590982331609e-152,-0.959325373840275,0.315,0.552,2.76637933771033e-148
"KLHL36",1.43753040588904e-152,-1.1888909480592,0.108,0.291,3.6961781796219e-148
"CRKL",1.82226984458774e-152,-1.16054370210093,0.151,0.355,4.68542022440398e-148
"KLHL42",2.11419773247841e-152,-1.24075590731931,0.123,0.314,5.43602520974848e-148
"PCBP2",2.11453440221672e-152,-0.405692208327934,0.855,0.939,5.43689085497962e-148
"GPR35",2.37242520104151e-152,-1.96797181519567,0.022,0.127,6.09997967691794e-148
"ZNF827",2.60813255846291e-152,-1.53807946844628,0.023,0.13,6.70603043431984e-148
"RP11-521B24.3",2.65469803090913e-152,-2.47213230092547,0.02,0.122,6.82575957707355e-148
"FSTL1",3.05631808114878e-152,-1.77505556784774,0.022,0.127,7.85840505024975e-148
"DUSP3",4.18076851381705e-152,-0.872963020071005,0.424,0.635,1.07495920027264e-147
"FGF14-AS2",4.27477751406811e-152,-1.60175131381506,0.059,0.205,1.09913079441719e-147
"UBL7",4.99966249040469e-152,-0.896709447887399,0.403,0.623,1.28551321953285e-147
"EXOSC1",5.06820577512944e-152,-0.850284342073169,0.403,0.632,1.30313706890128e-147
"ITPR3",5.40217501225378e-152,-1.48993466561634,0.034,0.156,1.38900723915069e-147
"TIMP2",6.30232892425606e-152,-1.18976051210945,0.099,0.278,1.62045481300472e-147
"PSIP1",7.59721482119824e-152,-0.886179720465683,0.385,0.619,1.95339587482649e-147
"SMARCD1",7.74661174989341e-152,-1.05092197062457,0.224,0.449,1.99180881313259e-147
"EXOSC5",1.07603313726902e-151,-0.924975545398408,0.393,0.623,2.76669640254611e-147
"UTP23",1.12102401428227e-151,-0.989161935914231,0.265,0.494,2.88237694552257e-147
"ABCG8",1.28064697922466e-151,8.6621917210098,0.184,0,3.29279951298244e-147
"MRPS9",1.53335029926821e-151,-0.940388620364094,0.365,0.589,3.94255028947843e-147
"ULK3",1.69947175383674e-151,-1.29242858631452,0.146,0.346,4.36968177346502e-147
"HSD11B1",1.95153120955662e-151,8.18659519941674,0.186,0.002,5.01777704601198e-147
"RSPH3",3.253349408627e-151,-1.28664390964692,0.097,0.274,8.36501199946175e-147
"CAMTA1",3.38334485287104e-151,0.9912803104806,0.756,0.685,8.69925628570202e-147
"ZNF423",3.69711884670637e-151,-2.51800279556915,0.014,0.105,9.50603197865143e-147
"TIMM22",4.13693121045843e-151,-0.983230016488229,0.176,0.393,1.06368775283307e-146
"RAC3",4.88400086031693e-151,3.99125217098742,0.238,0.037,1.25577430120469e-146
"SRSF6",1.86799403013632e-150,-0.606504493333208,0.499,0.711,4.80298625028651e-146
"SNAPC4",2.10154046221241e-150,-1.74130383203017,0.045,0.178,5.40348083644054e-146
"CRELD2",2.22385112327896e-150,-0.695320587041191,0.429,0.662,5.71796600817486e-146
"UGT2A3",3.22616739690933e-150,4.80917285634462,0.197,0.008,8.29512161093327e-146
"HSPB11",3.36988738503827e-150,1.14043039591868,0.722,0.635,8.6646544444104e-146
"DGKE",3.44041101896366e-150,-1.19778237153423,0.082,0.248,8.84598481195937e-146
"RP1-313I6.12",3.71796522301608e-150,-0.690208675939237,0.281,0.522,9.55963218141895e-146
"BASP1",4.10702389232899e-150,-1.79288430740272,0.036,0.158,1.05599798319563e-145
"AP2B1",4.34688907587924e-150,-0.763385541328257,0.391,0.626,1.11767211919007e-145
"MDH2",4.77899196232098e-150,-0.452304528522213,0.834,0.929,1.22877441335197e-145
"ING2",6.26607641508971e-150,-1.11207155146266,0.245,0.466,1.61113356784787e-145
"SLBP",6.66534679944849e-150,-0.774273369854774,0.454,0.677,1.7137939690742e-145
"AAMP",6.7242160406075e-150,-0.655594404983852,0.63,0.779,1.728930428361e-145
"GNAQ",6.87664602750975e-150,-0.975781070981708,0.267,0.49,1.76812322659331e-145
"FAM117B",8.46196177787978e-150,-1.49580599892676,0.05,0.189,2.17573961232845e-145
"GEM",9.48239785783418e-150,-0.252707184748981,0.142,0.361,2.43811413720632e-145
"DPP4",9.94370175181901e-150,2.42745927237426,0.311,0.091,2.5567245944277e-145
"RFK",9.98196074096431e-150,-0.798151963827774,0.398,0.635,2.56656174571674e-145
"NOP16",1.20691330988119e-149,-0.763819978734626,0.396,0.637,3.10321550236651e-145
"KIAA1217",1.36921135447115e-149,-1.1866030225502,0.11,0.295,3.52051623461623e-145
"RPUSD2",1.41831238791496e-149,-1.39877794260257,0.146,0.342,3.64676481180694e-145
"UTP6",1.52178513861563e-149,-0.880538504269817,0.369,0.595,3.9128139484085e-145
"RRP15",1.6285582543574e-149,-0.829156066349268,0.414,0.631,4.18734898360376e-145
"NUSAP1",1.69445661574692e-149,-0.720771815516633,0.325,0.578,4.35678685040848e-145
"ARPC5L",1.83301384508679e-149,-0.720110732614632,0.517,0.726,4.71304519848717e-145
"TSC22D3",2.45920000456493e-149,2.04379094247078,0.561,0.379,6.32309505173734e-145
"CTTN",2.74157317713087e-149,2.59676491998813,0.643,0.5,7.0491329530389e-145
"NARF",3.04120449261631e-149,-0.75980799385225,0.487,0.688,7.81954499141506e-145
"MAP2K4",3.63805438192354e-149,-1.26573979224852,0.087,0.255,9.3541654268018e-145
"PCOLCE",4.13230477982589e-149,-0.991322281498385,0.125,0.322,1.06249820498883e-144
"SMIM6",5.38427185230371e-149,-1.33892848554513,0.084,0.251,1.38440397866433e-144
"RBP7",5.91145811806341e-149,-1.01154823853629,0.065,0.217,1.51995411131646e-144
"NIPSNAP1",6.64707616029478e-149,-0.776728915603315,0.523,0.713,1.70909622233499e-144
"METTL13",6.78227546971463e-149,-1.19604334639577,0.202,0.416,1.74385866877303e-144
"MMS19",9.00928856396383e-149,-1.35827474855537,0.124,0.311,2.31646827556638e-144
"BPTF",9.68246242443794e-149,-1.02750914627068,0.342,0.549,2.48955473857148e-144
"GBP7",1.23744810408539e-148,4.60927824942464,0.19,0.005,3.18172656522436e-144
"VCAM1",1.31111344916026e-148,4.68105826054069,0.203,0.013,3.37113490048085e-144
"CLUAP1",1.92272333286483e-148,-1.1413603654167,0.139,0.335,4.94370623346204e-144
"GPSM3",2.22458514493207e-148,-0.503598530344201,0.128,0.327,5.71985332464933e-144
"SLC9A3R1",2.75568250103927e-148,-0.504429540237264,0.735,0.866,7.08541084667217e-144
"HNRNPM",2.80854439617287e-148,-0.595588594628514,0.687,0.833,7.22132935143967e-144
"BRD9",3.17842968598483e-148,-0.950127953199464,0.279,0.509,8.17237840860419e-144
"FAM133A",3.95267447892887e-148,3.08315296722936,0.207,0.014,1.01631166202219e-143
"ATP9A",4.06652088972103e-148,-1.18257310586128,0.099,0.274,1.04558385116507e-143
"ZFPM1",4.51072535602484e-148,-2.13078314638911,0.016,0.109,1.15979770354111e-143
"ZNRF1",5.29393918624238e-148,-1.40345931508209,0.083,0.247,1.36117764356664e-143
"LINC01018",6.19414420536461e-148,5.30350181240856,0.191,0.006,1.59263835808335e-143
"UBE2I",6.37266613640865e-148,-0.437189314508648,0.645,0.83,1.63853991699339e-143
"PPID",8.22578236559627e-148,-0.851837217042421,0.39,0.611,2.11501316184211e-143
"ARVCF",8.35727792624703e-148,-1.76979078762386,0.038,0.162,2.14882330039664e-143
"GZF1",1.35512308613271e-147,-1.40504679814788,0.086,0.252,3.48429247906442e-143
"NR6A1",1.43889296020745e-147,-1.21197941192675,0.149,0.345,3.6996815792854e-143
"ALDH6A1",1.44773976005538e-147,1.72200988453868,0.557,0.393,3.7224284710544e-143
"COX5B",1.62581577516653e-147,-0.311736459288944,0.946,0.992,4.18029752110818e-143
"DYNLL2",1.64347761442223e-147,-0.962101821140368,0.298,0.53,4.22570964220243e-143
"CCDC92",2.00269774227132e-147,-1.34474522723093,0.116,0.299,5.14933643492802e-143
"PDCD2L",2.2445639111213e-147,-1.25876988570669,0.165,0.369,5.77122272827509e-143
"TYSND1",2.5531688843484e-147,-1.25054737450261,0.151,0.351,6.5647078354366e-143
"AGPAT2",2.62562675584757e-147,-0.591055561334297,0.556,0.76,6.75101151463526e-143
"SEPN1",2.72633227398206e-147,-1.22814051164338,0.107,0.284,7.00994554286267e-143
"CRP",2.85210861348027e-147,0.632307066401403,0.25,0.04,7.33334166698047e-143
"SSH3",3.27210347833482e-147,-1.52500771493739,0.092,0.26,8.41323246349448e-143
"SAC3D1",3.34272424569695e-147,-0.984184234358589,0.311,0.548,8.594812580536e-143
"CCL15",3.94769428910692e-147,1.43758081658804,0.634,0.525,1.01503115561517e-142
"ELF3",3.96738867389107e-147,-0.344443592088982,0.56,0.78,1.02009497583087e-142
"MPV17L2",5.53467288783384e-147,-1.1897994779175,0.187,0.397,1.42307509291984e-142
"IGSF9",6.03106979860285e-147,-1.62068731398748,0.039,0.163,1.55070866661677e-142
"ELMO2",7.08234687431258e-147,-1.41913910316837,0.082,0.245,1.82101302832325e-142
"FKBP9",7.28551907538116e-147,-1.05578534923928,0.193,0.41,1.873252664662e-142
"HLF",7.69390916200323e-147,3.66674403783817,0.256,0.055,1.97825792373427e-142
"SEMA4B",8.67306403858727e-147,-1.22745299725526,0.092,0.265,2.23001822560156e-142
"PROSER1",8.9120675773457e-147,-1.48091896412887,0.057,0.201,2.29147081548713e-142
"MRPL20",1.10124510864411e-146,0.72594511028801,0.804,0.757,2.83152142334575e-142
"FARSA",1.17843235253514e-146,-0.903903675433705,0.343,0.573,3.02998526483836e-142
"MTX2",1.32291551014673e-146,-0.739496554799621,0.494,0.696,3.40148035968928e-142
"SLC7A6OS",1.40605987001909e-146,-1.17568919196978,0.173,0.379,3.61526113779307e-142
"YWHAE",1.68618985974399e-146,-0.368743883530415,0.814,0.919,4.33553136737375e-142
"TRIM65",1.7680662589389e-146,-1.77061210351008,0.061,0.204,4.5460519649837e-142
"PDE9A",2.13723388649708e-146,-1.45659935255206,0.05,0.186,5.4952557689613e-142
"CALU",2.61572219725459e-146,-0.661209041105516,0.549,0.732,6.725544913581e-142
"KDM5A",2.64709510052771e-146,-0.970109630393825,0.247,0.47,6.80621092247684e-142
"COG1",3.41578139050309e-146,-1.36134299098348,0.139,0.33,8.78265711126155e-142
"POM121",3.53971893866747e-146,-1.04775777949117,0.187,0.396,9.10132533510179e-142
"ZNF165",4.15412290402471e-146,-0.766775609798017,0.096,0.271,1.06810808108283e-141
"NR1I3",4.69555042174384e-146,4.2959775078382,0.22,0.028,1.20731992443877e-141
"DUSP14",5.55104370456536e-146,-0.942199518550918,0.292,0.523,1.42728435731785e-141
"SNRPG",5.96510094923722e-146,-0.379682126617907,0.898,0.961,1.53374675606787e-141
"KHDRBS1",8.31892718075326e-146,-0.661903327858068,0.578,0.75,2.13896255671528e-141
"MED27",8.58121677642212e-146,-1.06759310616795,0.152,0.354,2.20640245755366e-141
"RNF25",9.14977088474847e-146,-1.20789916601985,0.14,0.333,2.35258908988653e-141
"NUP62",1.02179631724698e-145,-0.964276669737939,0.256,0.48,2.62724269090543e-141
"NSMCE2",1.50533601352221e-145,-0.747197224581077,0.463,0.683,3.8705199579683e-141
"RP11-138A9.1",1.60945916640434e-145,2.29379291364624,0.293,0.079,4.13824140865885e-141
"CITED2",1.6607296045519e-145,-0.797285229853922,0.458,0.674,4.27006795922385e-141
"KIAA0895",1.96730871788306e-145,-1.48009451150921,0.056,0.198,5.05834417542094e-141
"EXOSC7",2.96738800658176e-145,-0.910365005177066,0.371,0.593,7.62974804252301e-141
"MAP3K7",3.17016736596168e-145,-0.981683791731965,0.281,0.503,8.15113433136066e-141
"EZR",3.35536623309121e-145,-0.39496078966808,0.48,0.718,8.62731765852413e-141
"MED16",3.43005334267322e-145,-1.13336853126761,0.185,0.395,8.81935315468138e-141
"PAGE1",3.43600903304529e-145,7.66270514765399,0.184,0.004,8.83466642576605e-141
"ALDH3A1",4.31924319381734e-145,9.10432552923179,0.18,0.002,1.11056380999431e-140
"AK3",4.40942071178921e-145,-0.734660125392371,0.522,0.713,1.13375025341524e-140
"TARSL2",4.65679638235833e-145,-0.999416961622035,0.136,0.331,1.19735548583197e-140
"COG8",5.08959142456913e-145,-1.17048001100318,0.129,0.318,1.30863574708521e-140
"POGLUT1",5.25006177093252e-145,-1.26138690819254,0.119,0.301,1.34989588254217e-140
"EIF4EBP3",7.2457503721705e-145,4.32438533387321,0.198,0.012,1.86302733569248e-140
"PRAP1",7.53883274338748e-145,0.977607847881291,0.883,0.938,1.93838467497979e-140
"IRF7",7.9332664739868e-145,2.42833214884928,0.243,0.039,2.03980147579149e-140
"HDAC1",8.83810151548393e-145,-0.639962465616169,0.502,0.717,2.27245266166123e-140
"C16orf59",9.08007290052952e-145,-1.40064809974875,0.1,0.273,2.33466834418415e-140
"ARPP19",1.09284000674071e-144,-0.67289779906622,0.503,0.7,2.8099102253317e-140
"UBE2E2",1.23494204075797e-144,-0.838891787256685,0.361,0.598,3.17528297519688e-140
"MRFAP1",1.84804130710389e-144,-0.514750878323351,0.747,0.862,4.75168380882551e-140
"UMPS",2.18742560108637e-144,-0.881027160087703,0.365,0.59,5.62430870551328e-140
"LINC01420",2.22392429527285e-144,-0.69331733123418,0.326,0.585,5.71815414800555e-140
"ALYREF",2.97561770366298e-144,-1.20007960329873,0.112,0.292,7.65090823965826e-140
"ENPP2",3.02413732151512e-144,-1.05822161541306,0.136,0.333,7.77566188107967e-140
"KLK8",3.20997469105177e-144,-1.73782637297132,0.021,0.12,8.25348692563231e-140
"FAM43A",3.55336034422218e-144,-1.74421799774091,0.075,0.228,9.13640011706408e-140
"DNAJA2",4.47039785396595e-144,-0.758665809608857,0.467,0.688,1.14942869621173e-139
"ELL2",5.29398316534966e-144,1.83515691903951,0.449,0.255,1.3611889514747e-139
"RNF219",6.13349576522919e-144,-1.13541670669921,0.117,0.302,1.57704443115573e-139
"EPDR1",8.87839109619223e-144,-1.11506221169567,0.226,0.444,2.28281191865295e-139
"SMDT1",1.2212720881274e-143,-0.469281375294056,0.761,0.857,3.14013479299316e-139
"UQCR10",1.27561480283854e-143,-0.282774926448252,0.952,0.987,3.27986078105846e-139
"LARP4B",1.35860246912762e-143,-0.986796662165633,0.186,0.397,3.49323866862093e-139
"IFI27",1.58885296544275e-143,3.65732234139594,0.506,0.359,4.08525874474639e-139
"FAR1",1.63339583674002e-143,-1.40995658446033,0.054,0.194,4.19978737542594e-139
"CCDC80",1.64377393432039e-143,-1.09383401695034,0.043,0.171,4.22647153992458e-139
"NOLC1",1.69843102155863e-143,-0.953084068866994,0.324,0.548,4.36700584263155e-139
"WWOX",2.16854906106871e-143,-1.06471486640128,0.203,0.42,5.57577334581987e-139
"SEMA7A",2.44358702790379e-143,-1.86992146312342,0.02,0.117,6.28295096614623e-139
"BFAR",2.65722918124757e-143,-0.943939481812547,0.288,0.514,6.83226767082376e-139
"LIN7A",2.76091780857219e-143,3.10322121638667,0.238,0.04,7.09887186940082e-139
"ALDOC",3.22872760186647e-143,-0.741968354146042,0.568,0.755,8.30170440991906e-139
"ENTPD5",3.29180459838569e-143,1.97263381140432,0.443,0.243,8.46388798336928e-139
"UBE2G1",3.34623664559987e-143,-0.882910496018361,0.256,0.489,8.60384366316639e-139
"TJP2",3.43621257351659e-143,-1.07250227515376,0.25,0.467,8.83518976902585e-139
"CTC-524C5.2",3.45754284427128e-143,-1.13770507628258,0.161,0.365,8.89003416119032e-139
"ERBB2",3.73725897119042e-143,-1.10045911145118,0.126,0.314,9.6092402667248e-139
"DNAJB6",3.75695646248797e-143,-0.555928632767634,0.674,0.82,9.65988645634906e-139
"UNC13B",3.94519119797603e-143,-1.29873805503269,0.067,0.218,1.0143875608236e-138
"TMEM223",4.04347965873864e-143,-0.919725492204189,0.411,0.619,1.03965948985488e-138
"ENPP5",6.16240035502867e-143,-1.87064091943285,0.037,0.158,1.58447637928497e-138
"VAT1",6.38906486762851e-143,-0.848292119417601,0.399,0.623,1.64275635876464e-138
"STAM",6.53357000656342e-143,-1.015398758367,0.15,0.348,1.67991152008759e-138
"NPDC1",7.27481074600953e-143,-1.27020105205341,0.054,0.193,1.87049933901397e-138
"HOGA1",9.01340613174105e-143,-1.73911546093752,0.06,0.2,2.31752698459326e-138
"LAMP1",1.09106207127446e-142,-0.593788372656214,0.638,0.804,2.8053387976609e-138
"KYNU",1.84046917718826e-142,3.02719947944695,0.222,0.027,4.73221434838645e-138
"KCTD20",2.09365967769545e-142,-0.991953146761924,0.289,0.508,5.38321776329054e-138
"NCOA6",2.32433615432005e-142,-1.14613120373224,0.149,0.345,5.97633311998772e-138
"TNFAIP2",2.36232121132871e-142,-0.966913545786388,0.13,0.324,6.07400029856839e-138
"BCL2L1",2.46167724422364e-142,-0.949303522194999,0.299,0.522,6.32946453034782e-138
"GALC",3.65271652979513e-142,-1.14738945596188,0.051,0.19,9.39186474140925e-138
"PPA1",6.05369886277154e-142,-0.499455141891654,0.782,0.897,1.55652705159582e-137
"NOL3",6.66429855640177e-142,-1.06463121205623,0.207,0.419,1.71352444482202e-137
"CDC42EP2",8.29153840780194e-142,-1.18697120782321,0.075,0.231,2.13192035541403e-137
"JSRP1",8.87906411428934e-142,-1.85984674799404,0.025,0.13,2.28298496506607e-137
"KPNA3",1.04338218176248e-141,-0.862275881472599,0.343,0.56,2.68274426574768e-137
"MON1B",1.18236442886798e-141,-1.2526605339191,0.117,0.296,3.04009541950535e-137
"SETD6",1.30763533142102e-141,-1.45897598774321,0.104,0.275,3.36219196414973e-137
"CH17-189H20.1",1.6262677849249e-141,-0.720591060746114,0.357,0.587,4.1814597285989e-137
"STK17A",1.6671661652411e-141,-0.655055532951834,0.261,0.499,4.28661764406791e-137
"MRPL38",1.7515737897012e-141,2.70137268380584,0.271,0.067,4.50364652807972e-137
"RP11-44N11.2",2.14878128985321e-141,-2.00037127319857,0.029,0.139,5.52494645247058e-137
"LACTB2",2.16810199623147e-141,1.38595516381805,0.56,0.403,5.57462385271036e-137
"MROH6",2.36430733304015e-141,-1.67692644773867,0.091,0.252,6.07910701471284e-137
"ATG9A",3.26708017361387e-141,-1.01921856664283,0.181,0.388,8.40031654239599e-137
"SLTM",4.37584041511009e-141,-0.740707770733454,0.542,0.703,1.12511608753311e-136
"POLR3A",4.41897497461066e-141,-1.35922661391331,0.086,0.245,1.13620684547189e-136
"RP11-923I11.8",4.54204807122634e-141,-2.04153960356424,0.015,0.104,1.16785140007372e-136
"TRMT2A",4.70366319159388e-141,-1.04559961338032,0.231,0.447,1.20940587982262e-136
"ATP11A",4.74442647417067e-141,-1.0543803415333,0.098,0.271,1.21988693503876e-136
"RP11-11N9.4",5.31588670011813e-141,-0.854179542154652,0.104,0.284,1.36682078833437e-136
"SNAI2",6.62537573925529e-141,3.43313578510121,0.237,0.041,1.70351661007732e-136
"TMEM99",6.74497934181742e-141,-0.67399616990594,0.351,0.613,1.73426908836809e-136
"CHCHD1",1.09769141591386e-140,-0.628973952974463,0.582,0.762,2.82238416859773e-136
"AVPI1",1.12898219386636e-140,-0.899313708681157,0.271,0.494,2.90283901686918e-136
"MCM8",1.14068536241537e-140,-1.37661835279683,0.091,0.253,2.9329302038424e-136
"LY96",1.38236368069113e-140,1.44519890852428,0.334,0.108,3.55433349579304e-136
"FAM219B",1.65233762340149e-140,-1.08460900195042,0.114,0.295,4.24849049728991e-136
"LPA",2.024561502424e-140,-1.01461028168663,0.094,0.268,5.20555253503258e-136
"LRRC16A",2.39049093594514e-140,-0.93671860338132,0.14,0.335,6.14643029450215e-136
"CKAP4",2.44609229716005e-140,-0.891279290266426,0.316,0.532,6.28939251445791e-136
"CNBD2",2.46406959783269e-140,-1.22612623386742,0.126,0.31,6.33561574994742e-136
"GIPC2",2.66037289991164e-140,4.13217549661758,0.208,0.022,6.84035080025282e-136
"RCN1",2.75143493416327e-140,-0.887446518250344,0.437,0.661,7.07448950272059e-136
"LAMTOR4",7.33224521096566e-140,-0.38835475347899,0.839,0.919,1.88526688864349e-135
"GGA2",1.09482834597826e-139,-1.0816130192814,0.157,0.354,2.81502264317929e-135
"HOXA11",1.2921924367559e-139,-2.55084455607793,0.016,0.105,3.32248519338676e-135
"NIFK",2.09320442438774e-139,-0.797169599871565,0.46,0.669,5.38204721598575e-135
"TRIM26",2.33174302488937e-139,-0.946282137419468,0.255,0.473,5.99537766559555e-135
"AZIN1",3.11837197724394e-139,-0.64496748343906,0.553,0.739,8.01795802788962e-135
"MLLT10",3.12339251989679e-139,-0.794759804385131,0.324,0.547,8.03086684715864e-135
"RHOT2",4.74295004197674e-139,-0.750643161353757,0.373,0.599,1.21950731479306e-134
"VCL",4.76878183246619e-139,-1.1252804661519,0.138,0.328,1.22614918476371e-134
"UROS",6.15206377602344e-139,-0.814220412050308,0.4,0.63,1.58181863809115e-134
"UBAC2",6.58685966868496e-139,-0.852941994963157,0.38,0.595,1.69361335801228e-134
"RGN",8.32673678284906e-139,1.63998766456751,0.466,0.269,2.14097056160615e-134
"TERF2",8.91942895971777e-139,-1.271354432736,0.106,0.276,2.29336357412263e-134
"HSD17B2",9.55915633634187e-139,-0.617741277957007,0.35,0.627,2.45785027720022e-134
"ALPK3",1.20251654393387e-138,-1.73070495071899,0.038,0.156,3.09191053776276e-134
"CIR1",1.21166226031672e-138,-0.787693724204539,0.434,0.647,3.11542600372635e-134
"RPGRIP1L",1.23767258314268e-138,-1.38519741051196,0.067,0.213,3.18230374577645e-134
"ITIH2",1.27649004729895e-138,1.28231260940042,0.739,0.656,3.28211120961505e-134
"CYSTM1",1.33880098935537e-138,0.918020436100482,0.804,0.796,3.44232510383052e-134
"CIDEB",1.69207531833947e-138,-0.809328249852832,0.339,0.58,4.35066405851444e-134
"CTC-425F1.4",1.79601463843125e-138,-1.52152057299648,0.054,0.19,4.61791283833444e-134
"VAV2",2.82754890139782e-138,-1.21487589602813,0.137,0.323,7.27019373527407e-134
"GNB2",2.98417603080736e-138,-0.576344445703273,0.648,0.811,7.67291341041188e-134
"CHMP5",4.72092382846522e-138,-0.505377669943841,0.638,0.806,1.21384393477498e-133
"GID8",4.97463476726086e-138,-0.66960785421943,0.538,0.727,1.27907809135811e-133
"VAMP5",5.21051627888081e-138,1.02085736930052,0.719,0.647,1.33972794562584e-133
"CDK1",5.68023911102703e-138,-0.727264056626899,0.23,0.457,1.46050308022727e-133
"AP3M1",5.76455438872584e-138,-1.01004022172734,0.187,0.393,1.48218222442919e-133
"SNHG25",6.78396129471194e-138,2.16332480531024,0.539,0.398,1.74429212809633e-133
"NPHP1",7.11639327947347e-138,-1.35924681187188,0.101,0.27,1.82976704001822e-133
"TRIM55",7.41229535537299e-138,6.96608055123632,0.172,0.002,1.9058493817735e-133
"NKIRAS2",1.34893963226435e-137,-0.916105107317836,0.318,0.537,3.4683935824781e-133
"QSOX2",1.5823101684921e-137,-1.53052751732085,0.053,0.186,4.06843590522688e-133
"ARSA",1.75528573181687e-137,2.51389390584702,0.31,0.103,4.51319067364753e-133
"RAB3B",1.87852950288094e-137,-0.820957982050253,0.118,0.305,4.83007505780749e-133
"AKR7A3",2.00621173298162e-137,2.24581408227284,0.425,0.23,5.15837160784234e-133
"IWS1",2.56219722289603e-137,-0.949536357429455,0.268,0.485,6.58792149951028e-133
"SMAP1",2.88639973447593e-137,-0.752378347780531,0.465,0.676,7.42151099728451e-133
"C9orf69",3.04987328770317e-137,-1.22508712847841,0.134,0.317,7.84183419734238e-133
"ATP5B",3.11061657357587e-137,-0.321714287703967,0.928,0.976,7.99801733397828e-133
"ELP6",4.32766130149759e-137,-0.964813106561046,0.273,0.491,1.11272827384106e-132
"PLCXD2",5.38367442757651e-137,2.19961180342117,0.333,0.124,1.38425036881847e-132
"PHF11",5.58225914831692e-137,-0.967740061467934,0.176,0.381,1.43531047221525e-132
"ATXN1L",5.83554980700863e-137,-1.14737377942965,0.101,0.268,1.50043656637806e-132
"MYO1A",6.15070693735457e-137,-1.20149517298545,0.045,0.171,1.58146976773261e-132
"CRACR2B",6.17996117651755e-137,-1.25194771522748,0.082,0.241,1.58899161770619e-132
"VNN2",7.15498539584093e-137,4.78131025415198,0.181,0.007,1.83968984497862e-132
"HDDC2",1.03439683775966e-136,-0.671122511300606,0.403,0.634,2.65964114924764e-132
"CDC37",1.04655964649498e-136,-0.620362374361322,0.568,0.748,2.69091416306788e-132
"MAN1B1-AS1",1.14032439756204e-136,-2.10907488449197,0.02,0.114,2.93200209101152e-132
"RRP36",1.24284364574348e-136,-1.07906735899114,0.265,0.474,3.19559958193562e-132
"ZNF710",1.81217020533509e-136,-1.64331290764049,0.042,0.163,4.65945203195758e-132
"NDUFAB1",2.73802667695321e-136,-0.416702273173536,0.794,0.902,7.04001419178209e-132
"USP10",3.49969071853456e-136,-0.935306802687246,0.266,0.479,8.99840477549607e-132
"MRPS35",3.710335927849e-136,-0.471400132393848,0.591,0.782,9.54001573768534e-132
"SEC23IP",3.73322064653034e-136,-1.00222274667816,0.207,0.418,9.59885692635881e-132
"MRPL55",3.84763354092369e-136,0.807102968832151,0.781,0.755,9.89303536042299e-132
"DECR1",4.15076875308997e-136,0.838056734753366,0.781,0.735,1.06724566179449e-131
"ARF5",4.34454494872211e-136,-0.587341030218511,0.632,0.797,1.11706939721543e-131
"MYO1B",4.39004667754719e-136,1.8731545408735,0.448,0.255,1.12876880173093e-131
"PITPNA",5.96218775278678e-136,-1.12996336819834,0.09,0.251,1.53299771499654e-131
"CNIH4",7.21791431773302e-136,-0.466798991088283,0.719,0.859,1.85587012937551e-131
"YTHDF1",7.48752195680126e-136,-0.941745268740609,0.197,0.402,1.92519164553274e-131
"CSRNP1",7.83279699114999e-136,-0.810780519794043,0.204,0.419,2.01396876236449e-131
"CRIP3",8.79083731071805e-136,4.38410450049594,0.2,0.021,2.26030008933183e-131
"RPIA",1.26127407628494e-135,-0.910737621014222,0.265,0.485,3.24298790494384e-131
"RAD21",1.28561732873123e-135,-0.55829014171562,0.622,0.783,3.30557927563375e-131
"AURKA",1.54663164937674e-135,-0.825671752537131,0.231,0.451,3.97669929687748e-131
"WAC-AS1",1.60176941875029e-135,-1.14813879776996,0.187,0.389,4.11846952949075e-131
"MAP1S",1.88484440365472e-135,-1.13266261881477,0.156,0.352,4.84631193067702e-131
"FBXO2",1.88681378519576e-135,-0.759013042838012,0.273,0.511,4.85137560449534e-131
"GRHPR",2.24343825430357e-135,1.38534395212842,0.726,0.688,5.76832843946535e-131
"GNAL",2.33588248697398e-135,-1.61376088749227,0.055,0.187,6.00602105050751e-131
"VSNL1",2.36847184047065e-135,2.29494455103065,0.3,0.094,6.08981479621814e-131
"RP11-110G21.1",2.61733061206948e-135,-1.92583104051526,0.034,0.147,6.72968046975304e-131
"RASSF4",2.8938892468663e-135,2.10505345045432,0.322,0.115,7.44076803154264e-131
"HMOX2",3.43280189699956e-135,-0.575933014039409,0.434,0.665,8.82642023756526e-131
"CCR6",4.44840737637847e-135,-0.848091772175892,0.047,0.174,1.14377450461443e-130
"THBD",4.49670532504021e-135,-2.38127651611279,0.017,0.107,1.15619287317434e-130
"PITPNA-AS1",4.63478746747443e-135,-0.986971763561355,0.197,0.404,1.19169655363702e-130
"GGT7",5.29438530178881e-135,-1.15854748596735,0.142,0.331,1.36129234879594e-130
"MT-CO1",5.49755916919659e-135,0.633150132699856,0.987,0.999,1.41353241358383e-130
"LGALSL",6.04331375159142e-135,-1.10464567891752,0.144,0.333,1.55385683180919e-130
"PRKX",7.20946023459701e-135,-1.17155256087802,0.04,0.161,1.85369641551958e-130
"DPP8",1.061765361135e-134,-0.962302201795119,0.179,0.382,2.73001109655031e-130
"ZDHHC6",1.08254225425441e-134,-0.870602053272763,0.289,0.516,2.78343264413893e-130
"CTCF",1.34442196894515e-134,-0.917516325669101,0.211,0.421,3.45677776655178e-130
"CCNA2",1.35362328190289e-134,-1.08941007856427,0.125,0.306,3.4804361824287e-130
"PPP5C",1.49874092282823e-134,-0.887729782528331,0.285,0.505,3.85356266077596e-130
"USP30-AS1",1.64492534030418e-134,3.94666860645791,0.183,0.009,4.22943203499011e-130
"DLEU1",1.89671362842375e-134,-0.943698531634896,0.229,0.444,4.87683008140314e-130
"TMEM18",1.96161847868063e-134,-0.831602169861394,0.375,0.587,5.04371343238363e-130
"CCAR1",3.25227364938171e-134,-0.855556739394138,0.374,0.582,8.36224600729024e-130
"TCEAL8",3.92026919098646e-134,-0.648620803513102,0.562,0.751,1.00797961438644e-129
"SRRM2",3.927508375633e-134,-0.73083703698057,0.535,0.699,1.00984095354276e-129
"LLPH",3.98719832711434e-134,-0.663571236136302,0.482,0.696,1.02518843386764e-129
"CFAP36",4.27324400403163e-134,-0.852511327600972,0.252,0.473,1.09873649831661e-129
"EXD2",4.5448305387511e-134,-1.39720016228463,0.061,0.2,1.16856682812368e-129
"FANCE",4.77423001429222e-134,-1.83772241697127,0.035,0.147,1.22755002127482e-129
"CASP4",5.22293145270036e-134,1.67074077957715,0.371,0.154,1.34292013511832e-129
"YPEL2",5.45534810446093e-134,-1.02236313147196,0.161,0.356,1.40267910461899e-129
"HDDC3",5.53745061075825e-134,-0.852613514025225,0.403,0.612,1.42378930103816e-129
"LURAP1L",5.58665801170548e-134,2.06121897931469,0.369,0.159,1.43644150796971e-129
"CEP250",5.81372752447047e-134,-1.18917002550759,0.097,0.26,1.49482562109185e-129
"HOXA-AS2",5.94385204106906e-134,-1.48513224375378,0.059,0.195,1.52828323679968e-129
"LYZ",7.74777210437794e-134,3.90033170532006,0.532,0.363,1.99210716347766e-129
"NFS1",8.57043730526378e-134,-1.07907565626991,0.243,0.455,2.20363083992942e-129
"TRMT112",9.11223524214884e-134,-0.372308987467855,0.879,0.965,2.34293792546131e-129
"CNOT3",1.29987455941161e-133,-1.03436290335376,0.189,0.394,3.34223746715913e-129
"PPM1D",1.72250332285518e-133,-1.39605920389652,0.101,0.265,4.42890054372524e-129
"C11orf58",2.22712595082653e-133,-0.406257749539963,0.776,0.902,5.72638624476517e-129
"HPX",2.37690123203633e-133,1.99620924845831,0.631,0.523,6.11148844781182e-129
"ECH1",3.00725816739581e-133,0.56529857441399,0.907,0.901,7.73226220000811e-129
"PAGR1",3.05667663258179e-133,2.87460435130843,0.245,0.052,7.85932695769429e-129
"KBTBD7",3.43136140080957e-133,-0.921317172429563,0.154,0.35,8.82271643376157e-129
"SEC14L2",4.3441187651848e-133,2.4181362671386,0.339,0.139,1.11695981690432e-128
"ACSL4",4.82897190467059e-133,2.11370835418983,0.367,0.166,1.2416252561289e-128
"ASMTL",5.11251444884569e-133,2.49559475157004,0.302,0.101,1.3145297150872e-128
"UBXN7",6.3656442749361e-133,-1.06563711407567,0.154,0.344,1.63673445597157e-128
"RARS2",6.38619345475819e-133,-0.877003387864647,0.329,0.549,1.64201806108743e-128
"CAMKMT",6.59231400670751e-133,-1.31818489379514,0.099,0.264,1.69501577740463e-128
"SHMT1",7.8082739828137e-133,1.97358371146308,0.429,0.239,2.00766340646106e-128
"UBN1",9.49687181770582e-133,-1.0100997212008,0.222,0.432,2.44183568176852e-128
"COX6B1",1.20480066393551e-132,0.36763958749216,0.97,0.984,3.09778346711098e-128
"PC",1.25568273973419e-132,2.78864805592796,0.241,0.051,3.22861146040456e-128
"LIMK1",1.29357345490578e-132,-1.35263220078353,0.056,0.19,3.32603606725374e-128
"ZKSCAN3",1.3927482478363e-132,-1.67331573480975,0.037,0.151,3.58103429483668e-128
"STK24",1.65238573274421e-132,-0.794196679638856,0.211,0.425,4.24861419603191e-128
"ERN1",1.6901165754255e-132,-1.09675001804801,0.192,0.391,4.34562773873404e-128
"TLE4",2.16148771343973e-132,-0.642484820864715,0.136,0.328,5.55761720879623e-128
"FAM127A",2.20126883005367e-132,-0.597722040588766,0.354,0.589,5.65990241583399e-128
"NME6",2.57851751695197e-132,-1.04147459018884,0.246,0.459,6.62988423958691e-128
"PPP2CA",2.77803267447221e-132,-0.651888942783933,0.533,0.734,7.14287761260294e-128
"ZNF337-AS1",2.97636205353121e-132,-1.60922037815017,0.077,0.224,7.65282211203944e-128
"HEBP1",3.61003046365955e-132,-0.766509261567053,0.487,0.682,9.28211032816143e-128
"SPIRE2",3.82711312934576e-132,-1.38970305585025,0.067,0.209,9.84027327817382e-128
"NAPA",4.30730348453044e-132,1.22517215559407,0.635,0.519,1.10749387194247e-127
"EMC6",5.10864999320761e-132,-0.708865768091554,0.512,0.705,1.31353608625354e-127
"BANP",7.58655798161587e-132,-1.22792535830522,0.121,0.297,1.95065578823307e-127
"PBX1",9.0196617494431e-132,-1.40093241267265,0.071,0.218,2.31913542901681e-127
"TJAP1",9.71216347731724e-132,-1.04740444666652,0.161,0.354,2.49719147328781e-127
"PLEKHA5",1.02914264226399e-131,-0.899037337277047,0.283,0.496,2.64613156178917e-127
"UGT2B17",1.3319645530639e-131,9.44863368450149,0.162,0,3.42474725883791e-127
"TRAF7",1.57343943042441e-131,-0.728862900805672,0.346,0.571,4.04562746350724e-127
"CCDC43",1.76575324712646e-131,-0.943538324478455,0.248,0.461,4.54010474901155e-127
"TM9SF4",1.76821522038751e-131,-0.956241736538155,0.255,0.467,4.54643497466037e-127
"ZBTB10",1.94727482138869e-131,-0.825920876476054,0.229,0.441,5.00683302075459e-127
"INTS6",2.13100398623202e-131,-0.789004735109533,0.3,0.517,5.47923744939976e-127
"UAP1L1",4.00903073509888e-131,-1.83291652799458,0.017,0.105,1.03080198260862e-126
"PSMD3",4.27448713501579e-131,-0.589553006964119,0.568,0.783,1.09905613215526e-126
"MUM1",4.29004508311459e-131,-0.897004870149605,0.358,0.553,1.10305639177042e-126
"TCEA1",4.32146242474341e-131,0.960830365774711,0.768,0.712,1.11113441865003e-126
"MXD4",5.77283106691482e-131,-0.96821851569168,0.159,0.35,1.48431032392514e-126
"GK",5.92912485791244e-131,2.17888499382178,0.289,0.087,1.52449658346645e-126
"GSE1",7.78305011458525e-131,-1.06181705380668,0.109,0.279,2.00117784546216e-126
"H2AFJ",8.27241190027381e-131,-0.514724432293448,0.639,0.807,2.1270025477984e-126
"KLF15",1.11790655059453e-130,2.96542306379754,0.242,0.055,2.87436132288866e-126
"GLT8D1",1.17936267834081e-130,-0.879934935418218,0.313,0.539,3.03237731854989e-126
"TMEM237",1.62485982360011e-130,-0.970772769427959,0.222,0.435,4.17783957844059e-126
"SYTL1",1.77520265623722e-130,-1.21818767555594,0.097,0.258,4.56440106971715e-126
"SLC30A1",2.34727911701036e-130,-0.984495363749452,0.29,0.501,6.03532406565704e-126
"ITPR2",2.57827074085389e-130,2.59694254325624,0.259,0.066,6.62924972888353e-126
"ACOT12",3.05177650531933e-130,4.89386956685329,0.179,0.01,7.84672775047707e-126
"ZNF720",3.82384006659559e-130,-1.09703047713574,0.112,0.282,9.83185757923059e-126
"LAMA5-AS1",4.1069896651919e-130,7.85132909468596,0.162,0.001,1.05598918271414e-125
"DHRS1",4.38924293033218e-130,1.88478845050876,0.445,0.254,1.12856214224701e-125
"ZBTB2",4.74763177025119e-130,-1.27144842295533,0.114,0.285,1.22071108076699e-125
"CCDC64B",5.96951745753894e-130,-1.73217499624474,0.032,0.14,1.53488232868241e-125
"PTOV1",6.05004691533739e-130,-0.73289630463735,0.343,0.565,1.55558806287155e-125
"MANF",7.50588563096131e-130,-0.471890947571401,0.765,0.891,1.92991331343277e-125
"UBE2R2",7.92983793194426e-130,-0.862419706616439,0.343,0.55,2.03891992906151e-125
"ZNF174",8.74577048232013e-130,-1.63574942811659,0.07,0.21,2.24871250641415e-125
"RP11-792A8.4",8.77329888667799e-130,-0.757329067583626,0.398,0.627,2.25579060974265e-125
"CTSB",1.02649911242427e-129,0.494413228092341,0.791,0.739,2.63933451786527e-125
"SLC6A1",1.1898700362762e-129,5.49941052641438,0.172,0.007,3.05939383727336e-125
"THOC6",1.62923390092972e-129,-0.611595448226821,0.349,0.582,4.18908620607049e-125
"CNOT1",1.92688137937211e-129,-0.935861112716606,0.241,0.448,4.95439740264157e-125
"CDC6",2.41086387325743e-129,-1.15169328133106,0.16,0.347,6.1988131909195e-125
"STXBP6",2.41169092155228e-129,-0.904761008557944,0.226,0.436,6.20093969749521e-125
"LINC00839",3.52030333655699e-129,-1.30660713346585,0.051,0.178,9.05140393895533e-125
"TOB2",3.85535730348156e-129,-0.888369674422329,0.308,0.519,9.91289469871178e-125
"FMNL2",3.9220900246721e-129,-1.37364078966307,0.04,0.157,1.00844778714369e-124
"MAP1A",4.58071459429452e-129,-1.98438832144245,0.017,0.103,1.17779333648501e-124
"NEK11",4.62653927908158e-129,-1.64369654224048,0.026,0.127,1.18957577943746e-124
"NPPB",4.80405971893624e-129,-1.56561448233108,0.02,0.11,1.23521983493289e-124
"ST3GAL1",5.09645586303867e-129,2.18682693165561,0.354,0.16,1.3104007315045e-124
"DCP1A",6.95529730005477e-129,-0.897367636605906,0.236,0.444,1.78834604179008e-124
"RFC3",7.19867570768543e-129,-1.09624271804108,0.166,0.357,1.85092349796008e-124
"GRB10",7.67922586980717e-129,-0.944140112525869,0.183,0.382,1.97448255564482e-124
"SPIB",8.26584043530129e-129,-1.85078748477134,0.017,0.103,2.12531289272467e-124
"AC011043.1",1.0454745464124e-128,-0.937082851029878,0.105,0.275,2.68812415373555e-124
"RTCB",1.10009465762376e-128,-0.661321117327517,0.52,0.704,2.82856338368221e-124
"TRIP13",1.10254280591429e-128,-1.32187516049476,0.124,0.296,2.83485806256682e-124
"CTB-50L17.10",1.27655436836941e-128,-1.03948339056946,0.175,0.367,3.28227659195141e-124
"MAN1A1",1.2773492901165e-128,1.76641098057696,0.438,0.244,3.28432049474754e-124
"UROD",1.28547761774609e-128,1.29852878237069,0.606,0.475,3.30522005074875e-124
"NANP",1.73911549485033e-128,-1.38486298876846,0.089,0.245,4.47161376035917e-124
"TAF1A",1.99937114039046e-128,-1.33488683219191,0.079,0.23,5.14078307617196e-124
"SPARCL1",2.02332412379503e-128,5.06216583654558,0.178,0.011,5.20237098710179e-124
"DIDO1",2.12827512641044e-128,-1.01331738181643,0.187,0.385,5.47222100502653e-124
"EIF3M",2.5977815758578e-128,-0.483793610679702,0.676,0.84,6.67941598784558e-124
"GYG1",3.14808155329222e-128,-0.780905996065635,0.335,0.558,8.09434728982495e-124
"KCTD10",3.58208687589737e-128,-1.17796613514406,0.1,0.262,9.21026177530731e-124
"ZFP64",4.17104643788446e-128,-1.16919680080431,0.124,0.298,1.07245946010885e-123
"LGI4",4.31145720514997e-128,-1.25619436765676,0.059,0.193,1.10856187658816e-123
"ATG101",5.29596532993056e-128,-0.64330129253233,0.525,0.708,1.36169860563175e-123
"MAZ",6.02144388747259e-128,-0.69518320307608,0.288,0.512,1.54823365234695e-123
"RANGAP1",6.45588096207423e-128,-0.93872747746102,0.219,0.428,1.65993611296853e-123
"TFB1M",7.83487650839557e-128,-1.01968337390908,0.187,0.384,2.01450344783867e-123
"FUCA2",8.23009150000099e-128,-0.737710070641868,0.511,0.702,2.11612112648026e-123
"RNF24",1.01106848572908e-127,-1.21253452662984,0.071,0.214,2.59965929050661e-123
"PKN1",1.08188484404784e-127,-0.830037210945332,0.2,0.414,2.7817423110158e-123
"LINC00511",1.09324943826731e-127,-1.08901808477209,0.111,0.278,2.81096295567291e-123
"ARMC7",1.16132922860848e-127,-1.0376609428285,0.168,0.361,2.98600971259812e-123
"UCKL1",1.29642017971722e-127,-0.919231793697344,0.295,0.513,3.33335556608893e-123
"SCAMP4",1.36575643696385e-127,-0.926959491842565,0.18,0.378,3.51163295072144e-123
"RP5-908M14.9",1.79604466580164e-127,-1.55957214146951,0.066,0.203,4.61799004470918e-123
"DPM2",1.82269630330156e-127,-0.671958560742407,0.538,0.72,4.68651673504898e-123
"COL27A1",1.82488009955483e-127,-0.837774070497658,0.186,0.388,4.69213171197537e-123
"SNHG19",2.10545074584445e-127,-0.688866582854114,0.26,0.495,5.41353495771524e-123
"VPS37D",2.15331055972663e-127,-1.83561557234855,0.052,0.177,5.53659211116911e-123
"ACTN1",2.22083113548061e-127,-0.739579729046962,0.44,0.637,5.71020101554773e-123
"UBE2Q1",2.33073938472335e-127,-0.953666662130089,0.229,0.434,5.99279710600068e-123
"CSTF1",2.79366100358668e-127,-0.87468644758441,0.249,0.459,7.18306117242208e-123
"THOC7",3.47128083832281e-127,-0.559508433531346,0.598,0.771,8.9253572914956e-123
"TAX1BP1",4.21266418597996e-127,-0.441358873998059,0.76,0.859,1.08316021549917e-122
"DIP2C",5.81773266426423e-127,-1.09751813630923,0.072,0.218,1.49585542263562e-122
"ZEB1-AS1",6.70513916066149e-127,-1.03099831356166,0.08,0.231,1.72402538098928e-122
"NUF2",7.82319949047531e-127,-0.903523805911188,0.164,0.357,2.01150105299101e-122
"ARHGEF16",7.84807577064823e-127,-1.86025580111539,0.055,0.181,2.01789724214907e-122
"MRPL11",8.57685008734614e-127,-0.608144613214391,0.59,0.769,2.20527969445844e-122
"ICAM2",8.79336351065866e-127,-0.876560474102333,0.155,0.346,2.26094962586055e-122
"COX7B",8.91692124487107e-127,0.488550147726079,0.941,0.95,2.29271879048125e-122
"RP11-6O2.4",9.27987457324233e-127,-2.10068909467091,0.03,0.133,2.38604135027207e-122
"USPL1",9.72547302215406e-127,-1.25276253111385,0.077,0.224,2.50061362345625e-122
"RP11-128M1.1",1.14509826710744e-126,-1.11875616122448,0.143,0.327,2.94427666438666e-122
"ZDHHC3",1.20243311771195e-126,-0.994504956399459,0.276,0.492,3.09169603226097e-122
"FAM195B",1.35009626198824e-126,-0.637674962480688,0.571,0.759,3.47136750882417e-122
"IQGAP2",1.36185873118671e-126,1.54990385796231,0.51,0.356,3.50161116962727e-122
"MED25",1.36635755386408e-126,-1.02321506266638,0.151,0.338,3.51317854249532e-122
"SNN",1.40814028417783e-126,-1.2336202625909,0.089,0.243,3.62061029867802e-122
"TRABD",1.44639945912026e-126,-0.819397776587912,0.312,0.534,3.71898228929001e-122
"ANKRD9",1.5580998911312e-126,-1.28248426626599,0.093,0.249,4.00618644007655e-122
"RP3-512B11.3",2.3769815959187e-126,-1.03721615053597,0.139,0.323,6.11169507942616e-122
"PHF20",2.47312156345784e-126,-0.787116245089789,0.373,0.575,6.35889016396279e-122
"CSK",2.54644769067684e-126,-0.907457227428821,0.168,0.362,6.54742630226828e-122
"PTAR1",2.55135044500741e-126,-0.941520323451742,0.217,0.421,6.56003226420305e-122
"INSL6",2.71508924189975e-126,-1.99165182937616,0.018,0.103,6.98103745877263e-122
"GTF3C3",3.223323263829e-126,-1.01904938537573,0.187,0.384,8.28780877595711e-122
"FTO",3.25286285298591e-126,-1.4761304764297,0.072,0.212,8.36376096759737e-122
"MAP2K1",3.83185497429791e-126,-0.804450094871142,0.299,0.522,9.8524655099148e-122
"SETDB2",4.18281311191092e-126,-1.21641790545496,0.067,0.208,1.07548490733454e-121
"PEG10",4.75309649816998e-126,2.4860726056285,0.302,0.113,1.22211617160947e-121
"RBAK-RBAKDN",5.54086020367065e-126,-1.03634318364387,0.117,0.288,1.4246659755678e-121
"PAK4",5.57072428874336e-126,-0.957360515673733,0.219,0.424,1.43234462912169e-121
"ERV3-1",5.75831178517775e-126,-0.873865208456426,0.14,0.324,1.4805771262049e-121
"MAPK1",7.55573619106587e-126,-0.732652718055882,0.304,0.525,1.94273088944686e-121
"MCM5",8.32013496235163e-126,-0.832406899741895,0.268,0.485,2.13927310151985e-121
"RPP40",8.7889862208052e-126,-0.91177651894282,0.259,0.47,2.25982413709343e-121
"SIAH1",8.79441704153183e-126,-0.935671298637478,0.223,0.43,2.26122050971866e-121
"MTRNR2L12",1.03888706741863e-125,-0.834922941918338,0.074,0.222,2.67118642774678e-121
"ABHD14A",1.04677665664355e-125,-0.867300342718133,0.356,0.567,2.6914721395619e-121
"HDAC7",1.07292858929757e-125,-1.01930599153225,0.072,0.215,2.7587139888019e-121
"SPINK5",1.10225950356815e-125,-1.72141407589714,0.026,0.124,2.83412963557443e-121
"RHBDF1",1.12832411122559e-125,-1.85095174969458,0.033,0.14,2.90114695478324e-121
"THBS1",1.18813243182306e-125,-0.726315680127744,0.155,0.345,3.05492610870346e-121
"CHTOP",1.32208323233376e-125,-0.671785758977967,0.523,0.709,3.39934040697657e-121
"ENPP1",1.32393279710255e-125,2.1844457425734,0.324,0.126,3.40409600791008e-121
"FAM84B",1.475420023076e-125,-1.0706452806165,0.164,0.353,3.793599963333e-121
"NUP210",1.76616648433644e-125,-0.958043201157887,0.13,0.306,4.54116726452586e-121
"RNF144A",1.92558726331728e-125,-1.9423910334817,0.025,0.12,4.9510699714414e-121
"CNIH1",3.45893254587846e-125,0.920872661907266,0.743,0.659,8.89360736196269e-121
"NAMPT",3.8848217476259e-125,0.973903827604361,0.709,0.637,9.98865367749571e-121
"CALR",4.15727199882097e-125,-0.323188547789471,0.911,0.966,1.06891777633685e-120
"ZSCAN9",4.19193786284281e-125,-1.36354650357143,0.083,0.232,1.07783106329414e-120
"BORCS6",5.31044163820454e-125,-1.43909325466464,0.09,0.243,1.36542075401515e-120
"AP006621.5",5.37559868000749e-125,3.37013148430827,0.205,0.03,1.38217393260353e-120
"TIMMDC1",6.04479992036261e-125,-0.658388896150388,0.556,0.726,1.55423895552363e-120
"POP7",6.59885562627545e-125,-0.662225753011185,0.553,0.729,1.69669775862794e-120
"SPATC1L",6.78847305641704e-125,-1.00305914541277,0.179,0.378,1.74545219226595e-120
"NEK2",9.32529400895246e-125,-0.772893787186901,0.128,0.306,2.39771959558186e-120
"COL18A1",1.08620988946645e-124,2.10001790794618,0.448,0.283,2.79286286779614e-120
"C12orf10",1.12658775594657e-124,-0.64561358571196,0.503,0.692,2.89668243808982e-120
"ZNF358",1.40461681392364e-124,-1.09784565071844,0.094,0.25,3.61155075196047e-120
"CBX1",1.52368676476622e-124,-0.729325726874613,0.434,0.647,3.9177034095669e-120
"SOAT1",1.73501554594008e-124,-0.827222159585436,0.286,0.506,4.46107197172114e-120
"HSPA1L",2.06383066486039e-124,-1.971993640846,0.018,0.104,5.30652140548905e-120
"MASTL",2.15455571309228e-124,-1.10901239833265,0.098,0.255,5.53979364950288e-120
"DMD",2.23747483602307e-124,3.70554966129043,0.196,0.025,5.75299529838251e-120
"LINC00685",2.73861052345482e-124,-1.44471999841475,0.072,0.213,7.04151537790703e-120
"LINC00844",3.03332658808769e-124,9.98412873181932,0.155,0.001,7.79928932329106e-120
"PRKCI",3.37220124532588e-124,-0.930943324754626,0.234,0.44,8.67060384198189e-120
"PTPRG",3.38463786812579e-124,-1.01081199916334,0.121,0.292,8.70258088652502e-120
"RNF145",3.41377025758047e-124,-0.799909245960852,0.314,0.535,8.77748608629091e-120
"SOCS1",3.47613042779779e-124,-0.817717182041094,0.117,0.288,8.93782655595368e-120
"SLCO4A1",3.74581786433434e-124,-1.81345838921947,0.018,0.103,9.63124689277645e-120
"NEK9",4.17290928574559e-124,-0.951722831855133,0.117,0.287,1.07293843555091e-119
"TEAD3",5.12396481957748e-124,-1.22072652488766,0.086,0.236,1.31747383440976e-119
"SRP68",5.4345312855839e-124,-0.79890566304269,0.368,0.594,1.39732668414933e-119
"LDHD",7.16762215156892e-124,2.84567973179856,0.225,0.045,1.8429390076114e-119
"EML1",7.31393255182829e-124,-1.71098811861312,0.018,0.104,1.88055833772609e-119
"ZNF579",1.10998898236299e-123,-1.37408834557549,0.094,0.247,2.85400367145173e-119
"HSDL1",1.32580123005581e-123,-1.19472903455644,0.118,0.285,3.4089001227195e-119
"TXNDC9",1.65050286013035e-123,-0.68076133663516,0.506,0.698,4.24377295396715e-119
"SLC27A2",1.88957462408649e-123,2.36616688283524,0.342,0.151,4.85847427345119e-119
"SSC4D",2.02867214261444e-123,-1.86803555624208,0.042,0.157,5.21612181309025e-119
"VASP",2.09433159287035e-123,-0.808486520773678,0.33,0.549,5.38494539158825e-119
"C11orf96",2.15092938796642e-123,-1.60589845184533,0.025,0.122,5.53046964233925e-119
"IRF2BP1",2.51347889374299e-123,-1.23207835535772,0.132,0.305,6.46265693159198e-119
"PET117",2.85693898342838e-123,-0.840441460111329,0.328,0.539,7.34576151419106e-119
"SAMD10",3.23493432154037e-123,-1.92622700493388,0.032,0.135,8.3176631275446e-119
"RND1",3.3588853321695e-123,-0.919650513958704,0.249,0.456,8.63636596607422e-119
"WHAMM",3.40703529550332e-123,-1.25035089257063,0.095,0.25,8.76016915179815e-119
"NAGPA",4.10260663481592e-123,-1.11872202662888,0.145,0.325,1.05486221794387e-118
"RELT",4.25749565049758e-123,-1.46917591899339,0.034,0.14,1.09468728165594e-118
"FBXO7",5.01902196708601e-123,-0.636253268658376,0.531,0.712,1.29049092817715e-118
"SMYD2",5.11494462746337e-123,-0.732137339194379,0.358,0.589,1.31515456261338e-118
"CTBS",6.02354720391519e-123,1.88528719519078,0.306,0.109,1.54877445707067e-118
"COX17",6.41917685350964e-123,0.555118548548215,0.905,0.894,1.6504987525744e-118
"AC004862.6",6.49451538645244e-123,7.23607847155002,0.154,0.001,1.66986979616465e-118
"TMEM63B",8.28238263367761e-123,-0.942530454153927,0.264,0.47,2.12956622277119e-118
"MYO10",8.94651889474417e-123,-1.62756198464529,0.021,0.112,2.30032893821662e-118
"LTA4H",1.57574611210277e-122,-0.732516182878257,0.393,0.607,4.05155840343863e-118
"MEAF6",1.63758079624427e-122,1.0695336150706,0.67,0.579,4.21054774330327e-118
"GALNT7",1.84211222661071e-122,-1.65418213125534,0.021,0.111,4.73643895706146e-118
"ALDH8A1",2.25046178189689e-122,6.95940068310941,0.155,0.002,5.78638733361328e-118
"ASAP1",2.46176433066609e-122,-1.00607631476627,0.222,0.422,6.32968844700865e-118
"NAPRT",2.50781630340746e-122,1.51850241479732,0.567,0.488,6.44809727932125e-118
"RBM23",2.52589415557147e-122,2.10456073819462,0.374,0.182,6.49457905280536e-118
"KCNK6",2.70457955331738e-122,-1.15743097982767,0.037,0.147,6.95401494748965e-118
"CYP2C18",3.27347066358787e-122,5.80775968060619,0.159,0.004,8.41674777021713e-118
"RBMX",3.29965241378542e-122,-0.46292819887017,0.632,0.807,8.48406628632506e-118
"RTN2",3.7734138163543e-122,-1.35565811678303,0.058,0.188,9.70220160461019e-118
"LINC00526",4.03685609816046e-122,-1.13669391583441,0.121,0.29,1.03795643995902e-117
"PPRC1",4.29581041712028e-122,-1.36376670593524,0.08,0.224,1.10453877444997e-117
"KLHL12",5.04166573010238e-122,-0.923898884455421,0.204,0.404,1.29631309252392e-117
"ABLIM1",5.54120374110605e-122,-0.950964572919804,0.164,0.351,1.42475430591319e-117
"SPINK4",6.22287995636561e-122,1.88522330312718,0.031,0.135,1.60002689438072e-117
"RAP1B",6.59509116764951e-122,1.21947767670298,0.567,0.404,1.69572984102604e-117
"ACTR1B",6.61673551678585e-122,-0.894148085857414,0.265,0.475,1.70129503607598e-117
"ITM2A",7.59598932151588e-122,3.00759306745831,0.216,0.039,1.95308077434816e-117
"BCCIP",8.48198200043151e-122,-0.704301942340555,0.39,0.602,2.18088721195095e-117
"IRF8",9.90098470435809e-122,-1.00123420663396,0.104,0.266,2.54574118718455e-117
"TTI1",1.24765333009689e-121,-1.23356071661732,0.123,0.29,3.20796624234512e-117
"ARPC3",1.24972952931866e-121,-0.30409791925501,0.904,0.969,3.21330456578414e-117
"LPCAT2",1.39324074228295e-121,-1.5582165712358,0.052,0.176,3.58230059655793e-117
"CMIP",1.44015627647928e-121,-0.872969775838598,0.13,0.305,3.70292981808353e-117
"RBPMS",1.51329286254747e-121,-0.877777568492335,0.159,0.348,3.89097860818207e-117
"CCNB1IP1",1.7424571712746e-121,-0.906384195440028,0.304,0.516,4.48020587878125e-117
"DDX3Y",1.94087860087782e-121,2.39354679697101,0.205,0.03,4.99038705857705e-117
"SYNE4",1.96413041305451e-121,-1.05006231045028,0.195,0.391,5.05017211804576e-117
"RNASEH2A",2.19492740468898e-121,-0.630138496416096,0.319,0.543,5.64359734293631e-117
"LGSN",2.26989429915611e-121,-1.69863758636861,0.025,0.12,5.83635222199019e-117
"PLEKHO2",2.34375986514359e-121,-1.41784155056403,0.043,0.158,6.0262753652572e-117
"DUSP12",2.63098536703633e-121,-0.888384810663823,0.234,0.439,6.76478957572381e-117
"PCBD1",2.99668089269069e-121,-0.322007965700831,0.848,0.944,7.7050659112863e-117
"KIF9",3.18561838237994e-121,-0.998032892865368,0.235,0.436,8.19086198477531e-117
"BMPR1A",3.24345198310772e-121,-1.24184391050283,0.077,0.221,8.33956373896657e-117
"B4GALT1",3.73236660301869e-121,-0.551793220905289,0.414,0.642,9.59666100968166e-117
"PDAP1",3.9830483717711e-121,-0.544726273740299,0.627,0.782,1.02412139734978e-116
"MAPK8IP2",4.86733111477268e-121,-1.65516707496944,0.04,0.151,1.25148817623035e-116
"VAC14",5.3934139648466e-121,-1.34791681332746,0.123,0.289,1.38675459864136e-116
"ST6GALNAC4",5.41539773921002e-121,-1.16410147347253,0.105,0.266,1.39240706670568e-116
"POLL",6.36017076529971e-121,-1.19636280401498,0.107,0.266,1.63532710717386e-116
"ACSS3",7.75446105563489e-121,3.12623193160596,0.234,0.057,1.99382702662484e-116
"NUDT9",9.37390529049972e-121,-0.781539679470502,0.415,0.615,2.41021852829329e-116
"PARVA",1.00370613233715e-120,-1.29412177138893,0.136,0.31,2.58072920746528e-116
"GAS2",1.02297242110072e-120,3.47507511084222,0.196,0.027,2.63026668913417e-116
"TXNIP",1.16369922935487e-120,2.00417180308258,0.603,0.479,2.99210345851724e-116
"SAT1",1.16673026188911e-120,0.53099869725252,0.875,0.835,2.99989684936928e-116
"SNX9",1.36556561956654e-120,-0.791659903593107,0.314,0.53,3.51114232102948e-116
"ANXA3",1.41801306264009e-120,-1.47709136035395,0.03,0.131,3.6459951866602e-116
"ZNF200",1.42823958007858e-120,-1.25244577537125,0.09,0.239,3.67228960829806e-116
"RRM2",1.87754652468845e-120,-0.530930477757367,0.198,0.406,4.82754762427894e-116
"HNRNPD",2.21190872350688e-120,-0.644827524670932,0.533,0.692,5.6872597098809e-116
"PRPSAP2",2.38150143851619e-120,-0.872306811736635,0.194,0.394,6.12331649871282e-116
"PARK7",2.54626454828414e-120,0.399895457254234,0.916,0.934,6.54695540654818e-116
"LANCL2",2.97297315729823e-120,-1.07971023157278,0.118,0.285,7.6441085820452e-116
"STXBP2",3.22299515566734e-120,-0.729227460128701,0.361,0.578,8.28696514425185e-116
"MUC13",3.50671833465699e-120,-0.282776431278122,0.235,0.472,9.01647418207005e-116
"DGKZ",3.71296165526699e-120,-0.961871081500993,0.121,0.288,9.5467670080225e-116
"CCDC167",3.76373699598274e-120,-0.443925303266911,0.741,0.844,9.67732056407082e-116
"GOT2",3.88214839156892e-120,-0.759696619871149,0.455,0.649,9.98177994440201e-116
"ZNF76",4.22760828724341e-120,-1.00153719023343,0.166,0.351,1.08700264281603e-115
"CYP4F12",4.58842324030904e-120,3.07892573856426,0.203,0.033,1.17977538354826e-115
"CD151",5.04118757272529e-120,1.13959085825879,0.682,0.602,1.29619014869913e-115
"RP11-372E1.4",5.08123870865829e-120,4.95978793112979,0.173,0.014,1.30648809677022e-115
"CREB1",5.3520765088828e-120,-0.801904053013042,0.24,0.447,1.37612591196395e-115
"CLDN1",5.68518288951193e-120,1.42649438817314,0.467,0.269,1.46177422455131e-115
"RMDN1",6.71706116423456e-120,-0.692054855689663,0.429,0.632,1.72709076654799e-115
"PDCD4-AS1",6.97597302781991e-120,-1.96343034763194,0.018,0.102,1.79366218491306e-115
"MTPAP",6.97914284154022e-120,-0.800508262878247,0.218,0.424,1.79447720741682e-115
"HK2",8.81313434829497e-120,-1.12921272278164,0.059,0.189,2.2660331036336e-115
"WIPI2",1.07186167505431e-119,-0.71865833944783,0.435,0.641,2.75597073889963e-115
"MTMR14",1.10295900924144e-119,-0.901798055054216,0.312,0.525,2.83592820456159e-115
"PABPC1L",1.22384093389508e-119,-1.38383132247402,0.071,0.207,3.14673980923104e-115
"SPATA17",1.36089374171664e-119,-1.75463110224155,0.022,0.111,3.49912998870184e-115
"USB1",1.81238644981561e-119,-0.797449234813135,0.275,0.487,4.66000803976589e-115
"FBLN5",1.98754042002141e-119,-1.90770851663191,0.026,0.122,5.11036392795904e-115
"PHF1",2.00765951636946e-119,-0.966909167223976,0.211,0.411,5.16209414848916e-115
"ZNF717",2.02866592627287e-119,-1.25770116073543,0.077,0.218,5.2161058296328e-115
"IGLC2",2.07474448513345e-119,4.00779207376956,0.382,0.205,5.33458302017512e-115
"DHRS12",2.12930412876294e-119,-1.06100313875579,0.185,0.374,5.47486677587526e-115
"SEMA6A",2.24667225879339e-119,-0.937278439758961,0.207,0.404,5.77664371180956e-115
"KEAP1",2.27752399895233e-119,-0.832014853052082,0.283,0.495,5.85596970610624e-115
"MRM1",2.29986353749094e-119,-1.48611906661869,0.077,0.217,5.91340912759669e-115
"ARHGAP21",3.31102162214516e-119,-0.834706049548736,0.173,0.364,8.51329879485964e-115
"CYP4A22",3.72026685487846e-119,7.31605522624697,0.151,0.002,9.56555013726349e-115
"NECAP1",3.73380049476242e-119,-0.851463125979608,0.169,0.357,9.60034783213313e-115
"PLEKHF2",3.76842201944587e-119,-0.758092513704333,0.358,0.57,9.68936669639923e-115
"BCL7C",4.11884766015822e-119,-0.810615329121759,0.32,0.53,1.05903811037988e-114
"HYI",4.16702103119275e-119,1.77619999932984,0.409,0.222,1.07142444754028e-114
"SGCE",4.34733592430222e-119,2.53106136875361,0.33,0.15,1.11778701285659e-114
"DHX32",4.40862057288891e-119,-1.17217446021678,0.079,0.222,1.1335445217012e-114
"C14orf1",4.44275266179226e-119,-0.479765184379919,0.67,0.807,1.14232056440003e-114
"C1orf106",5.43067781324002e-119,-1.7017160141674,0.027,0.123,1.39633587934027e-114
"UBE2N",5.48410073314047e-119,-0.464806099778162,0.685,0.832,1.41007198050508e-114
"CPNE7",5.77579466838182e-119,-1.63967039646136,0.019,0.104,1.48507232513433e-114
"VPS16",6.36309800215004e-119,-0.882896566205646,0.245,0.45,1.63607975831282e-114
"ZMIZ1",7.06979143880428e-119,-1.06178224333926,0.081,0.227,1.81778477474536e-114
"JCHAIN",7.72431508205358e-119,3.87611802568096,0.214,0.042,1.98607589389762e-114
"ACTRT3",7.92076925028066e-119,-2.04611893247378,0.039,0.148,2.03658818963216e-114
"FO538757.2",9.4227047316262e-119,-0.849272218546285,0.223,0.423,2.42276584059573e-114
"PIM2",1.03236327829582e-118,-0.940925889903026,0.158,0.34,2.6544124611542e-114
"CHI3L1",1.12305903186488e-118,5.39556917065181,0.19,0.027,2.88760938273099e-114
"LAMTOR1",1.19726301014639e-118,-0.474505339872609,0.697,0.827,3.07840265168839e-114
"KIAA1586",1.30768675579538e-118,-0.993281872403561,0.135,0.309,3.36232418650107e-114
"APOBEC3F",1.41830600648182e-118,-1.71949440461061,0.034,0.137,3.64674840386606e-114
"AACS",1.68363991688877e-118,-1.11075080453846,0.089,0.24,4.32897495430441e-114
"MKS1",1.69598945307945e-118,-1.26508866128975,0.103,0.257,4.36072808175788e-114
"AFAP1L1",1.8920676689546e-118,-1.57014596485621,0.035,0.14,4.86488439041607e-114
"NUTM2A-AS1",2.05240121719195e-118,-0.750837873339411,0.213,0.414,5.27713400964393e-114
"RNF2",2.60301853616798e-118,-0.791230438371278,0.264,0.477,6.69288126019511e-114
"SNAPC1",2.86863561137595e-118,-0.443315288147348,0.228,0.444,7.37583588396984e-114
"TAP1",2.88644503759963e-118,-0.553047935545808,0.411,0.63,7.42162748067618e-114
"CEP19",3.31991392342456e-118,-1.46257476005559,0.049,0.169,8.53616267990923e-114
"RRS1",4.67582620314226e-118,-0.751339861599469,0.301,0.523,1.20224843335194e-113
"SLFN13",6.4737180643328e-118,-1.50142177307559,0.035,0.14,1.66452238870125e-113
"DTX2",6.70646426501644e-118,-1.08990269861762,0.105,0.262,1.72436609182103e-113
"PTDSS1",7.03745765854838e-118,-0.777205838897366,0.409,0.616,1.80947111316596e-113
"P2RX4",8.13201910200421e-118,-0.750385284604786,0.324,0.539,2.09090475150732e-113
"UBAP2",8.28867192266309e-118,-0.813553063257156,0.174,0.363,2.13118332475513e-113
"DUSP22",8.84122759853476e-118,-0.841601015730673,0.218,0.419,2.27325644013526e-113
"VEPH1",9.44275639638821e-118,-1.58342429401528,0.023,0.112,2.42792152463934e-113
"SPC25",1.15950515285772e-117,-0.823200576476312,0.149,0.331,2.98131964902776e-113
"RPAP1",1.21472195910752e-117,-1.22824134025657,0.092,0.241,3.12329310125726e-113
"DHX38",1.34730021980417e-117,-0.985324750191531,0.147,0.324,3.46417832516049e-113
"C8orf76",1.3784841372115e-117,-0.723621275072734,0.341,0.552,3.54435841359821e-113
"RHOU",1.54454327673399e-117,-0.965770928723833,0.28,0.474,3.97132967313844e-113
"PWWP2A",1.67414042457985e-117,-1.07204442272701,0.139,0.313,4.30454985967972e-113
"MIEF1",1.69470227109207e-117,-0.965421667784781,0.186,0.374,4.35741847943193e-113
"CBFB",2.08186714534278e-117,-0.724290742827937,0.172,0.361,5.35289680410536e-113
"GBP3",2.6517000596941e-117,2.29928772815967,0.194,0.026,6.81805119348548e-113
"ATP5O",3.14378038860053e-117,-0.318539747947392,0.9,0.956,8.08328813516968e-113
"UBE2Z",3.40860644812983e-117,-0.791096486155041,0.286,0.491,8.76420889943143e-113
"CHMP4C",3.4998856399129e-117,-1.03588245778064,0.23,0.426,8.99890595734404e-113
"PCID2",3.56732626539899e-117,-0.765007747355184,0.304,0.515,9.17230929359388e-113
"EAPP",3.93258660816657e-117,-0.575250159676082,0.561,0.728,1.01114666869179e-112
"SLC38A7",4.61659205987512e-117,-1.18709532096045,0.169,0.348,1.18701815043509e-112
"PMEPA1",4.68416575667837e-117,-1.03993794818953,0.039,0.149,1.20439269935714e-112
"CCNK",5.16597236541848e-117,-0.80839587641745,0.214,0.414,1.3282748145964e-112
"C9orf85",5.84009282047919e-117,-0.976039375015319,0.178,0.365,1.50160466600161e-112
"GPATCH4",6.89976371746856e-117,-0.757252635768387,0.426,0.626,1.77406724703552e-112
"ZNF473",7.94460454653564e-117,-1.44597793795121,0.065,0.195,2.04271672100524e-112
"ANKRD10",9.24385466973615e-117,-0.705163412734565,0.262,0.475,2.37677991268256e-112
"SUV39H2",1.03243195698938e-116,-1.00934219582021,0.142,0.319,2.6545890478111e-112
"USP3",1.04570684564977e-116,-0.803553357711507,0.33,0.539,2.68872144153469e-112
"SLC25A47",1.2869215557655e-116,6.61326658170574,0.156,0.006,3.30893270418426e-112
"ZWILCH",1.33175742883883e-116,-1.07084922758478,0.159,0.338,3.4242147010304e-112
"ZNF33B",1.63270410483693e-116,-1.07301063646596,0.139,0.31,4.19800879435672e-112
"RBM39",1.84366110970605e-116,-0.415628635846495,0.77,0.855,4.74042144527619e-112
"COIL",1.95661728133216e-116,-0.833523389887679,0.338,0.545,5.03085435376124e-112
"MYO1D",2.21780193725549e-116,-1.20905743151909,0.08,0.22,5.70241234107132e-112
"PPP2R4",2.59428288829716e-116,-0.923457244052049,0.254,0.457,6.67042016238965e-112
"MCM4",2.86308235830897e-116,-1.11591831535611,0.182,0.366,7.36155735968401e-112
"HPS6",3.94731923738366e-116,-1.38353372379525,0.058,0.183,1.01493472231609e-111
"TMEM260",4.31109100852563e-116,-1.0845669517449,0.073,0.212,1.10846772011211e-111
"LTB4R",4.32088756729916e-116,-1.75452328231705,0.03,0.127,1.11098661130396e-111
"FAM65A",4.50543568761925e-116,-1.1695763715646,0.071,0.205,1.15843762400066e-111
"RSPH14",6.3961044790069e-116,-2.07197487442646,0.019,0.103,1.64456638364225e-111
"DEF8",7.92573970991415e-116,-0.882064353742734,0.252,0.453,2.03786619421313e-111
"LINC01481",8.06978339421663e-116,-1.02586730745009,0.099,0.254,2.07490270632098e-111
"RP13-650J16.1",8.503642529304e-116,4.05749460730074,0.187,0.026,2.18645656713465e-111
"RABL2B",9.18217138101861e-116,-1.05245351245793,0.112,0.273,2.36091990548751e-111
"NDUFS6",1.09230160200206e-115,0.56319074787486,0.901,0.918,2.8085258790677e-111
"CAT",1.36283908495138e-115,1.46317075970253,0.65,0.571,3.50413185522698e-111
"AC007405.6",1.56528698655829e-115,-1.30509158108564,0.119,0.279,4.02466589983869e-111
"A2M",1.87610130191459e-115,1.14976452307957,0.544,0.369,4.8238316674828e-111
"FOSL1",1.95530027856555e-115,-1.28697332740214,0.032,0.132,5.02746807624775e-111
"C6orf89",2.08384045644131e-115,-0.79675246930929,0.387,0.582,5.35797058160189e-111
"RALB",2.28484648726928e-115,-0.875776599227715,0.213,0.409,5.87479728806678e-111
"DNAJC7",2.82699450467281e-115,-0.525139324150193,0.62,0.764,7.26876827041473e-111
"SGTA",3.95858906078295e-115,-0.858328808987061,0.265,0.467,1.01783241930851e-110
"DDX52",7.15346546154623e-115,-0.750516660397791,0.374,0.58,1.83929903947277e-110
"ZFP36",7.20160729329311e-115,1.4127132175374,0.699,0.597,1.85167726725152e-110
"EDRF1",8.52165896242128e-115,-1.16033168030852,0.058,0.183,2.19108895241776e-110
"RBM3",9.36645911051386e-115,-0.37083137153855,0.758,0.877,2.40830396649532e-110
"TLE2",9.94133185222535e-115,-1.51268993490587,0.027,0.122,2.55611524584418e-110
"BCAS1",1.04670161405296e-114,-2.08840422093618,0.02,0.105,2.69127919005297e-110
"CTSO",1.49312503526992e-114,4.21503481229679,0.16,0.009,3.83912309068603e-110
"LLGL2",1.60441311869868e-114,-0.975442739203869,0.266,0.462,4.12526701079804e-110
"PPIG",1.66666046504974e-114,-0.523168671212967,0.653,0.761,4.28531738773588e-110
"TINAG",2.35719180766225e-114,4.02686226188768,0.182,0.023,6.06081157586118e-110
"NUDT1",2.54813520643366e-114,-0.55678947886429,0.368,0.595,6.55176524278222e-110
"CDK6",2.90337190113675e-114,-0.910848971159794,0.156,0.334,7.46514983220281e-110
"SLC3A2",4.00342897743609e-114,-0.544899251878383,0.484,0.69,1.02936165867837e-109
"SOHLH2",4.28222427268265e-114,-1.61316808899283,0.051,0.167,1.10104550499216e-109
"GPR88",4.41105209509452e-114,8.14576165711584,0.144,0.001,1.1341697146907e-109
"THEM4",4.69976808568562e-114,-0.875377561529112,0.263,0.465,1.20840437019149e-109
"SYT17",5.0580412885504e-114,-1.08321469389281,0.086,0.233,1.30052357611208e-109
"APOBEC3D",5.25827676466266e-114,-1.90988887349341,0.026,0.117,1.35200812173006e-109
"VPS36",5.42290346112387e-114,-0.624702691581636,0.323,0.54,1.39433693792417e-109
"CCNG1",5.88346187684542e-114,1.01069072964866,0.659,0.557,1.51275571777449e-109
"CYP2A6",6.5811053910354e-114,5.1449007581219,0.182,0.024,1.69213381814302e-109
"PLPP6",7.02231542462385e-114,-1.54351770631274,0.059,0.183,1.80557774197928e-109
"DVL3",7.51895389078767e-114,-0.897659848650629,0.195,0.385,1.93327342439932e-109
"PIPOX",7.76829391446983e-114,1.56279379697892,0.483,0.338,1.99738373128848e-109
"BCL2L12",8.17708967336095e-114,-0.807389750060067,0.372,0.575,2.10249329681457e-109
"MYADM",8.18967619722501e-114,-0.255373493796621,0.264,0.49,2.10572954383049e-109
"LUC7L",8.55316977108737e-114,-0.778958145190857,0.187,0.379,2.19919101154198e-109
"FBXO28",9.41855731349332e-114,-0.94725625524974,0.187,0.375,2.4216994564454e-109
"POM121C",1.184176079863e-113,-1.04587618306426,0.159,0.335,3.04475353654374e-109
"SLC29A1",1.1935943075568e-113,-0.825330399081128,0.347,0.55,3.06896968359005e-109
"ZNF273",1.57172755902698e-113,-1.55912549557278,0.051,0.168,4.04122589977017e-109
"NCAPD2",2.13796094183536e-113,-1.23326335349775,0.067,0.196,5.49712517364709e-109
"FAM13A",2.32518062255497e-113,3.25318390138196,0.182,0.023,5.97850441671334e-109
"REST",3.44305557380224e-113,-0.896991273610434,0.255,0.451,8.85278449136031e-109
"IFITM2",3.55185702633015e-113,-0.284874603698383,0.701,0.87,9.13253478610007e-109
"CISD2",4.23042369509733e-113,0.768343064325732,0.745,0.685,1.08772654048343e-108
"ARPC1A",4.87076737529776e-113,-0.369000856954732,0.713,0.841,1.25237170753656e-108
"CHPF",5.3039035517125e-113,-0.806518250000668,0.267,0.471,1.36373968121632e-108
"ENDOG",5.44762228685763e-113,-1.14667141182557,0.155,0.326,1.40069264239683e-108
"GATAD1",5.46878042726495e-113,-0.90498318467118,0.221,0.412,1.40613282345836e-108
"CIART",6.62897413282239e-113,-0.945061225243034,0.268,0.465,1.70444182903129e-108
"ZFHX3",6.74688770489989e-113,-0.8236256135499,0.202,0.392,1.73475976668386e-108
"RHOG",8.68796184470963e-113,-0.656238558522444,0.363,0.578,2.23384874951174e-108
"SLC27A5",8.8693304182208e-113,1.69089118043382,0.573,0.476,2.28048223713293e-108
"EIF3J-AS1",9.12873562643431e-113,-0.98141814947402,0.119,0.282,2.34718050426879e-108
"TNNC2",1.15748108021029e-112,-1.78371018737173,0.029,0.124,2.9761153534367e-108
"SIRPA",1.17787862027873e-112,-1.16092620024727,0.127,0.291,3.02856150846068e-108
"PYROXD2",1.25717491705455e-112,-1.71121022836911,0.051,0.166,3.23244814673067e-108
"SOD3",1.35373279030966e-112,-1.09346818798055,0.07,0.204,3.48071775044421e-108
"DNAJC3-AS1",1.6543041813395e-112,-1.22630279224619,0.089,0.235,4.25354691106011e-108
"SRGN",1.89609811730789e-112,0.962860212257535,0.524,0.347,4.87524747922205e-108
"IFNAR1",1.92191287836926e-112,1.46892971522775,0.45,0.275,4.94162239286304e-108
"CDCA5",2.18781697277891e-112,-1.06231158653098,0.109,0.263,5.62531500040913e-108
"STK19",2.39720388662875e-112,-0.907725175699129,0.236,0.433,6.16369063329985e-108
"MRPL27",2.4450452180502e-112,-0.420139539257045,0.775,0.873,6.28670026465067e-108
"MTHFSD",2.60713328034618e-112,-1.71200117594128,0.049,0.164,6.70346109042609e-108
"TMEM159",2.66171707095983e-112,-0.814491703018217,0.074,0.21,6.84380693285191e-108
"SLC25A1",2.77192408433636e-112,-0.679659274936191,0.493,0.673,7.12717120564565e-108
"MOCS3",2.83297264497232e-112,-1.27679258932043,0.107,0.26,7.28413926475283e-108
"SERPINA3",3.06463407606751e-112,3.47936363622683,0.218,0.051,7.87978713638478e-108
"SH3BP5L",3.57086182461482e-112,-1.19892045903398,0.107,0.26,9.18139992344964e-108
"EPHX2",3.57319214675692e-112,1.84063523785636,0.389,0.211,9.1873916477414e-108
"KDELR3",3.83578419518559e-112,-0.701766353218705,0.345,0.559,9.86256832266119e-108
"COL9A2",4.87812803498809e-112,-1.37700425417307,0.028,0.122,1.25426428035614e-107
"MRPL40",5.40741001208141e-112,-0.496219970413502,0.675,0.811,1.39035326230637e-107
"NUP88",5.58589989056736e-112,-0.943042363484456,0.165,0.346,1.43624657986268e-107
"MAP3K4",6.50040678355228e-112,-1.07300959123331,0.096,0.245,1.67138459218696e-107
"SLC28A1",6.63718693846831e-112,6.77448284126389,0.145,0.003,1.70655350561897e-107
"ESD",7.38432884652486e-112,-0.41214042994791,0.761,0.862,1.89865863301847e-107
"COLCA2",7.44079422971458e-112,-1.34989630384412,0.057,0.179,1.91317701234421e-107
"NDRG1",7.52234803971616e-112,-0.340028817066752,0.483,0.699,1.93414612797182e-107
"BBOX1",8.72100018907863e-112,3.2446617904994,0.205,0.041,2.2423435686159e-107
"ABCA8",8.81507408437276e-112,5.20464315726219,0.149,0.005,2.26653184857392e-107
"KANSL2",9.79853455768977e-112,-0.751904418741915,0.173,0.358,2.51939920547319e-107
"CD99",9.88925226422753e-112,0.632938089321226,0.822,0.789,2.54272454217818e-107
"MGMT",1.06315431551018e-111,0.971674329039542,0.704,0.644,2.73358237603978e-107
"TMPRSS6",1.28838906027916e-111,3.97371425464842,0.177,0.022,3.31270595178977e-107
"KLHL22",1.59722895741607e-111,-1.25310170003783,0.073,0.205,4.10679509530819e-107
"SHQ1",1.77708275217941e-111,-0.957250701598201,0.136,0.304,4.56923517240371e-107
"PIGC",1.7779739635518e-111,-0.720381704260892,0.371,0.58,4.57152665508438e-107
"PDCD11",1.78328612014072e-111,-0.950965533775546,0.167,0.346,4.58518527210582e-107
"ZNF562",1.92666392043268e-111,-0.777911803826694,0.156,0.334,4.95383827221649e-107
"SNF8",2.01185479928611e-111,-0.499017839280309,0.649,0.839,5.17288105992444e-107
"B3GALNT1",2.17897341093584e-111,-1.21029955672909,0.065,0.193,5.60257643419822e-107
"CHD3",2.93892101422318e-111,-0.860444991986988,0.062,0.19,7.55655371177063e-107
"NOP2",3.01664060105204e-111,-1.11352725163796,0.162,0.334,7.756386313425e-107
"ROBO3",3.83752425734174e-111,-2.04054988817082,0.031,0.127,9.86704237047707e-107
"PCK2",4.08586637222626e-111,1.46790901958398,0.542,0.419,1.05055796162682e-106
"RHOT1",5.07234379416597e-111,-0.809180114732446,0.295,0.501,1.30420103635595e-106
"PYCR2",5.19562745687644e-111,-0.695683131633539,0.384,0.592,1.33589973171207e-106
"LINC01314",5.47346033702604e-111,-1.64157375884767,0.06,0.181,1.40733612185613e-106
"NOC4L",5.91231071112549e-111,-0.930790479382839,0.256,0.456,1.52017333004459e-106
"PRELID1",5.91999926285811e-111,-0.403916149950417,0.748,0.916,1.52215021046608e-106
"RNF115",6.91999166636122e-111,-0.646007902315569,0.392,0.603,1.7792682572548e-106
"XPA",9.56041330974165e-111,-0.8880698635702,0.287,0.489,2.45817347020077e-106
"AC114730.3",1.0155669043447e-110,-1.66434973746388,0.057,0.175,2.6112256244511e-106
"AGBL5",1.07834686661122e-110,-0.781177516159765,0.199,0.389,2.77264546343078e-106
"MOK",1.10827801801102e-110,-1.20103271568304,0.072,0.205,2.84960443990994e-106
"TACO1",1.22711895350843e-110,-0.678084437650604,0.4,0.634,3.15516825326089e-106
"GPRASP2",1.32171119369539e-110,-1.55771585625639,0.04,0.146,3.39838382122958e-106
"ALKBH4",1.53454216525306e-110,-0.953949314752716,0.162,0.338,3.94561481529866e-106
"PACSIN3",1.66706642020427e-110,-0.893175137273298,0.234,0.432,4.28636117962921e-106
"UBQLN4",1.6773062895796e-110,-1.02567281177019,0.163,0.339,4.31268993176707e-106
"CHEK2",1.9766530022268e-110,-1.1377471219483,0.125,0.286,5.08237019932554e-106
"MAPT",2.06780900277075e-110,-1.05414421770524,0.127,0.29,5.31675050792415e-106
"ARID1B",2.17433496715559e-110,-0.783344688163815,0.164,0.344,5.59065006755046e-106
"ANKRD37",2.41857574248592e-110,-0.761022401842474,0.215,0.408,6.2186419490798e-106
"FUZ",2.72640443850754e-110,-1.04413964796651,0.11,0.267,7.0101310922906e-106
"FCHO1",2.83371248126035e-110,-1.86404202922952,0.027,0.119,7.28604153181661e-106
"WAC",3.3895950621163e-110,-0.655176517122551,0.442,0.617,8.71532682371344e-106
"CLP1",3.41265618865886e-110,-1.09594873629242,0.136,0.301,8.77462159227966e-106
"INTS3",3.58076660818544e-110,-0.993169656038379,0.156,0.328,9.20686710296641e-106
"PFKFB4",4.01639842512531e-110,-1.59787807903528,0.042,0.149,1.03269636306822e-105
"TMEM51",4.21395622118177e-110,-1.09510568204768,0.098,0.25,1.08349242359026e-105
"CEACAM1",4.35330870599396e-110,2.21048519574296,0.277,0.097,1.11932273448517e-105
"TAF7",4.39142648567479e-110,1.25063580691313,0.471,0.29,1.1291235779967e-105
"FKBP3",4.54762879572152e-110,-0.445726848090225,0.67,0.8,1.16928631595592e-105
"NCOA7",5.66999331642648e-110,1.81615646171889,0.328,0.143,1.45786868151958e-105
"NDUFAF2",6.0929953163558e-110,1.33993340564952,0.529,0.381,1.5666309557414e-105
"SDC1",7.44554292679169e-110,1.0927320956239,0.635,0.544,1.91439799733668e-105
"FLYWCH1",1.0306670133419e-109,-1.38066827421024,0.071,0.2,2.6500510247047e-105
"BRAF",1.33594728458563e-109,-0.958160726191994,0.145,0.316,3.43498765812658e-105
"ZNF121",1.46805704004426e-109,-0.946281988620504,0.11,0.266,3.7746682613618e-105
"POMT2",1.70531375807438e-109,-1.59484358757226,0.036,0.137,4.38470273476086e-105
"PQLC1",2.0461697470523e-109,1.80833393601062,0.37,0.196,5.26111165362088e-105
"SLC39A1",2.11654889430643e-109,-0.519223897845811,0.616,0.763,5.4420705170407e-105
"FAM49B",2.24503922965572e-109,-0.550144490561292,0.519,0.715,5.77244486729078e-105
"SORBS2",2.24950943137079e-109,1.76493267521367,0.432,0.269,5.78393864994059e-105
"CSRNP2",2.44163073924101e-109,-1.37745749890194,0.068,0.195,6.27792095673649e-105
"PPARGC1A",2.65342488849914e-109,3.47544927128839,0.207,0.045,6.822486073309e-105
"MSL1",2.76710680074149e-109,-0.941280637952215,0.218,0.405,7.11478500606653e-105
"RXRB",2.8931858304859e-109,-1.00614516544617,0.197,0.384,7.43895940734534e-105
"NOS3",3.02339149784567e-109,-2.1669096922352,0.02,0.1,7.77374421926078e-105
"CIB1",3.09713346014661e-109,-0.361275153789862,0.829,0.907,7.96334955272897e-105
"CYGB",3.18850828620626e-109,-1.60688917064534,0.024,0.11,8.19829250549355e-105
"RPRD2",3.60193167413769e-109,-0.919468017815708,0.172,0.351,9.26128672054284e-105
"STC1",3.94491947852056e-109,-1.590765311813,0.034,0.132,1.01431769631721e-104
"KIAA1324L",4.03020545626491e-109,-1.66839845730159,0.029,0.121,1.03624642691483e-104
"SREBF1",4.19352096343233e-109,3.35028154075624,0.16,0.012,1.07823811011772e-104
"UHRF1BP1",4.44781469212434e-109,-1.13802331409278,0.08,0.216,1.14362211363901e-104
"NADK2",5.29908770713368e-109,1.69530563652878,0.403,0.234,1.36250143125821e-104
"ABL2",5.62309274186133e-109,-0.863105701072674,0.171,0.348,1.44580960578739e-104
"SEC14L1",6.4996187374546e-109,-0.69387823417917,0.196,0.383,1.67118196977433e-104
"TRERF1",6.57772558350293e-109,-1.66357088457273,0.025,0.113,1.69126480203027e-104
"MAP4K4",6.59531170906333e-109,-0.755132315146258,0.259,0.452,1.69578654663436e-104
"ST3GAL2",7.28796833458518e-109,-1.02956330254877,0.077,0.211,1.87388241818854e-104
"GBP1",7.38434996319781e-109,1.89415223450743,0.367,0.186,1.89866406253742e-104
"PELP1",8.25422611780809e-109,-0.880496343275795,0.167,0.345,2.12232661941082e-104
"HBEGF",8.71570202309007e-109,-1.23871728376254,0.062,0.185,2.24098130417692e-104
"KIAA2026",1.44394494087622e-108,-0.898873882705046,0.159,0.333,3.71267123198094e-104
"POMZP3",1.57924123238155e-108,-1.70140896433572,0.034,0.132,4.06054505669944e-104
"C11orf84",1.59804260455304e-108,-1.79618960077013,0.026,0.115,4.10888714482678e-104
"EPHB4",1.98552475105692e-108,-0.910230545273973,0.107,0.26,5.10518123991755e-104
"SIPA1",2.02740065188668e-108,2.00276496156201,0.327,0.152,5.21285255613103e-104
"TGM2",2.06194395019157e-108,-0.635051237001065,0.232,0.433,5.30167028473256e-104
"TYW5",2.11672938063909e-108,-1.09182058064424,0.129,0.292,5.44253458349922e-104
"HERPUD2",2.43632676065361e-108,-0.805454079569481,0.207,0.399,6.26428336699256e-104
"MADD",3.08925513514773e-108,-1.3391829679014,0.06,0.181,7.94309280349184e-104
"PSMD9",3.65211059206327e-108,1.20533508119521,0.537,0.395,9.39030675431309e-104
"RGS17",3.72397784820087e-108,-1.18100713274466,0.036,0.136,9.57509184329408e-104
"CKLF",3.74773575402787e-108,-0.441186206923049,0.622,0.801,9.63617817075645e-104
"LSM14B",3.92827397715856e-108,-1.0754374076119,0.11,0.262,1.01003780500701e-103
"SMIM19",4.38480495425775e-108,1.36950692975975,0.551,0.42,1.12742104983875e-103
"POLR2M",4.41578711629983e-108,-0.843319225836938,0.172,0.352,1.13538718334301e-103
"PPIH",5.27760418742254e-108,-0.623363140812725,0.361,0.573,1.35697758867008e-103
"WNK4",6.0616456801337e-108,-1.16518163479831,0.036,0.138,1.55857033727598e-103
"SOBP",6.3324936209837e-108,-1.3019868570786,0.031,0.126,1.62821075982733e-103
"GON4L",6.92292053503922e-108,-0.857013896535023,0.247,0.438,1.78002132796928e-103
"ASF1B",8.01274015357774e-108,-0.84241347020431,0.125,0.284,2.06023574828791e-103
"PTTG1IP",8.39368633407078e-108,-0.594578168475353,0.506,0.69,2.15818463021628e-103
"ZNF626",9.72439301898014e-108,4.08263963637416,0.146,0.006,2.50033593304017e-103
"ZNF124",1.25851063828654e-107,-1.05747522355961,0.069,0.199,3.23588255316234e-103
"PTRHD1",1.48467250892004e-107,-0.568745916156347,0.545,0.721,3.8173899549352e-103
"RP11-327P2.5",1.49024025442165e-107,-1.57550095854371,0.032,0.127,3.83170574216894e-103
"NEK8",1.55285152389465e-107,-1.33787560414529,0.069,0.195,3.99269183823792e-103
"FZD5",1.64009933969794e-107,-0.780419218652245,0.307,0.507,4.21702342223135e-103
"CXCL10",1.93458447313228e-107,3.58682916926241,0.239,0.07,4.97420359731771e-103
"OIP5",1.96900817413469e-107,-1.08999625474739,0.128,0.287,5.0627138173351e-103
"CCDC3",2.01159826430229e-107,-1.80185166725123,0.021,0.102,5.17222145717404e-103
"TRAM2",2.22466256397409e-107,-1.39960692933265,0.073,0.203,5.72005238449018e-103
"CAST",2.2278610785651e-107,1.01474270409153,0.621,0.517,5.72827640520658e-103
"PLOD1",2.70679032126434e-107,1.30545015040987,0.546,0.429,6.95969927403487e-103
"FAM127B",2.88261982225034e-107,-0.405976176862139,0.41,0.627,7.41179208697009e-103
"NOL11",2.96177119763246e-107,-0.72317833714586,0.356,0.561,7.61530610335259e-103
"ZDHHC8",3.18320986587904e-107,-1.11158884363616,0.05,0.163,8.18466920714818e-103
"HLA-DMA",3.68811689706891e-107,1.601852197519,0.473,0.329,9.48288616574358e-103
"PPT1",4.17966654844919e-107,-0.424159992014943,0.452,0.662,1.07467586293726e-102
"CSDE1",4.53619549627291e-107,0.88434011812621,0.728,0.69,1.16634658600169e-102
"PFKFB3",4.82601709685597e-107,-0.612331982523871,0.176,0.364,1.24086551594361e-102
"IDI1",9.83873009125485e-107,-0.356355505899684,0.733,0.869,2.52973428106345e-102
"MOCS1",1.10387238871146e-106,-1.15593264939484,0.113,0.265,2.83827668585492e-102
"HPS1",1.30995958545875e-106,-0.632052782084823,0.388,0.593,3.36816808613154e-102
"PLOD3",1.45249681112734e-106,-0.661263730314248,0.425,0.616,3.73465980077061e-102
"ZNF394",1.4669641974939e-106,-0.817200587861761,0.207,0.395,3.77185834459633e-102
"CCL16",1.69972373120001e-106,1.94828815282287,0.537,0.421,4.37032965766146e-102
"LSM3",1.76367809408581e-106,-0.378557310081294,0.809,0.905,4.53476911551344e-102
"RFT1",1.86478261279849e-106,-0.999315344636962,0.199,0.381,4.79472905402747e-102
"SPPL2B",2.22126476607128e-106,-1.25139870457748,0.093,0.234,5.71131596652248e-102
"AIM1L",2.29203419632379e-106,-1.31510639095958,0.072,0.2,5.89327832558774e-102
"RENBP",2.61080584974725e-106,-1.02280491878137,0.128,0.291,6.71290400087014e-102
"IGHG4",2.85350520139653e-106,4.69227854971646,0.336,0.171,7.33693257383076e-102
"FUT4",2.92337568624921e-106,-1.58182463642219,0.036,0.135,7.51658356448397e-102
"MTX1",2.95004173604384e-106,-0.540134325919495,0.561,0.732,7.58514731171592e-102
"AMOTL2",3.19667571395775e-106,-1.15479475026369,0.093,0.234,8.21929259572818e-102
"UBA1",3.22272261615083e-106,-0.743806528070286,0.378,0.573,8.28626439064702e-102
"HNRNPAB",3.25771937843639e-106,-0.656949097625394,0.484,0.663,8.37624806583564e-102
"EDC3",3.61383062261706e-106,-1.07116299751643,0.129,0.288,9.29188129687298e-102
"INTS8",3.67614731271456e-106,-0.967166706952462,0.229,0.414,9.45210997045167e-102
"THAP10",3.8287910880179e-106,-1.45737922424666,0.043,0.149,9.84458764551162e-102
"HEATR3",4.41901564881785e-106,-1.48148864283419,0.059,0.177,1.13621730362405e-101
"CYP51A1",4.6355910729877e-106,2.18048759166346,0.277,0.101,1.1919031766866e-101
"RNASEH2C",4.69065880278887e-106,-0.525929313800584,0.494,0.702,1.20606219137308e-101
"F7",4.83779361077753e-106,2.1375193586858,0.296,0.121,1.24389349320312e-101
"TDP1",5.08524127370045e-106,-1.03624337111941,0.085,0.223,1.30751723629386e-101
"SAMD1",5.88374324342889e-106,-0.907238498235643,0.136,0.299,1.51282806275044e-101
"CCDC126",5.95243685942965e-106,-0.776386944099629,0.235,0.431,1.53049056529655e-101
"LINC00937",6.57710284745197e-106,-1.59357376687111,0.026,0.113,1.69110468413685e-101
"EIF3B",6.78415981409479e-106,-0.657709191598875,0.37,0.562,1.74434317140005e-101
"C15orf57",6.93562162556046e-106,-0.800518282058843,0.197,0.381,1.78328703236411e-101
"ANKRD1",7.79837910379859e-106,-0.372051071400982,0.05,0.163,2.00511923516869e-101
"ZNF844",8.96842915191273e-106,-1.61405986351866,0.045,0.153,2.3059625035398e-101
"GGNBP2",9.21411188263334e-106,-0.563523868978547,0.567,0.715,2.36913244726268e-101
"TRMT1L",9.75643311838518e-106,-1.036192606323,0.163,0.336,2.5085740833992e-101
"DFNA5",9.78108216023586e-106,-0.860817436346762,0.142,0.308,2.51491184503984e-101
"APOM",1.14030332048795e-105,1.98161525428347,0.745,0.774,2.93194789763863e-101
"SYS1",1.23339870024308e-105,-0.783278707870619,0.397,0.589,3.17131473806502e-101
"CRYZ",1.64066493339304e-105,1.1805078470079,0.572,0.436,4.21847767674017e-101
"RIPK4",1.70239507497633e-105,-1.31313999050659,0.085,0.22,4.37719821677914e-101
"CSRP2BP",1.71142951511225e-105,-1.29037855367003,0.092,0.231,4.40042756925661e-101
"EIF5A",1.97144130771247e-105,-0.485279818958723,0.641,0.821,5.06896989039031e-101
"MGST3",2.35471995436429e-105,0.802903819864992,0.81,0.796,6.05445594666147e-101
"RP1-39G22.7",2.77802161617102e-105,-0.925341327370717,0.109,0.262,7.14284917949892e-101
"SPATA20",2.85347142357616e-105,-0.802844428395549,0.212,0.402,7.33684572429902e-101
"C19orf48",3.45076611860402e-105,-0.490142306348239,0.396,0.613,8.87260984415465e-101
"BNIP2",4.72837935893241e-105,-0.675327065137975,0.328,0.534,1.2157609007687e-100
"SELENBP1",5.45091455716364e-105,1.5027276220741,0.555,0.451,1.40153915093792e-100
"EIF2S2",5.69264258074267e-105,-0.308273856842214,0.879,0.943,1.46369226036056e-100
"MED21",6.22146502067928e-105,-0.6147906039424,0.339,0.549,1.59966308611706e-100
"SMU1",6.56290327954069e-105,-0.576512595744755,0.308,0.515,1.6874536912355e-100
"DARS",8.16704052110588e-105,-0.464497228659444,0.564,0.731,2.09990945878674e-100
"SLC35G1",9.0302426957193e-105,-1.12509609704638,0.056,0.172,2.32185600192335e-100
"DPYD",9.84073930840827e-105,2.76051059428725,0.195,0.038,2.53025089097793e-100
"NDUFAF6",1.01175906382464e-104,-0.666632222637699,0.45,0.635,2.60143490490591e-100
"DNAJC19",1.05864566808168e-104,-0.481196575046007,0.693,0.817,2.72198974177161e-100
"NXT2",1.12612309985694e-104,-0.784657598253874,0.211,0.4,2.89548771435216e-100
"CARD16",1.15886780200636e-104,1.52543790507697,0.299,0.114,2.97968089251876e-100
"TGS1",1.18194661850967e-104,-0.789560233495684,0.232,0.421,3.03902114551207e-100
"ORAI1",1.19637550020623e-104,-0.916057569344772,0.147,0.312,3.07612068613025e-100
"PGM1",1.32296139189036e-104,0.970841227918505,0.649,0.557,3.4015983308285e-100
"SIRT6",1.46327938849535e-104,-0.943908144837895,0.146,0.314,3.76238396369923e-100
"GSTA2",1.5079206418892e-104,1.76927931802005,0.554,0.453,3.87716555442552e-100
"FASTKD2",1.57318718275201e-104,-0.860723658200736,0.234,0.425,4.04497888429198e-100
"A1CF",1.58428304810274e-104,0.980352154011882,0.618,0.502,4.07350857328176e-100
"BCKDHA",1.75433974652721e-104,3.22654894730693,0.164,0.018,4.51075835627076e-100
"SEC22B",1.80111185431664e-104,1.47929336931394,0.487,0.326,4.63101879981893e-100
"DCTN5",1.9957000596609e-104,-0.824711748344328,0.148,0.316,5.13134399340009e-100
"CCDC157",2.08636722572436e-104,-1.74996130470107,0.027,0.115,5.36446741078248e-100
"ANKRD16",2.20572893815035e-104,-1.20825319287077,0.081,0.215,5.67137024577219e-100
"SGOL2",2.83593708434665e-104,-0.881297287884431,0.143,0.307,7.29176143127212e-100
"NT5C2",3.08325074324663e-104,-0.8454429834485,0.138,0.303,7.92765431103574e-100
"TMEM165",3.7694122711016e-104,-0.759363044193019,0.306,0.507,9.69191283145643e-100
"HSD11B1L",3.84462210588942e-104,-1.29731260244213,0.065,0.188,9.88529235866289e-100
"FUNDC1",4.1046655636213e-104,-0.564223436897447,0.288,0.494,1.05539160971831e-99
"KIF20A",4.24440217613402e-104,-1.44141941117244,0.059,0.177,1.09132068752758e-99
"LY6G5C",4.29186798163924e-104,-1.88149510996771,0.023,0.107,1.10352509543908e-99
"TNKS2",4.29801825512711e-104,-0.873212712513258,0.154,0.323,1.10510645375828e-99
"XXbac-BPG299F13.17",4.42572220830139e-104,-1.46324801841638,0.034,0.131,1.13794169419845e-99
"MOB4",4.53468556824742e-104,-0.561179357003681,0.516,0.702,1.16595835330778e-99
"SLC6A6",4.68207270988831e-104,-0.840601036402288,0.049,0.162,1.20385453516648e-99
"TSG101",4.80539677440301e-104,-0.539903699196222,0.535,0.71,1.2355636186345e-99
"ADD3",5.16495174671599e-104,-0.608433155911478,0.279,0.485,1.32801239311562e-99
"TXNL4B",5.48214444262095e-104,-0.942038840305572,0.171,0.345,1.4095689790867e-99
"UBE2Q2",5.99054152632359e-104,-0.716397391447949,0.258,0.461,1.54028803724832e-99
"MICB",6.49008006031442e-104,-1.14847331958878,0.092,0.231,1.66872938510804e-99
"SLC22A1",7.4540805916941e-104,5.99083522435202,0.148,0.01,1.91659320173639e-99
"RP11-119B16.2",7.50899383541156e-104,-1.30486355666362,0.056,0.171,1.93071249496102e-99
"ATG5",8.66262799583991e-104,-0.636978486685224,0.398,0.604,2.22733491029036e-99
"PRDX4",8.70795694103792e-104,-0.301751659767385,0.806,0.893,2.23898988867967e-99
"PLAG1",9.46541989668579e-104,-0.770013068181524,0.061,0.183,2.43374876383585e-99
"CTDSPL",9.85232594234609e-104,-0.897930213107012,0.147,0.311,2.53323004629603e-99
"AGR2",1.04950440739042e-103,4.1505009482643,0.165,0.02,2.69848573228224e-99
"TMEM206",1.05566024853273e-103,-1.03334122724043,0.108,0.256,2.71431363102736e-99
"NDUFAF4",1.19621034174858e-103,-0.599573784272319,0.481,0.659,3.07569603070396e-99
"SCRN2",1.26542262448632e-103,1.58985111470514,0.425,0.267,3.25365465207922e-99
"INTS1",1.30912563749863e-103,-0.914012735661268,0.154,0.322,3.36602383913647e-99
"WDR91",1.3197460854709e-103,-1.17667203480057,0.073,0.202,3.39333113496277e-99
"CADM4",1.45409448940206e-103,-1.05457233356321,0.075,0.207,3.73876775115058e-99
"CEP164",1.64136566599159e-103,-0.985152586494056,0.137,0.298,4.22027940039758e-99
"ALDH3A2",1.64256958530505e-103,1.43654482186335,0.535,0.413,4.22337491773635e-99
"PPAN",1.67765885638514e-103,-0.817080177899679,0.262,0.457,4.31359645153747e-99
"MRPL46",2.01359149474331e-103,-0.650682978757321,0.441,0.631,5.17734645128401e-99
"C1orf56",2.12829427254887e-103,-0.800488882717845,0.422,0.626,5.47227023357765e-99
"C20orf24",2.31121549072615e-103,-0.415380434522785,0.751,0.92,5.94259726975508e-99
"MARVELD3",2.34667412435811e-103,-1.18820924130488,0.14,0.297,6.03376850854957e-99
"LINC01006",3.19250212323074e-103,-0.816070076108147,0.26,0.455,8.20856145925089e-99
"SSX1",3.6395482505293e-103,5.77829745963127,0.145,0.009,9.35800646176094e-99
"ZNF71",4.01913423534291e-103,-1.3552134223635,0.061,0.18,1.03339979459137e-98
"MIEN1",4.17289602510249e-103,0.687401985973067,0.781,0.748,1.07293502597435e-98
"HLA-DRB1",4.39382686722128e-103,0.931419548536631,0.626,0.565,1.12974076409994e-98
"SGSM1",4.84100073456559e-103,-1.39354263261582,0.041,0.144,1.2447181088715e-98
"AXIN2",4.9705287342523e-103,-1.72942440079615,0.061,0.176,1.27802234815095e-98
"PRRT1",5.29650880361964e-103,-1.46942970261944,0.034,0.13,1.36183834358668e-98
"WBP11",5.52015416147635e-103,-0.650685392524751,0.385,0.586,1.4193420379988e-98
"PPP1R13B",5.58946030491841e-103,-1.18372775937144,0.052,0.165,1.43716203360062e-98
"RANBP9",6.58717430974887e-103,-0.82533556144267,0.166,0.339,1.69369425852263e-98
"SSX2IP",6.93254993987483e-103,2.12077615075632,0.294,0.123,1.78249724054062e-98
"INHBB",7.04904132911123e-103,-0.819815957608869,0.093,0.238,1.81244950654108e-98
"RPH3AL",7.33691985223765e-103,-1.15947159785853,0.061,0.181,1.88646883240735e-98
"PRR19",7.8095245408106e-103,-0.872233772667037,0.053,0.167,2.00798494993322e-98
"ZNF3",8.01891122302454e-103,-0.866096232514246,0.178,0.354,2.06182245366407e-98
"MARS2",9.32817491952076e-103,-1.13336562545235,0.072,0.199,2.39846033530718e-98
"FBXO17",9.69955069399225e-103,-0.657732089997402,0.306,0.508,2.49394847443929e-98
"AQP11",1.06356201116245e-102,2.02903905272588,0.271,0.1,2.7346306431009e-98
"ANXA10",1.07227965961074e-102,4.27238760893212,0.141,0.006,2.75704546079114e-98
"FZD1",1.20441220031488e-102,-1.5034258694577,0.029,0.119,3.09678464944962e-98
"LYNX1",1.31660119309182e-102,3.8297223655864,0.162,0.019,3.38524498767769e-98
"ITGA3",1.67673490408247e-102,-1.3051513127831,0.034,0.131,4.31122078537684e-98
"TASP1",1.68673432222084e-102,-0.984337128564627,0.124,0.28,4.33693128929422e-98
"PPCDC",1.69325698220608e-102,-0.897740330314802,0.15,0.317,4.35370235264828e-98
"UTRN",1.99715606002122e-102,-0.763319025761937,0.231,0.419,5.13508766152656e-98
"TCF7L1",2.18004642896948e-102,-0.790548868397716,0.126,0.288,5.60533537816633e-98
"C2orf69",2.24844856861806e-102,-0.938083985424236,0.22,0.403,5.78121095963075e-98
"HSF4",2.40578268636114e-102,-1.10974208575651,0.077,0.207,6.18574844317176e-98
"ZNF440",2.47363804847232e-102,-1.55089389922015,0.025,0.109,6.36021815023202e-98
"DDX28",2.60986911641573e-102,-1.25497631247485,0.107,0.252,6.71049547212813e-98
"CASP8",2.61074387642113e-102,2.38460849542219,0.223,0.06,6.712744655054e-98
"CRYL1",2.63860142236118e-102,1.3227266285528,0.539,0.401,6.78437197717508e-98
"TMEM136",3.15519296577497e-102,-1.63183416874429,0.046,0.152,8.11263215360059e-98
"SSTR2",3.31837900910311e-102,-1.18829479922662,0.053,0.167,8.53221610820591e-98
"TACC3",3.60495413158921e-102,-0.818920045797669,0.153,0.322,9.26905806314218e-98
"UPP1",3.87763730962808e-102,-0.582220568691894,0.35,0.563,9.97018105051573e-98
"TRMT5",4.0269894674036e-102,-0.998649811341987,0.101,0.246,1.03541953185881e-97
"CREBBP",4.04963491175457e-102,-0.767864934975144,0.204,0.387,1.04124212851033e-97
"TAF11",4.10712242357852e-102,-0.627854314551142,0.515,0.671,1.05602331755051e-97
"PRMT5",4.24635731659998e-102,-0.86710094163979,0.279,0.469,1.09182339324419e-97
"VLDLR",5.00943459881199e-102,-1.53170859693628,0.035,0.132,1.28802582404654e-97
"FBXO5",5.03810550789565e-102,-1.23978494511325,0.118,0.265,1.29539768819013e-97
"SPEG",5.57408624189614e-102,-1.48401579392888,0.032,0.124,1.43320905451634e-97
"HDAC5",6.81331619140734e-102,-0.882295740046404,0.199,0.379,1.75183985913466e-97
"MYBL2",6.9184354176571e-102,-1.01535450673309,0.146,0.307,1.77886811458799e-97
"MBNL2",8.25825039050425e-102,2.58261280914365,0.207,0.049,2.12336134040645e-97
"SPOCK2",8.45388498067074e-102,-0.644156709444287,0.09,0.229,2.17366290623006e-97
"ARF3",8.68353675312753e-102,-0.532516759694785,0.513,0.685,2.23271096996415e-97
"LSM8",8.85828612882001e-102,1.13411588349549,0.565,0.441,2.2776425294422e-97
"YBX2",1.0779157453415e-101,-1.34860497021365,0.05,0.159,2.77153696442207e-97
"ASGR2",1.26290406585698e-101,-0.377713254066655,0.688,0.828,3.24717893413147e-97
"SRSF8",1.28289399949688e-101,-0.823992580945131,0.261,0.45,3.29857705150639e-97
"LINC00470",1.40139445111638e-101,-1.90310825931979,0.03,0.119,3.60326541271044e-97
"ABCG2",1.65673605692954e-101,2.79737398389495,0.213,0.055,4.25979974957724e-97
"MAGEA3",1.6653314959503e-101,-0.335483147573096,0.458,0.699,4.28190034238741e-97
"PIGR",1.73104934410871e-101,3.90400161442342,0.171,0.025,4.45087407357232e-97
"CDIPT",1.77263342867426e-101,-0.738866699934397,0.344,0.543,4.55779507180725e-97
"ZNF274",1.77370109912148e-101,-0.966892769830842,0.165,0.333,4.56054026606115e-97
"TSPAN7",1.82018669376913e-101,-0.89234789571078,0.137,0.297,4.68006402701918e-97
"ZNF672",1.86592147036616e-101,-0.902439796791432,0.214,0.398,4.79765728460547e-97
"RP11-61J19.5",1.97488095304499e-101,-1.16944996251515,0.069,0.194,5.07781390646928e-97
"NAA60",2.15787686761467e-101,-0.641547513246025,0.372,0.567,5.54833300201084e-97
"PTPN2",2.33292410711931e-101,-0.697403588819563,0.286,0.485,5.99841446422516e-97
"RP11-1151B14.3",2.82395203827005e-101,2.30535213334707,0.27,0.1,7.26094548079996e-97
"DUSP23",2.83592226924574e-101,0.90234501567722,0.711,0.732,7.29172333868464e-97
"GEMIN4",3.16069334015753e-101,-1.62646778631772,0.043,0.145,8.12677471621303e-97
"TEX9",3.26470722593349e-101,-1.90958220294404,0.026,0.11,8.3942152193202e-97
"TMEM123",3.40965983620058e-101,1.45992307672103,0.71,0.67,8.76691737083892e-97
"CRK",3.46920460790249e-101,-0.749496032179154,0.287,0.48,8.92001888783888e-97
"ARL4D",3.58459329551665e-101,-0.683836612923271,0.459,0.653,9.21670628143241e-97
"CCNF",3.63773821621034e-101,-1.58525785625062,0.047,0.153,9.35335250152004e-97
"CARM1",4.62294392158315e-101,-1.01133244668961,0.112,0.259,1.18865134111746e-96
"MAD1L1",4.68530311229508e-101,-0.822352441762301,0.185,0.362,1.20468513623331e-96
"CYP7A1",4.75886721117893e-101,4.27343876453505,0.163,0.021,1.22359993733833e-96
"ZNF792",5.18060836079806e-101,-1.96500187848994,0.022,0.102,1.3320380217284e-96
"DOHH",5.38197761484132e-101,-0.941572296799232,0.18,0.356,1.383814084328e-96
"LDB1",6.67459304112245e-101,-1.37493362391234,0.027,0.115,1.7161713627334e-96
"MMP14",6.67878490681355e-101,-0.782777838560376,0.144,0.313,1.7172491752399e-96
"ITGB1",9.27483245957461e-101,-0.310857227619908,0.777,0.86,2.38474492200582e-96
"ADAMTS1",9.33055359530445e-101,-1.28832622892642,0.029,0.117,2.39907194042468e-96
"H1F0",9.99842535759898e-101,-0.322476712977633,0.581,0.79,2.57079512794585e-96
"MARCH5",1.61465178088369e-100,-0.748732348649483,0.301,0.502,4.15159265900813e-96
"GABARAPL1",1.64179306187034e-100,-0.760953592745522,0.253,0.445,4.22137832068102e-96
"NXF1",1.80431127743085e-100,-0.765338959278091,0.21,0.392,4.63924515653021e-96
"CCNYL1",1.9201568456632e-100,-0.891048033208626,0.103,0.249,4.93710728156923e-96
"PLGLB2",2.33982969364375e-100,3.43606716070858,0.171,0.026,6.01617010829682e-96
"CACUL1",2.39361987888812e-100,-0.776952812063524,0.329,0.519,6.15447543259713e-96
"NAA35",2.44382848611423e-100,-0.822857559752613,0.198,0.377,6.2835718034969e-96
"KRCC1",2.55642421714096e-100,1.66988373682284,0.359,0.179,6.57307794711284e-96
"APH1B",2.77799211318591e-100,-0.795703251725524,0.129,0.288,7.1427733214236e-96
"MRPL43",2.80508090819659e-100,-0.511595262477062,0.651,0.764,7.21242403115507e-96
"C1orf35",2.92938061094362e-100,-0.66876499824783,0.411,0.61,7.53202342685824e-96
"HCFC1",2.93725206971931e-100,-0.819647637266667,0.188,0.363,7.55226252166228e-96
"CWF19L1",3.02628439339234e-100,-1.14832904950053,0.085,0.218,7.78118243229039e-96
"ADHFE1",3.39322640528712e-100,4.57259523361621,0.145,0.011,8.72466373327425e-96
"SGSM2",3.40204163045369e-100,-1.59094117042523,0.03,0.119,8.74732944022253e-96
"SQLE",3.68330777325802e-100,-0.495179148999694,0.637,0.789,9.47052094660102e-96
"UBE2O",3.79246370506017e-100,-1.1685771329988,0.115,0.262,9.7511826784507e-96
"DDC",3.85773445828692e-100,-0.733482586605034,0.348,0.54,9.91900683914733e-96
"COL9A3",4.28963293756277e-100,-1.10483593799982,0.118,0.268,1.10295042090614e-95
"PRDX1",5.05980202494372e-100,0.493686452571997,0.97,0.985,1.30097629665353e-95
"PDP1",5.29416362450598e-100,-0.99810860636675,0.076,0.205,1.36123535113298e-95
"PROS1",5.47596662855293e-100,1.24342712726427,0.496,0.346,1.40798053953353e-95
"WDR77",5.83739948906221e-100,-0.773731104749452,0.327,0.521,1.50091215662767e-95
"ARL6IP6",6.13283795627363e-100,-0.612413600042169,0.246,0.443,1.57687529531708e-95
"CYB5D2",7.09470411806493e-100,-0.83971823415505,0.145,0.31,1.82419032283686e-95
"RAB3IP",9.0489169103768e-100,-0.736481116857926,0.286,0.48,2.32665751599608e-95
"WASF1",1.13234656583677e-99,-1.10306155511823,0.092,0.229,2.9114894900795e-95
"PTER",1.1891367427648e-99,-0.793936442936373,0.207,0.387,3.05750839299686e-95
"CBX7",1.19491299312013e-99,-0.912098030844843,0.057,0.172,3.07236028791047e-95
"BLNK",1.42051412802328e-99,3.62743633788457,0.147,0.011,3.65242592597346e-95
"NXPH4",1.46844750256294e-99,-0.871438129648191,0.069,0.194,3.77567221858982e-95
"TCEAL3",1.50309068786379e-99,-0.876955986775977,0.105,0.251,3.86474677663539e-95
"MYL6B",1.88158077271581e-99,-0.501147987956074,0.466,0.666,4.83792048280689e-95
"DLST",2.89993039156892e-99,-0.736305941437865,0.262,0.453,7.45630102280201e-95
"DDX43",2.94457923268781e-99,-1.39577554987957,0.037,0.134,7.5711021230869e-95
"RSL1D1",3.10746754861205e-99,-0.348232725568558,0.621,0.798,7.98992056099131e-95
"NCOA4",3.40559028552291e-99,-0.538775482383395,0.572,0.722,8.75645374213651e-95
"SMARCD2",3.56646703450409e-99,-0.850478181409981,0.208,0.386,9.17010003911693e-95
"ARFGAP1",3.96483860320656e-99,-0.977612025239995,0.158,0.32,1.01943930165647e-94
"SYNGR2",4.04265355010931e-99,-0.521429734356157,0.591,0.746,1.03944708080411e-94
"SLC35A1",4.19480097351942e-99,-0.856813985089701,0.221,0.407,1.07856722631131e-94
"NONO",4.41931669550014e-99,-0.447412983156943,0.693,0.819,1.136294708747e-94
"CDC5L",4.60390147376302e-99,-0.65052089480325,0.483,0.66,1.18375514693395e-94
"PRCP",4.78598329873701e-99,-0.485114942352189,0.388,0.592,1.23057202577126e-94
"PKIG",4.95022203178525e-99,-0.608988655449588,0.4,0.613,1.27280108881262e-94
"DVL2",5.00312997683171e-99,-0.92139540580132,0.159,0.325,1.28640477964297e-94
"CCDC66",5.35991255999754e-99,-0.646074640373844,0.245,0.437,1.37814071742657e-94
"TMEM254",5.44822913587114e-99,-0.671496284423066,0.293,0.491,1.40084867541519e-94
"RGS1",5.51035137794067e-99,1.58937481353478,0.357,0.17,1.4168215462961e-94
"SLC17A3",5.87852039985302e-99,4.29778953187223,0.148,0.013,1.51148516521021e-94
"SPON1",6.1870376652446e-99,-1.08225396292851,0.039,0.139,1.59081112448769e-94
"TOMM40",7.09192793059656e-99,-0.594321892072813,0.502,0.707,1.82347650951499e-94
"NDUFB1",7.37847912100339e-99,0.688756880019603,0.914,0.899,1.89715455159239e-94
"HVCN1",9.09973918920408e-99,-1.72593767113275,0.026,0.11,2.33972494032815e-94
"C11orf80",1.00272919783833e-98,-1.30743814859161,0.065,0.183,2.5782173134819e-94
"PIK3CD-AS2",1.16380582952223e-98,-1.15629361662478,0.082,0.211,2.99237754886755e-94
"CCNY",1.23791240843557e-98,-0.646047709667928,0.281,0.476,3.18292038456953e-94
"CTDNEP1",1.73323677075905e-98,-0.810618288770132,0.218,0.398,4.45649838497566e-94
"NME7",1.77078207815054e-98,-0.710288356011059,0.247,0.436,4.55303487934068e-94
"SORBS1",2.10464624764696e-98,-0.813889022904668,0.144,0.305,5.41146643194986e-94
"RFXANK",2.14696386775472e-98,-0.557386942688982,0.419,0.623,5.52027349677095e-94
"PUS1",2.16146482799608e-98,-0.909583860639783,0.183,0.355,5.55755836574352e-94
"DPM1",2.22372393494974e-98,-0.478701655370176,0.629,0.765,5.71763898154278e-94
"LINC01315",2.41276606061295e-98,-1.26772036737444,0.078,0.204,6.20370409504802e-94
"AP1G1",2.76279902648272e-98,-0.734608287024995,0.175,0.345,7.10370885689236e-94
"APOBEC3G",3.09180605980037e-98,-0.37674788205625,0.09,0.227,7.94965174095872e-94
"C15orf61",4.52258237295136e-98,-0.691483686634933,0.373,0.58,1.16284637973325e-93
"TUSC3",4.63790228729506e-98,3.24149594989387,0.15,0.014,1.19249743610931e-93
"UPK1A",4.77949002424181e-98,-1.57245082956938,0.026,0.11,1.22890247503305e-93
"BIRC7",5.23646763436645e-98,-0.87249583339308,0.043,0.146,1.3464005581483e-93
"FAM71D",5.62400365945196e-98,2.2891618834595,0.223,0.063,1.44604382091829e-93
"ZFP82",7.91889323326107e-98,-1.65532894191781,0.034,0.126,2.03610582813609e-93
"HS3ST1",8.04712241605179e-98,-1.34063018942744,0.023,0.103,2.06907611561524e-93
"RP11-345J4.5",9.27026902608133e-98,1.8885995499373,0.226,0.063,2.38357157198603e-93
"TMSB4X",9.67331692105514e-98,0.943404188037766,0.991,0.999,2.4872032467417e-93
"GPX8",9.81986094112934e-98,-1.52647609642876,0.022,0.101,2.52488264518318e-93
"PEA15",1.19639978893673e-97,-0.702810191903337,0.354,0.552,3.07618313731412e-93
"KDM4B",1.23967529060626e-97,-0.973599724044182,0.093,0.231,3.18745310720682e-93
"SMAGP",1.24251919782139e-97,-0.694796392205583,0.211,0.397,3.19476536143836e-93
"DDB2",1.30926146190168e-97,-0.804572402377977,0.153,0.315,3.36637307084159e-93
"ZNF184",1.3130531278141e-97,-1.15531278181391,0.053,0.163,3.37612220223561e-93
"GAR1",1.32870132181434e-97,-0.676763145066233,0.294,0.491,3.41635683864904e-93
"NDUFAF5",1.52129678379061e-97,-0.952969155697671,0.187,0.359,3.91155829048241e-93
"RBM25",1.56895445008745e-97,-0.572509600312853,0.55,0.683,4.03409568206485e-93
"PTRF",2.02738911487411e-97,-0.947429589462115,0.108,0.251,5.2128228921643e-93
"DHRSX",2.09549999899059e-97,1.7318126372977,0.3,0.131,5.38794959740461e-93
"MPV17",2.19300937803463e-97,-0.627093540968207,0.392,0.589,5.63866571280265e-93
"ACADM",2.30448385456488e-97,0.975783453968689,0.68,0.581,5.92528888685721e-93
"BUB1",2.50668965682463e-97,-1.12712186799218,0.084,0.213,6.4452004456275e-93
"MPDU1",2.78569110674225e-97,-0.746955366237717,0.342,0.54,7.16256897365568e-93
"UBOX5",3.65839803944941e-97,-1.30040207072325,0.055,0.165,9.40647303903232e-93
"STRN4",3.73499332539795e-97,-0.858154104513512,0.14,0.298,9.6034148382632e-93
"TCN2",3.82365655116593e-97,-0.75526630644703,0.178,0.353,9.83138572435784e-93
"BRAP",4.22968985689793e-97,-1.11151842348321,0.135,0.289,1.0875378560056e-92
"CFHR4",4.57816083503083e-97,7.13600528175825,0.124,0.001,1.17713671390313e-92
"FAM110C",4.7299118399452e-97,-0.998196157674687,0.087,0.222,1.21615493228671e-92
"SNRNP200",4.91774148152226e-97,-0.784653772014855,0.341,0.521,1.264449689729e-92
"SH3PXD2A",5.53760989464348e-97,-0.960179386711169,0.106,0.249,1.42383025611073e-92
"ERP29",6.05383239386477e-97,0.476193887947535,0.884,0.88,1.55656138511051e-92
"FOXRED2",7.97726958778929e-97,-1.03324970333472,0.117,0.264,2.05111555641238e-92
"GSK3A",9.9181677274392e-97,-0.912506822333691,0.18,0.346,2.55015928607917e-92
"EXOG",1.00040250115117e-96,-0.900938661676255,0.151,0.312,2.57223491095989e-92
"UCHL3",1.22220515225342e-96,-0.469055430112244,0.449,0.649,3.14253388747401e-92
"DYRK3",1.27528914119024e-96,-1.65411097964048,0.041,0.139,3.27902343982834e-92
"EPB41L4A-AS1",1.28458391167145e-96,-0.576408470328831,0.288,0.497,3.30292215368964e-92
"AGAP6",1.54958968286785e-96,-1.52079893170207,0.034,0.126,3.98430499258981e-92
"STBD1",1.76663876212749e-96,3.2095215104307,0.155,0.018,4.54238158518221e-92
"MPZL1",2.25268228422959e-96,-0.759192614939424,0.316,0.506,5.79209668921113e-92
"AC009005.2",2.45760531336978e-96,-0.979054830371648,0.056,0.167,6.31899478173638e-92
"LMAN1",2.75261984894387e-96,0.892323148437398,0.681,0.611,7.07753615560449e-92
"TAF5",3.00365961851281e-96,-1.33992310990346,0.049,0.155,7.72300961112014e-92
"HIRA",3.31083012849454e-96,-1.26825886894613,0.059,0.171,8.51280642638516e-92
"SLC36A1",4.33350772075529e-96,-1.66005907249687,0.031,0.12,1.1142315051606e-91
"CPM",4.42299874125392e-96,1.92354110538436,0.307,0.139,1.13724143635121e-91
"TSPYL4",4.75919678322851e-96,-1.24618759055834,0.049,0.154,1.22368467690372e-91
"RP11-758H9.2",4.9239861483308e-96,-0.852194406409699,0.129,0.282,1.26605531845881e-91
"TRIM13",5.35168043289762e-96,-0.62920769934966,0.206,0.388,1.37602407290664e-91
"UBTD1",6.20039757164806e-96,-0.935533736471282,0.124,0.276,1.59424622362215e-91
"MRPL48",6.23834698810459e-96,-0.589215709906752,0.47,0.656,1.60400377758145e-91
"NINL",7.29122573773301e-96,-0.866515556721466,0.085,0.218,1.87471996168591e-91
"APOF",7.6158281356148e-96,5.6998025283867,0.129,0.004,1.95818173022928e-91
"SGPL1",8.30506310981165e-96,-0.73266069472509,0.181,0.354,2.13539782679477e-91
"TUBGCP2",9.42976746183697e-96,-0.716036507450951,0.289,0.479,2.42458180978752e-91
"SLC35C2",9.64724388992404e-96,-0.717691158467935,0.401,0.583,2.48049934897727e-91
"APOB",1.02973636831533e-95,1.05903704056586,0.771,0.751,2.64765815021239e-91
"ATAT1",1.06575159667691e-95,-0.940673306485348,0.138,0.294,2.74026050537568e-91
"SRSF9",1.10168696609839e-95,-0.421409852789162,0.67,0.818,2.83265752723218e-91
"SUPT16H",1.18074959847511e-95,-0.631185832362536,0.374,0.56,3.0359433675992e-91
"GPD1",1.2933960718e-95,2.02706720127616,0.286,0.122,3.32557997981216e-91
"CCDC86",1.33302670375839e-95,-1.01908106558017,0.18,0.346,3.42747826070356e-91
"GAGE13",1.51739186094317e-95,3.66589783712976,0.233,0.08,3.90151795285707e-91
"CHIC2",1.53433072242617e-95,-0.737597519428397,0.249,0.441,3.94507115350217e-91
"VEZF1",1.80463891836578e-95,-0.715600734182361,0.249,0.433,4.64008758690209e-91
"TMEM9",1.99616612612008e-95,-0.538831227138889,0.59,0.736,5.13254234347995e-91
"MET",2.01037477452394e-95,1.95099279744898,0.323,0.159,5.16907562025596e-91
"MED31",2.25333262428807e-95,-0.72125080200044,0.246,0.431,5.79376884356948e-91
"PRCC",2.27037524866316e-95,-0.524651797929298,0.447,0.639,5.83758883936272e-91
"OXLD1",2.49206944414497e-95,-0.539649665951746,0.381,0.6,6.40760895478554e-91
"USP39",2.55745107263497e-95,-0.817105131618735,0.238,0.423,6.57571819795905e-91
"ANKS1A",3.19909818553209e-95,-1.23343955742964,0.064,0.179,8.2255212546401e-91
"C12orf49",3.89394933245005e-95,-0.729625005814607,0.219,0.402,1.00121225235956e-90
"PGM2L1",3.94354590282551e-95,-0.86172131800034,0.069,0.19,1.0139645225345e-90
"ATP6V0B",4.05104072845905e-95,0.451484009696124,0.886,0.897,1.04160359210139e-90
"AAAS",4.0720081885192e-95,-0.730974683940778,0.311,0.501,1.04699474543206e-90
"RAPGEF5",4.48380170286168e-95,-1.09456886048341,0.058,0.171,1.1528750938398e-90
"NHSL1",4.63017738309242e-95,2.47171717909745,0.253,0.094,1.19051120874072e-90
"DCAF5",4.98548582176532e-95,-0.781495730488459,0.178,0.35,1.2818681144923e-90
"AGAP4",5.34734239285765e-95,-1.41786142549599,0.03,0.116,1.37490867605156e-90
"MPI",5.51683672743112e-95,-0.843229401331374,0.23,0.408,1.41848905935709e-90
"RAB3GAP2",6.01173407541859e-95,-0.801696880610274,0.18,0.35,1.54573706547163e-90
"MBTPS1",6.72200983195817e-95,-0.862928843548137,0.175,0.341,1.72836316799309e-90
"DARS2",7.26952811411091e-95,-0.836148243922388,0.181,0.35,1.8691410687002e-90
"WDR48",8.18974328146755e-95,-0.940116590320491,0.166,0.329,2.10574679253094e-90
"AC098973.2",8.67216806303706e-95,2.00713978332933,0.317,0.151,2.22978785236809e-90
"CASP7",8.79933970249838e-95,-0.721070559161078,0.196,0.371,2.26248622430638e-90
"ATP13A2",9.07930479496485e-95,-1.19192841397146,0.063,0.178,2.33447084888136e-90
"ACVR2B",9.51401203513397e-95,-1.15024204141858,0.066,0.182,2.44624277447365e-90
"TMED1",1.08051728189589e-94,-0.759028382474293,0.358,0.543,2.77822603521071e-90
"TIPIN",2.07140288912306e-94,-1.05501266432497,0.194,0.361,5.32599110851322e-90
"SAPCD2",2.11931470947646e-94,-1.74555650286044,0.024,0.104,5.44918198100588e-90
"NRGN",2.41474792639667e-94,-1.58046198294052,0.023,0.102,6.20879986835112e-90
"HRSP12",2.56038287750035e-94,0.97514547695798,0.731,0.672,6.5832564546289e-90
"ZNF548",2.79329114484871e-94,-1.24997497479343,0.071,0.191,7.18211019163501e-90
"USP42",2.93566578785413e-94,-0.955233672488156,0.131,0.281,7.54818387373053e-90
"CNFN",2.98143189554215e-94,-0.806422764076347,0.112,0.258,7.66585768981798e-90
"PWWP2B",3.56616317454881e-94,-1.22461815581264,0.052,0.158,9.16931875439989e-90
"NFYA",3.67065246971489e-94,-0.98179877095204,0.123,0.27,9.43798163013094e-90
"DLGAP1-AS1",3.67914467091464e-94,2.46031417418169,0.198,0.048,9.45981677785572e-90
"PIGBOS1",3.8683767462161e-94,-0.701708868349048,0.339,0.534,9.94637028987085e-90
"VHL",3.9366419875027e-94,-0.847580704947927,0.167,0.333,1.0121893878267e-89
"COL1A2",4.2304980941053e-94,-0.706752786129626,0.051,0.158,1.08774566995635e-89
"PAGE2B",4.43241420772344e-94,7.3898270486358,0.143,0.014,1.13966234108985e-89
"THYN1",4.48923745176952e-94,-0.64940262241915,0.388,0.581,1.15427273359898e-89
"TTC19",4.57660939682626e-94,-0.780534751853371,0.188,0.36,1.17673780811197e-89
"MVD",4.88705601348578e-94,-0.68094096149539,0.379,0.565,1.25655984218746e-89
"PMS2",5.40077519095737e-94,-1.17707846721535,0.1,0.236,1.38864731709896e-89
"USP7",5.46233126549493e-94,-0.82485155643309,0.225,0.4,1.40447461498406e-89
"PCGF5",5.49384260009711e-94,-0.642589877123461,0.406,0.596,1.41257680933697e-89
"PRMT7",5.60468752501881e-94,-1.15130791779885,0.11,0.249,1.44107725643284e-89
"MTSS1",6.5589892483785e-94,1.36989327318938,0.469,0.335,1.68644731554308e-89
"GANAB",6.6056560006699e-94,-0.669009613101069,0.424,0.59,1.69844627089224e-89
"FANCI",6.86770524958578e-94,-1.0193385775901,0.111,0.251,1.7658243737735e-89
"PACS2",8.93584962447803e-94,-1.0484162993067,0.086,0.215,2.29758565544579e-89
"SNRNP48",9.51509727782464e-94,-0.82973652888096,0.228,0.405,2.44652181207427e-89
"MCM10",9.7374863227979e-94,-1.26779218260635,0.08,0.202,2.50370248331779e-89
"TMEM184C",9.84193638090659e-94,-1.08087370833207,0.113,0.255,2.5305586822587e-89
"SLC43A1",1.03138228348416e-93,-0.707092881250495,0.408,0.588,2.65189012729447e-89
"TPM3",1.11948571365071e-93,-0.258855768131329,0.77,0.895,2.87842166693872e-89
"STK35",1.596945294559e-93,-1.01195350168031,0.064,0.179,4.10606574137009e-89
"MPV17L",1.61856903420145e-93,-0.939925180100622,0.142,0.296,4.16166470073876e-89
"CHCHD3",1.72466435549733e-93,-0.517841120072065,0.511,0.694,4.43445699085472e-89
"DLGAP4",1.73548153302421e-93,-0.730115777885784,0.287,0.474,4.46227011771184e-89
"SPATA5L1",2.03486837570819e-93,-0.871268364448746,0.153,0.314,5.23205356762089e-89
"RAD51C",2.62424761093206e-93,-0.567764243102553,0.411,0.61,6.74746545722851e-89
"AIG1",2.71665778084926e-93,0.671606110427937,0.76,0.732,6.98507048611961e-89
"ZNF668",3.04145736983309e-93,-1.32007134787318,0.067,0.183,7.82019518931483e-89
"TMEM191B",3.3698869659122e-93,-0.74461367351039,0.185,0.357,8.66465336675346e-89
"COMT",3.48432421835201e-93,-0.481997063397217,0.529,0.713,8.95889443022669e-89
"ZFP90",3.89746193654348e-93,-1.1909820264296,0.054,0.161,1.00211541312406e-88
"OTUB1",4.10898928999697e-93,-0.556726286852128,0.46,0.646,1.05650332624402e-88
"MRGBP",4.88664827728793e-93,-0.821060665050832,0.233,0.415,1.25645500505627e-88
"SMYD5",5.25212244431751e-93,-1.10138612349721,0.103,0.239,1.35042572288292e-88
"BRD4",5.36905009828733e-93,-0.675858762632258,0.357,0.546,1.38049016127164e-88
"PIM1",5.86143649669004e-93,-0.711448973318287,0.229,0.41,1.50709255202894e-88
"BTRC",6.53107170625133e-93,-1.11095446520938,0.059,0.17,1.67926915711134e-88
"ALG2",7.24044858909298e-93,-0.800328876650622,0.25,0.433,1.86166414122759e-88
"TRIM38",7.81254182747165e-93,2.14145115697044,0.176,0.033,2.00876075467951e-88
"FEM1A",8.08809072937889e-93,-0.848923977282145,0.119,0.264,2.0796098883379e-88
"UTP3",8.2670272038742e-93,-0.962183571569324,0.197,0.364,2.12561803466013e-88
"CAPN2",8.4511003691046e-93,1.40637131201105,0.321,0.147,2.17294692690418e-88
"EFEMP1",1.11845364438693e-92,-0.626366606128184,0.075,0.2,2.87576801044768e-88
"IFT52",1.15487481612489e-92,-0.772003697634085,0.216,0.393,2.96941412722032e-88
"RP11-553L6.5",1.16110748738735e-92,3.00225891595652,0.175,0.034,2.98543957157034e-88
"CD163",1.35025501500097e-92,1.83814914721019,0.17,0.029,3.4717756945705e-88
"BPNT1",1.6233735586867e-92,-0.810115789913157,0.237,0.417,4.17401809409525e-88
"DCTN2",1.64773168134969e-92,-0.48667036093521,0.542,0.708,4.23664769908633e-88
"ADNP2",1.71153449068877e-92,-0.929911837682244,0.123,0.27,4.40069748245897e-88
"SPOP",1.8281035760082e-92,-0.688825595176673,0.423,0.592,4.7004199146323e-88
"ANP32E",1.95180025171857e-92,-0.35213386323065,0.495,0.69,5.01846880721878e-88
"PHOSPHO2",2.06430985705577e-92,-0.914886324289584,0.11,0.251,5.30775350446179e-88
"PACS1",2.0660773261314e-92,-1.20248432888598,0.073,0.191,5.31229802094906e-88
"SLC7A1",2.11477599604607e-92,-1.25083355147353,0.042,0.138,5.43751204103366e-88
"RP11-706C16.7",2.1953049842619e-92,2.96224880063384,0.191,0.047,5.6445681755342e-88
"RALGDS",2.22026668341645e-92,-1.14571676898453,0.066,0.181,5.70874969640037e-88
"DHX29",2.41147030829636e-92,-0.633290797422536,0.458,0.621,6.20037245669159e-88
"PNPLA3",2.45980339731645e-92,-0.895381290150038,0.149,0.306,6.32464649518006e-88
"SMOC1",2.75474235861624e-92,-0.838488664275162,0.199,0.371,7.08299355247408e-88
"DSTYK",2.86980719771555e-92,-1.06787344996686,0.101,0.235,7.37884826676621e-88
"ZNF35",2.87463646186503e-92,-1.64978468876394,0.028,0.11,7.39126527074735e-88
"CRIPT",2.99888246652131e-92,-0.461830497180078,0.539,0.712,7.71072659791958e-88
"LMNB1",3.00493341149179e-92,-0.672609911097012,0.197,0.372,7.72628478762769e-88
"CTPS2",3.45970038631952e-92,-1.31480645831246,0.072,0.191,8.89558163330476e-88
"SNAPC2",3.70248671018761e-92,-1.07603453425469,0.152,0.306,9.51983382923438e-88
"TSEN2",5.45743386720923e-92,-1.08780588682293,0.094,0.224,1.40321539593684e-87
"IL6R",6.1975471842067e-92,1.38888948603266,0.372,0.205,1.59351333200323e-87
"GNG12",6.39968050818301e-92,1.9006712327328,0.345,0.185,1.64548585226402e-87
"RP11-332H14.2",6.42343516823714e-92,-0.993930894869624,0.064,0.178,1.65159365045713e-87
"PLD6",8.7474848951416e-92,-1.62503962962634,0.036,0.127,2.24915331623881e-87
"RP11-398C13.6",1.00612354985547e-91,-1.75770187918687,0.026,0.105,2.58694487138838e-87
"DHRS11",1.05611254637193e-91,-0.944596087179454,0.218,0.393,2.71547657923151e-87
"PAQR9",1.06538396035854e-91,-0.833953304165524,0.224,0.399,2.73931523887389e-87
"SPRY1",1.2295522610477e-91,-0.658269615381266,0.119,0.265,3.16142477360585e-87
"ISOC2",1.25056368176756e-91,0.762664702021861,0.711,0.673,3.21544933856074e-87
"WDR75",1.26739703742858e-91,-0.802085743449048,0.175,0.341,3.25873126263637e-87
"SNRPA",2.08049271550648e-91,-0.608890227250302,0.423,0.604,5.34936287011027e-87
"DSG2",2.61082420173887e-91,-0.661603249907569,0.265,0.446,6.71295118751098e-87
"LRP10",2.86592909283501e-91,-0.655991177168668,0.339,0.53,7.36887688349737e-87
"CSNK1G2",3.05862897071631e-91,-0.912038044682065,0.082,0.207,7.86434680950579e-87
"LGMN",3.09353603556475e-91,-0.538229086681824,0.465,0.642,7.95409985464408e-87
"CHAF1A",3.88805570536648e-91,-1.11673315720061,0.11,0.245,9.99696882963829e-87
"TRIM44",4.03704800475906e-91,-0.719352017771791,0.321,0.507,1.03800578298365e-86
"ASNS",4.06051705509888e-91,-0.755278388498883,0.155,0.323,1.04404014520702e-86
"PAXIP1-AS1",4.42400630173158e-91,-0.642998488731671,0.211,0.4,1.13750050030122e-86
"FZD3",4.46009354962971e-91,-1.03972288014716,0.06,0.172,1.14677925348079e-86
"INPPL1",4.68411302704287e-91,-0.924506732920577,0.102,0.237,1.20437914151326e-86
"CHTF18",4.79306224788443e-91,-1.25939769627617,0.067,0.181,1.23239216517604e-86
"MTFR1",5.17991411244335e-91,1.36379342943891,0.385,0.223,1.33185951659143e-86
"SLC39A6",5.27612482076598e-91,-0.67266769855245,0.292,0.48,1.35659721391535e-86
"ACOX1",5.54560511152255e-91,1.40577335666659,0.477,0.343,1.42588598627468e-86
"MAPK14",6.260617199511e-91,-0.730314463006446,0.271,0.451,1.60972989433827e-86
"GAN",6.49365184530296e-91,-0.560394099611015,0.127,0.277,1.6696477624643e-86
"BCORL1",6.62904997753476e-91,-1.2233431589137,0.052,0.156,1.70446133022374e-86
"CLK3",7.08553669290438e-91,-0.656133213966813,0.294,0.48,1.82183319447957e-86
"MPHOSPH10",7.21641791673031e-91,-0.697258854078199,0.336,0.525,1.8554853747497e-86
"POGZ",7.71112937827376e-91,-0.68587307829099,0.351,0.525,1.98268558574175e-86
"ANKRD11",7.99639088888858e-91,-0.706362854611677,0.28,0.461,2.05603202535103e-86
"DEPDC1B",8.08924381154622e-91,-0.811112950620284,0.118,0.263,2.07990636882476e-86
"SLC38A3",9.15963457211079e-91,1.67575916450901,0.436,0.3,2.35512524118113e-86
"ACTL6A",9.67994367528569e-91,-0.511792898589538,0.453,0.642,2.48890711778946e-86
"ZNF92",1.02647615860122e-90,-1.12832870692943,0.075,0.195,2.63927549899545e-86
"CLCN7",1.11673365711436e-90,-0.939099031623599,0.168,0.328,2.87134557917244e-86
"PSAP",1.18151873919206e-90,-0.269491767505673,0.879,0.93,3.03792098221062e-86
"EPB41L1",1.54457882725858e-90,-0.643146527786428,0.115,0.262,3.97142108064725e-86
"NISCH",1.86715223668798e-90,-0.810950153471202,0.13,0.279,4.80082183097214e-86
"ADIRF",1.97549737350433e-90,3.75434960139174,0.265,0.119,5.07939884675432e-86
"CPN1",2.05308350211925e-90,-0.678708561168372,0.274,0.464,5.27888830064902e-86
"TUBGCP3",2.15354640138063e-90,-0.954399119965498,0.095,0.228,5.53719850722987e-86
"CRB3",2.38946229396418e-90,-0.792712076840848,0.2,0.374,6.14378545024069e-86
"STOM",2.51737408993068e-90,1.09277155064447,0.58,0.476,6.47267226002975e-86
"RECQL4",3.16497504382071e-90,-1.17062202238043,0.083,0.205,8.1377838326718e-86
"ZNF592",3.39150515533923e-90,-0.86272470870465,0.107,0.244,8.72023805540822e-86
"TMEM186",3.69780946932951e-90,-0.892059108813183,0.207,0.375,9.50780770754003e-86
"GOLIM4",3.90023661091373e-90,1.47787257018398,0.506,0.374,1.00282883739814e-85
"WIPF2",4.2137062028338e-90,-0.769137423498028,0.261,0.438,1.08342813887263e-85
"NAP1L4",4.47094749515604e-90,-0.512349045407501,0.443,0.63,1.14957001995452e-85
"RRP8",4.68950764220852e-90,-0.846024598982181,0.257,0.433,1.20576620496465e-85
"SERPINA5",4.90687123526719e-90,-0.475858636541959,0.563,0.743,1.2616547320119e-85
"NDUFS4",5.15927211336616e-90,-0.369358605349136,0.773,0.88,1.32655204578871e-85
"TSEN34",6.0730485590514e-90,-0.587289194959159,0.482,0.667,1.56150224550329e-85
"GNB4",6.09914620423424e-90,-1.3908357327982,0.029,0.111,1.56821247203271e-85
"GDA",6.49715090615341e-90,3.27962367835601,0.171,0.035,1.67054744099017e-85
"R3HCC1L",6.65179576873498e-90,-1.34325852096432,0.061,0.171,1.71030972805714e-85
"MTL5",7.35666404325319e-90,-1.47187979350345,0.064,0.175,1.89154545880126e-85
"TSPAN14",7.36390341886835e-90,-0.555690147215679,0.136,0.29,1.89340684705943e-85
"IFI6",8.38488820571812e-90,-0.445576610960131,0.593,0.768,2.15592245545424e-85
"SLC35A4",8.65501006507089e-90,-0.816985771721219,0.242,0.417,2.22537618793103e-85
"REEP4",9.40857765817851e-90,-0.949801283393406,0.138,0.287,2.41913348747086e-85
"MELK",1.16666141843861e-89,-0.990034474253458,0.138,0.284,2.99971983908935e-85
"ABAT",1.18303063127146e-89,1.96443123743861,0.273,0.116,3.04180835912518e-85
"PIP5K1A",1.28846540929707e-89,-0.700380848690164,0.225,0.406,3.31290226038462e-85
"OS9",1.30964387300024e-89,-0.365999009317219,0.718,0.823,3.36735632625822e-85
"CASP1",1.33574564079895e-89,1.88097463683241,0.187,0.042,3.43446919162226e-85
"GSKIP",1.52508526093562e-89,-0.46711214447535,0.36,0.564,3.92129922291766e-85
"GRHL1",1.58697948305647e-89,-0.957945584244544,0.128,0.276,4.08044164683481e-85
"ZNF568",1.69380458147784e-89,-1.47258578561575,0.036,0.126,4.35511033989583e-85
"POLD1",1.81487816550996e-89,-0.874564315539822,0.138,0.288,4.66641473915922e-85
"UFSP2",1.87861916395957e-89,-0.690363505581758,0.269,0.452,4.83030559437285e-85
"OSGEP",2.46966470472065e-89,-0.68801738368144,0.323,0.511,6.35000188877772e-85
"CRTC1",2.4980249319649e-89,-1.53525074055486,0.042,0.137,6.42292170506816e-85
"FMN2",2.52567565025083e-89,-1.18778887603089,0.059,0.168,6.49401723192494e-85
"SPATS2",2.73128604879803e-89,-0.558579648073565,0.345,0.538,7.02268268866949e-85
"DAB2",3.06695816424416e-89,1.65014999327217,0.299,0.136,7.88576283190457e-85
"CEP55",3.38465710431037e-89,-1.12454170402698,0.056,0.161,8.70263034660281e-85
"OBSCN",3.45015763476468e-89,-1.60440916078337,0.029,0.111,8.87104531050696e-85
"SSPN",4.05094566630749e-89,-1.30413775694944,0.027,0.108,1.04157914972098e-84
"C11orf49",4.19380502133459e-89,-0.705440163816717,0.157,0.316,1.07831114708555e-84
"CREBZF",4.2286705259407e-89,-0.814619423544494,0.192,0.36,1.08727576562987e-84
"RHNO1",4.55441460188284e-89,-0.853383125245839,0.183,0.345,1.17103108243612e-84
"PTPN12",4.78664013589402e-89,-0.67724916834889,0.222,0.397,1.23074091174107e-84
"ANAPC1",4.99789320641989e-89,-0.812262578945602,0.129,0.277,1.28505830123468e-84
"ATP5L",5.13367318929381e-89,0.373722925443055,0.966,0.981,1.31997005043122e-84
"TTC36",5.15841050540885e-89,6.69502155525705,0.118,0.002,1.32633050915072e-84
"DDOST",5.41581443650275e-89,-0.393310721008602,0.719,0.824,1.39251420791359e-84
"FAM89A",6.16422304679078e-89,-0.997998402917388,0.157,0.312,1.58494502979084e-84
"TOR1A",7.28059684269516e-89,-0.683263540243037,0.316,0.503,1.87198706019378e-84
"COPS3",7.72099051869889e-89,-0.459949943971504,0.37,0.567,1.98522108216786e-84
"TMEM115",7.86509393403242e-89,-0.782000242409608,0.322,0.508,2.02227295231842e-84
"APOL1",9.90366606093817e-89,2.17076302934812,0.238,0.084,2.54643061758842e-84
"DMTN",1.24420638670243e-88,-1.09996825577784,0.053,0.156,3.19910346148929e-84
"MT-ND5",1.32183382051032e-88,0.581554037223047,0.879,0.851,3.39869911929614e-84
"PRR34-AS1",1.43990449468504e-88,1.65358880732748,0.314,0.152,3.70228243673417e-84
"MAP1LC3B2",1.66334253729442e-88,-0.899656070197635,0.047,0.148,4.27678633189142e-84
"MBNL3",1.81963172306387e-88,2.74814196259217,0.169,0.033,4.67863708634181e-84
"GTF3C5",2.06582367831409e-88,-0.820969527421498,0.236,0.408,5.31164584168119e-84
"TCP10L",2.11277596482839e-88,4.11449920669877,0.128,0.008,5.43236956076675e-84
"RPP25L",2.82924695462039e-88,-0.580600773006853,0.41,0.598,7.27455976971994e-84
"ARHGAP33",2.91142358436961e-88,-1.36111234784875,0.028,0.11,7.48585232013115e-84
"TBL2",3.22046123164131e-88,-0.880939234832513,0.218,0.388,8.28044991879612e-84
"PUDP",3.23584513861291e-88,-0.990163133702863,0.129,0.275,8.3200050204015e-84
"CHCHD4",3.48662602499269e-88,-0.688098179235558,0.325,0.51,8.9648128354612e-84
"DHX16",3.63124423959361e-88,-0.846895755976613,0.228,0.4,9.3366551888431e-84
"RPF2",3.64079645234225e-88,-0.476376726027386,0.597,0.743,9.36121583826239e-84
"PRTFDC1",4.63865193804587e-88,-1.00789535589672,0.106,0.24,1.19269018631035e-83
"UTS2",5.56464995070819e-88,-0.413951463778552,0.053,0.158,1.43078279532609e-83
"MYCBP2",5.58734913436191e-88,-0.720785347382386,0.202,0.369,1.43661920942714e-83
"PYM1",6.12500655604337e-88,-0.597355229279934,0.469,0.647,1.57486168568987e-83
"YLPM1",7.33584536092396e-88,-0.840579399708412,0.129,0.274,1.88619255920077e-83
"KIAA1551",7.3826900584637e-88,-0.517223723890094,0.252,0.438,1.89823726783219e-83
"AKTIP",8.69107027247825e-88,-0.791250545709061,0.209,0.381,2.23464798845961e-83
"TSC2",9.44055581288924e-88,-0.972513357011329,0.127,0.268,2.42735571061008e-83
"PLXNB1",9.73264038850079e-88,-0.837392510030635,0.129,0.275,2.50245649669132e-83
"PLGLB1",9.92753746055103e-88,2.38574575680638,0.215,0.069,2.55256843185688e-83
"TP53TG1",1.13384113936856e-87,1.29809466290977,0.454,0.305,2.91533233754444e-83
"MTA3",1.1403233388097e-87,-0.783261965062052,0.246,0.422,2.9319993687475e-83
"FAM175B",1.24548909590322e-87,-0.824084248976506,0.149,0.303,3.20240156338636e-83
"RSF1",1.31499216608742e-87,-0.612727065791288,0.347,0.529,3.38110785744398e-83
"PTH2R",1.42870977792136e-87,6.73660948502512,0.114,0.001,3.67349858099141e-83
"FAM69B",1.51376666717237e-87,-1.29918752363327,0.032,0.117,3.89219685463359e-83
"GLIPR2",1.86342235074754e-87,-0.749119502790427,0.062,0.173,4.79123154824207e-83
"MRPS14",1.92817748893096e-87,-0.439913669745283,0.6,0.756,4.95772995953929e-83
"DUS3L",1.96571262568744e-87,-1.05212283537726,0.133,0.278,5.05424030316755e-83
"SFXN3",2.0177992902092e-87,-1.09828317943607,0.044,0.139,5.18816553498591e-83
"EIF4EBP2",2.12513076323088e-87,-0.586995175961199,0.413,0.595,5.46413621841923e-83
"STX16",2.14875390485331e-87,-0.697294173262685,0.229,0.401,5.52487604015882e-83
"TTN-AS1",2.25209856106625e-87,-1.27173924656674,0.045,0.14,5.79059582021355e-83
"CGNL1",2.54596447776386e-87,2.09344859714417,0.284,0.131,6.54618386522644e-83
"MED24",2.76165764375119e-87,-0.835025812948498,0.276,0.456,7.10077413361305e-83
"FAM117A",2.79435672998428e-87,-1.05264118026458,0.077,0.196,7.18485002413559e-83
"IP6K2",2.89530467521069e-87,-0.503295056407472,0.523,0.68,7.44440738090174e-83
"EVA1B",2.99024124090718e-87,-1.34146605604494,0.091,0.215,7.68850827862054e-83
"UBLCP1",3.15532140209593e-87,-0.680928839625415,0.224,0.398,8.11296238906906e-83
"ZNF337",3.82120882345521e-87,-1.31084524858221,0.054,0.157,9.82509212686803e-83
"CHEK1",5.08761670434046e-87,-0.885616726833617,0.127,0.269,1.30812800702002e-82
"LINC00936",5.26756666986105e-87,-1.01049957325945,0.043,0.137,1.35439674215467e-82
"EIF2B2",6.41649945395796e-87,-0.669585493580216,0.297,0.482,1.64981033960167e-82
"TALDO1",7.01941790712144e-87,0.704225277916032,0.802,0.809,1.80483273227907e-82
"WRAP53",8.112152450514e-87,-1.13145138137875,0.077,0.194,2.08579663807616e-82
"ITFG2",8.12283959053584e-87,-1.02428733238905,0.09,0.216,2.08854451551857e-82
"MAGED1",8.40125873861116e-87,-0.520084141011355,0.481,0.651,2.1601316468717e-82
"SORBS3",9.53607589656177e-87,-0.742765025527766,0.15,0.304,2.45191583452396e-82
"FILIP1L",9.66857689607054e-87,-0.902042799294629,0.077,0.197,2.48598449151766e-82
"NUDT16L1",1.0052076178693e-86,-0.665992673840789,0.41,0.599,2.58458982706553e-82
"SULF2",1.3513404470358e-86,-0.3705757125531,0.098,0.236,3.47456655741844e-82
"DDX17",1.43362905497759e-86,-0.590857456996703,0.535,0.662,3.68614702615839e-82
"ITGAE",1.45156586791458e-86,-0.554490917084462,0.24,0.424,3.73226615958196e-82
"FBXW9",1.45557514579765e-86,-1.04136594853946,0.09,0.214,3.74257481487493e-82
"LEMD2",1.46087702777575e-86,-0.814815426632074,0.18,0.344,3.756207013817e-82
"SERPIND1",1.51809693101074e-86,0.795097244270257,0.758,0.7,3.90333082901481e-82
"GPATCH2L",1.63294958106159e-86,-0.589586399090014,0.194,0.365,4.19863996282556e-82
"COX7A2L",1.73317043164899e-86,-0.275606686061231,0.817,0.92,4.45632781385589e-82
"AK7",1.75938838433758e-86,-1.62861403085596,0.024,0.1,4.52373941380878e-82
"SLC17A9",1.97259521867095e-86,-0.784143294534388,0.228,0.399,5.07193682624676e-82
"FAM234B",1.98702786263097e-86,-1.36505068014185,0.03,0.112,5.10904604039676e-82
"CLNS1A",1.9921463394101e-86,-0.448917949939815,0.559,0.727,5.12220666789125e-82
"RP11-238F2.1",2.10442189640191e-86,7.83990233505145,0.11,0,5.4108895800286e-82
"SMIM10L1",2.15911307882885e-86,-0.632582229873609,0.317,0.507,5.55151154828474e-82
"BCS1L",2.65317994994468e-86,-0.75911405854718,0.233,0.406,6.82185628729777e-82
"CAPZA2",2.83046100673013e-86,0.766478852813205,0.799,0.793,7.27768134050451e-82
"CINP",3.15348095604635e-86,-0.607622334395205,0.417,0.596,8.10823023418637e-82
"SDHAF2",3.50475300078402e-86,-0.6607176256054,0.373,0.556,9.01142091561588e-82
"PPP1R9A",3.58096793623829e-86,-0.974724526679445,0.078,0.198,9.20738475765589e-82
"EP300",3.59172305575478e-86,-0.83442563595104,0.132,0.279,9.23503832095668e-82
"CRELD1",4.01285912048691e-86,-0.654717042340408,0.345,0.528,1.03178633705959e-81
"TMEM191C",4.76037316520602e-86,-0.783937768003369,0.106,0.242,1.22398714823777e-81
"PIGO",5.70658630399295e-86,-0.904353129632539,0.155,0.31,1.46727747048267e-81
"SDHAF1",6.2775274138732e-86,-0.785584378536644,0.253,0.432,1.61407784865508e-81
"ACTR3",6.32599833638407e-86,-0.294174398870579,0.589,0.766,1.62654069225107e-81
"FAM234A",6.95938613478983e-86,-0.638832104737322,0.295,0.478,1.78939736297716e-81
"MYH10",7.0058575390677e-86,-0.936476885714611,0.146,0.297,1.80134609044509e-81
"RP11-115C10.1",7.35278665612351e-86,6.72333999209391,0.115,0.003,1.89054850502248e-81
"CABIN1",7.81600871864665e-86,-0.776276887282601,0.113,0.25,2.00965216173843e-81
"HSPBAP1",1.05249186779257e-85,-0.819741322854948,0.112,0.247,2.70616709046827e-81
"FAM127C",1.05341250629709e-85,-0.441002528082467,0.072,0.192,2.70853423619109e-81
"ZSWIM7",1.09133823391535e-85,-0.66848882138751,0.294,0.481,2.80604886704314e-81
"VGLL4",1.18192784482664e-85,-0.732826718178954,0.288,0.465,3.03897287461825e-81
"RAB7A",1.2405118465559e-85,-0.351772589604424,0.809,0.887,3.18960405986453e-81
"TUSC1",1.27639605907972e-85,4.04221357946486,0.121,0.006,3.28186954710577e-81
"NDUFA3",1.62580904809867e-85,0.491961895461412,0.871,0.86,4.18028022447131e-81
"SSBP4",1.63902781206966e-85,-0.713755708095125,0.183,0.348,4.21426831039351e-81
"PLCG1",2.49695753605988e-85,-1.12347357540855,0.066,0.176,6.42017721671717e-81
"L3MBTL3",2.69318722177441e-85,-1.26990739095195,0.038,0.128,6.92472298462637e-81
"POMGNT2",2.71626207281046e-85,-1.02736093976196,0.121,0.26,6.98405304161027e-81
"RNF139",2.8347053437913e-85,-0.657014938394028,0.371,0.55,7.2885943799562e-81
"SP140L",3.21610356861043e-85,1.93978885863705,0.189,0.048,8.26924549561113e-81
"UNC50",3.44200923895797e-85,-0.624414485711785,0.443,0.608,8.85009415520872e-81
"CENPA",3.63283586306583e-85,-0.87716480172421,0.132,0.277,9.34074757111485e-81
"ABCC2",3.63591485676783e-85,2.122279476676,0.233,0.085,9.34866427972145e-81
"TOP1",3.66657613784852e-85,-0.54586424120385,0.501,0.661,9.42750056563613e-81
"PTPN9",3.79121252700201e-85,-1.03958000834057,0.078,0.196,9.74796564942758e-81
"RP11-49I11.1",4.04351339319751e-85,2.46610696899215,0.181,0.044,1.03966816365894e-80
"CAPN6",4.14565358755735e-85,-1.39691039946709,0.027,0.105,1.06593045043275e-80
"DCTD",4.15105000469351e-85,-0.581402855678349,0.341,0.528,1.0673179772068e-80
"MARCH3",4.98182206151067e-85,-1.18898737968958,0.044,0.138,1.28092608845562e-80
"CNGA1",5.46626949007953e-85,5.75247500323768,0.117,0.005,1.40548721128925e-80
"SERTAD1",5.47011220710833e-85,-0.476709119499643,0.331,0.52,1.40647525069169e-80
"RTN4R",5.57504017615811e-85,-1.33520163515782,0.038,0.126,1.43345433009377e-80
"CH507-154B10.1",6.70906166229801e-85,-0.97091858976605,0.086,0.209,1.72503393461006e-80
"PJA1",7.05492822165008e-85,-0.898851520382996,0.135,0.28,1.81396314435067e-80
"NCALD",7.0635993531225e-85,-0.900228798036975,0.112,0.248,1.81619266567486e-80
"NFKB2",7.24334082745335e-85,-0.746960117558404,0.201,0.368,1.8624077935548e-80
"CYP3A4",7.36430629460691e-85,7.69968385760966,0.113,0.002,1.89351043446933e-80
"MRPS16",7.42184850101276e-85,-0.37985486712068,0.71,0.814,1.9083056865804e-80
"PLAA",7.78257480388353e-85,-0.804150203519279,0.197,0.36,2.00105563357453e-80
"C1orf131",7.82462866364941e-85,-0.568712691304407,0.429,0.604,2.01186852199754e-80
"TMEM208",8.01196793967292e-85,-0.397959683272074,0.707,0.813,2.0600371966487e-80
"LEO1",8.3131677028354e-85,-0.740416583767048,0.299,0.473,2.13748167975304e-80
"GABPB1",1.01500304799131e-84,-0.578496090400176,0.366,0.55,2.60977583699525e-80
"OPLAH",1.05246889563281e-84,2.91666387378234,0.161,0.031,2.70610802445107e-80
"SEC16B",1.19065675785293e-84,2.94750809105069,0.157,0.028,3.06141665579146e-80
"ZBTB39",1.24124763350641e-84,-1.30656621864857,0.035,0.12,3.19149591527167e-80
"LRRC37B",1.49251542174284e-84,-1.19214643587206,0.085,0.205,3.8375556523852e-80
"TBC1D10B",1.56900187330353e-84,-1.17119295429598,0.056,0.158,4.03421761663803e-80
"BRMS1L",1.74888171040556e-84,-0.784281077702207,0.115,0.255,4.49672465379477e-80
"CENPT",2.15786951178905e-84,-0.740874304220015,0.171,0.329,5.548314088712e-80
"SRRT",2.60426500498221e-84,-0.636903159632778,0.279,0.456,6.69608618081025e-80
"POLR3F",2.60840284024664e-84,-0.999587734146299,0.137,0.28,6.70672538284216e-80
"SKIV2L2",2.82112091032853e-84,-0.686210448749804,0.289,0.471,7.25366608463672e-80
"CPLX1",2.89122454022293e-84,-1.20519912630743,0.057,0.161,7.4339165378212e-80
"FAM92A1",3.4431834650223e-84,-0.790984499968416,0.229,0.4,8.85311332526534e-80
"WDR34",3.60021080980829e-84,-0.51446636750614,0.315,0.503,9.25686203417908e-80
"SLC25A24",3.84821048025116e-84,-0.667866175463721,0.107,0.244,9.89451878682177e-80
"NEMF",4.15892102567795e-84,-0.601047091736433,0.319,0.501,1.06934177412231e-79
"C14orf80",4.45652391581165e-84,-0.902044567142629,0.104,0.235,1.14586142923349e-79
"DBNDD1",4.93651256494865e-84,-1.00337824739331,0.093,0.218,1.2692761106996e-79
"SAMD4B",5.06847672575796e-84,-0.751972118189395,0.198,0.36,1.30320673572689e-79
"ATF5",5.0796696882499e-84,2.40125692719715,0.328,0.18,1.30608467024282e-79
"ZNF706",5.90142334534742e-84,-0.32896669927357,0.758,0.865,1.51737397055573e-79
"SLC41A2",6.13515282456624e-84,2.27496931694951,0.198,0.057,1.57747049425247e-79
"MKNK2",6.50473232938338e-84,-0.68481654557207,0.233,0.399,1.67249677653105e-79
"DCAF7",7.58651628390863e-84,-0.62128075834304,0.371,0.547,1.95064506691859e-79
"PIAS1",8.55958828378358e-84,-0.668162715388891,0.295,0.472,2.20084133952643e-79
"TTC39C",8.58938342782003e-84,1.03283793663592,0.629,0.56,2.20850226696109e-79
"MMP1",9.67683713163803e-84,4.81328037592785,0.132,0.014,2.48810836328677e-79
"PCMTD2",1.00386485061296e-83,-0.762352295117922,0.183,0.343,2.58113730389603e-79
"AASS",1.07477605400039e-83,3.06421305736836,0.163,0.033,2.7634641900458e-79
"ACTR8",1.2187861061571e-83,-0.89988671515281,0.115,0.25,3.13374283615114e-79
"STX18",1.30596787025529e-83,-0.841522418191382,0.231,0.4,3.35790458800041e-79
"RNF40",1.30609109489466e-83,-0.80554784068115,0.205,0.369,3.35822142319315e-79
"DHX33",1.35198892820066e-83,-0.893334794276938,0.086,0.207,3.47623393218954e-79
"MAP2K2",1.54655679830025e-83,-0.770639223549529,0.195,0.357,3.9765068397896e-79
"HELQ",1.58922658355946e-83,-1.07213871340241,0.096,0.222,4.08621939164807e-79
"CCDC6",1.7418049502512e-83,-0.683442409057931,0.158,0.312,4.4785288880859e-79
"HAL",1.75309871470944e-83,2.22307418692721,0.25,0.103,4.50756741526092e-79
"SLC22A10",1.85576035921694e-83,6.21344752653785,0.11,0.002,4.77153103561861e-79
"ZG16",1.90043003573723e-83,3.46057772312264,0.142,0.02,4.88638570788757e-79
"AXL",1.92313477706633e-83,-0.976320296464181,0.049,0.147,4.94476413879295e-79
"STIP1",2.11094538317671e-83,-0.386311507514412,0.576,0.755,5.42766276922396e-79
"USP2",2.17265141832097e-83,-1.23093763264285,0.074,0.187,5.58632132678689e-79
"HSPA2",2.20565773736761e-83,-0.713106555197927,0.095,0.223,5.67118717431959e-79
"CDADC1",2.38416994625852e-83,-0.736888609256956,0.144,0.294,6.13017776581991e-79
"ACTA2",2.70158372389242e-83,-0.497656126530994,0.159,0.315,6.94631207087218e-79
"GLIS2",2.88208678351687e-83,-1.20183017966944,0.034,0.119,7.41042153777858e-79
"HEG1",3.44221600736439e-83,-1.00693646250393,0.065,0.173,8.85062579813532e-79
"ATP2C1",4.02869729645164e-83,-0.653826840203326,0.258,0.433,1.03585864886364e-78
"DNAJC30",4.27258151541106e-83,-0.904342786495765,0.225,0.393,1.09856615924249e-78
"ABHD17A",4.40839466528555e-83,-0.721216972098577,0.141,0.287,1.13348643633822e-78
"FAM133B",4.63487230453556e-83,-0.389024394266098,0.529,0.695,1.19171836694218e-78
"BEND7",5.27055742338693e-83,-0.73869525642276,0.084,0.206,1.35516572470125e-78
"PLEKHA8",5.68931393163617e-83,-0.961746794986547,0.089,0.211,1.46283639810229e-78
"PPP1R3C",5.8820356890296e-83,-1.00423207100393,0.176,0.33,1.51238901636329e-78
"GIPC1",5.89237648899752e-83,-0.618425200352515,0.316,0.507,1.51504784285104e-78
"CCDC77",6.13622259555941e-83,-1.42963201383661,0.049,0.145,1.57774555377024e-78
"LCN2",6.16795198966397e-83,6.19041422014608,0.12,0.007,1.5859038155824e-78
"CERS2",7.92294981072816e-83,0.93847439223764,0.665,0.613,2.03714885533442e-78
"MRPL45",8.20294744817743e-83,-0.608692034149786,0.427,0.619,2.10914184787538e-78
"BTN2A1",8.48275406953067e-83,-0.935023078185687,0.112,0.245,2.18108572635773e-78
"PARL",8.6314240244859e-83,-0.546430909535197,0.503,0.672,2.21931174517581e-78
"IFI16",1.09831517079924e-82,1.63069380725072,0.243,0.089,2.823987967159e-78
"TRUB1",1.18397476658269e-82,-0.888237543429129,0.105,0.237,3.04423591983741e-78
"MAP3K1",1.26715287627259e-82,-0.776643336272086,0.118,0.253,3.25810347547207e-78
"COX10",1.2952265456508e-82,-1.02557716965788,0.096,0.222,3.33028649417735e-78
"RP3-446N13.5",1.39900701900939e-82,4.7076861920363,0.128,0.012,3.59712684727695e-78
"SERPINE2",1.54095897279195e-82,-0.593662229319531,0.173,0.341,3.96211371084266e-78
"MDC1",1.58337654238746e-82,-1.02158078391315,0.105,0.234,4.07117776578665e-78
"FIP1L1",1.67246781990523e-82,-0.546162566995895,0.361,0.549,4.30024925854032e-78
"NUDT4",1.84722617925967e-82,-0.625602863715318,0.402,0.576,4.74958795211247e-78
"UNC5CL",2.13199198918557e-82,-0.986764770401791,0.07,0.182,5.48177780259393e-78
"AUH",2.25116206485381e-82,-0.678215934301454,0.208,0.374,5.78818790115211e-78
"CHD7",2.29610428724076e-82,-0.775224632738562,0.199,0.36,5.90374334335345e-78
"CTA-445C9.14",2.36187163860062e-82,-1.47085495573582,0.038,0.125,6.07284435716991e-78
"TUBG1",2.85862985204817e-82,-0.432467918329784,0.471,0.671,7.35010907558626e-78
"IRF6",2.98812626896351e-82,1.99909922541745,0.319,0.168,7.68307026275898e-78
"TOR2A",3.21373096283786e-82,-0.876670642809284,0.17,0.326,8.2631450516487e-78
"GLYATL1",3.21638212761391e-82,3.84031913351518,0.132,0.015,8.26996172652089e-78
"S100A16",3.49968209139484e-82,0.898845269138449,0.778,0.777,8.9983825933944e-78
"SLC39A3",3.93591691174398e-82,-0.664535222522234,0.344,0.539,1.01200295634761e-77
"GPLD1",4.57743374595758e-82,3.52746723089382,0.153,0.029,1.17694976476061e-77
"AKAP8L",4.77725626064112e-82,-0.704313596242593,0.24,0.415,1.22832812973604e-77
"WDR59",5.06844247259321e-82,-0.851176984547071,0.172,0.325,1.30319792855317e-77
"APOL3",5.17178928427615e-82,2.20802218830463,0.158,0.03,1.32977046077308e-77
"TRAF5",5.2189119774707e-82,-0.839910229525286,0.07,0.181,1.34188664764727e-77
"TOP1MT",5.27831213005418e-82,-0.618467318363172,0.322,0.507,1.35715961487953e-77
"HSD17B4",5.5980325807252e-82,1.03140464026542,0.56,0.456,1.43936613715606e-77
"COX19",5.75577009478806e-82,-0.513306415215003,0.369,0.555,1.47992360677191e-77
"DEDD",6.16475504229044e-82,-0.756775182072873,0.247,0.42,1.58508181647372e-77
"DCAF8",6.39056134426291e-82,-0.747469727097911,0.322,0.499,1.64314113283688e-77
"RNF8",6.68216842268707e-82,-0.726495677436818,0.297,0.473,1.7181191448413e-77
"SCNM1",7.55333272892339e-82,-0.544171593123656,0.43,0.607,1.94211291126078e-77
"SCD",9.00974793626254e-82,1.22534277611052,0.695,0.661,2.31658638937182e-77
"PLEKHG2",9.26664964088925e-82,-1.31222542954986,0.026,0.101,2.38264095566544e-77
"UTP14A",1.01766232079417e-81,-0.816368166509346,0.187,0.344,2.61661335922597e-77
"TMEM5",1.31804072988264e-81,-0.648325635667986,0.283,0.461,3.38894632467425e-77
"DPF2",1.47026706345899e-81,-0.648189044713688,0.257,0.433,3.78035067356575e-77
"RNMT",1.56002193300368e-81,-0.460078609173513,0.402,0.582,4.01112839413906e-77
"NUDCD3",1.63705451134242e-81,-0.727676580026814,0.219,0.387,4.20919455956363e-77
"ZIC2",1.6660747724228e-81,-1.0503259455017,0.039,0.127,4.28381145485349e-77
"WBP1L",1.87493725275382e-81,-0.867735576361158,0.114,0.247,4.82083866428063e-77
"PURB",1.89228071718818e-81,-0.634264534965086,0.184,0.344,4.86543218003424e-77
"GATAD2B",1.90453818598015e-81,-0.770365811346393,0.157,0.307,4.89694858379215e-77
"ARL8A",1.91728556517868e-81,-0.694906442153762,0.218,0.385,4.92972464518741e-77
"CS",1.94703431701385e-81,-0.702473451561138,0.263,0.433,5.00621463590602e-77
"GEMIN8",2.04724364424961e-81,-0.771939627179363,0.147,0.293,5.26387285809459e-77
"CDK7",2.48305048012774e-81,-0.870062571230005,0.164,0.314,6.38441939450444e-77
"THOP1",2.52712051343263e-81,-0.876069216240269,0.2,0.361,6.49773226413799e-77
"TINAGL1",2.61091242784809e-81,-1.13867593070746,0.053,0.151,6.713178034483e-77
"TMEM242",3.22728391755804e-81,-0.647327760438649,0.306,0.486,8.29799240882524e-77
"ERC1",3.3108736363045e-81,-0.922955174544314,0.095,0.219,8.51291829366614e-77
"C17orf53",3.38707305898653e-81,-1.6042598877725,0.041,0.129,8.70884224926616e-77
"KSR1",3.84721629792471e-81,-1.57545527387411,0.027,0.102,9.89196254522401e-77
"RDX",3.96016918807251e-81,-0.498223966848084,0.558,0.729,1.0182387016372e-76
"DNAJB5",3.99238944366497e-81,-1.22386854083732,0.047,0.14,1.02652317375514e-76
"AGTR1",4.08377904740197e-81,2.2749044616457,0.179,0.045,1.05002126866799e-76
"ZNF487",4.09812688660096e-81,-1.43936587285211,0.046,0.139,1.05371038508284e-76
"GPN1",4.28009487032047e-81,-0.56056107762278,0.328,0.51,1.1004979930568e-76
"WRNIP1",4.6988688000475e-81,-0.722198542896191,0.222,0.386,1.20817314586821e-76
"ZC3H15",4.8882443338058e-81,-0.392330197103907,0.697,0.804,1.25686538310815e-76
"ROBO1",5.07255209518545e-81,2.247821711563,0.22,0.08,1.30425459471408e-76
"ABHD16A",5.14901276069619e-81,2.20034404039324,0.228,0.084,1.3239141610302e-76
"FAM53C",5.30769878154957e-81,-0.637095088493032,0.21,0.374,1.36471551071202e-76
"THPO",5.39002260644334e-81,-1.12914256043162,0.104,0.23,1.38588261256871e-76
"EXOC3",5.43598389148301e-81,-0.879212718363287,0.176,0.328,1.39770017817811e-76
"PNPLA6",5.84136786497499e-81,-1.00819445644867,0.078,0.192,1.50193250544237e-76
"PPP1R12A",6.57366880776306e-81,-0.509163545446372,0.358,0.539,1.69022172385204e-76
"SLC27A3",6.76861356023238e-81,-0.712736242706615,0.246,0.419,1.74034591860695e-76
"NFAT5",7.27655492720645e-81,-0.606649451401143,0.165,0.318,1.87094780288332e-76
"EPS8L2",8.42037749298167e-81,-0.637057293092912,0.336,0.519,2.16504746099545e-76
"CERS5",9.86724754191199e-81,-0.902294141176187,0.146,0.292,2.53706668797641e-76
"MOGS",1.05086085016803e-80,-0.804393572797664,0.199,0.359,2.70197341795204e-76
"PINK1",1.06518911217778e-80,1.69760554819491,0.332,0.188,2.73881424523152e-76
"KIAA1429",1.07631072512309e-80,-0.767889560029265,0.246,0.418,2.76741013643649e-76
"GABRA2",1.23634609892762e-80,6.07557266404572,0.109,0.003,3.17889308956269e-76
"CDC42SE1",1.2810417869174e-80,-0.381552033072223,0.408,0.599,3.29381464252202e-76
"MRPL2",1.33097463976869e-80,-0.48653521333698,0.574,0.717,3.42220199377324e-76
"PPP1R14B",1.34730564366401e-80,-0.581790533180973,0.242,0.414,3.46419227098891e-76
"BTBD7",1.43465032343257e-80,-0.558190746965844,0.151,0.302,3.68877291160981e-76
"TMCO3",1.77466032756958e-80,-0.565976116849649,0.179,0.346,4.56300663424691e-76
"IGF1",2.11766779023715e-80,4.02102295968495,0.118,0.008,5.44494742225775e-76
"METTL21A",2.37207062508797e-80,-0.671606453716443,0.331,0.505,6.09906799122618e-76
"MIER3",2.67689025652333e-80,-0.788377101879959,0.088,0.208,6.88282022757278e-76
"NDUFS8",2.99704816786933e-80,-0.304910010229837,0.772,0.89,7.70601024922563e-76
"RELL2",3.17007167041485e-80,-1.07529006212236,0.065,0.171,8.15088827897066e-76
"GBF1",3.19119567991122e-80,-0.919535767902519,0.112,0.243,8.20520233218774e-76
"TCEB1",3.85723548198553e-80,0.601216288475029,0.829,0.831,9.9177238712812e-76
"METTL12",3.99117396492797e-80,-0.740269565599485,0.149,0.294,1.02621064986228e-75
"EPN1",4.13484683583578e-80,-0.578852619462882,0.454,0.619,1.0631518184301e-75
"CYP3A7",5.32696246972891e-80,4.02737130402693,0.159,0.034,1.3696685902167e-75
"ZNF518B",5.74435767683091e-80,-1.06061194714536,0.065,0.172,1.47698924586676e-75
"GTF3C4",5.97051204640094e-80,-1.20563154394284,0.071,0.179,1.53513805737061e-75
"RER1",6.38399946191197e-80,0.666858995688312,0.724,0.705,1.64145394164681e-75
"HRASLS2",6.84457526297051e-80,7.04956193797227,0.104,0.001,1.75987719161498e-75
"ARL3",7.24676288661714e-80,-0.56466288492307,0.383,0.564,1.863287673407e-75
"RRAGD",8.24150085104191e-80,-0.635278385995844,0.34,0.524,2.1190546988199e-75
"C19orf52",8.6030219879012e-80,-0.87377781624051,0.184,0.339,2.21200901352916e-75
"PARP11",8.97397416549785e-80,-1.14695838185308,0.05,0.144,2.30738823743281e-75
"SPATA7",9.26267075760361e-80,-1.0294280070874,0.076,0.189,2.38161790519504e-75
"ATP6V0E1",1.05030704058009e-79,0.440625358928853,0.881,0.881,2.70054946273954e-75
"PLEKHB2",1.20024390598283e-79,-0.52038807450941,0.305,0.49,3.08606713106304e-75
"AK6",1.30806273472865e-79,0.952092321383219,0.588,0.503,3.3632909035343e-75
"DCAF10",1.39187736545949e-79,-0.734090045220763,0.284,0.459,3.57879508206944e-75
"ETNPPL",1.76267747858452e-79,2.70350485406333,0.151,0.029,4.53219633293652e-75
"CSTF2",1.80385502853845e-79,-0.97400633572696,0.145,0.286,4.63807204937806e-75
"SRD5A3",1.87077971340133e-79,-0.698375396434595,0.274,0.452,4.81014879909749e-75
"CIZ1",1.94432781853546e-79,-0.807257347135646,0.177,0.328,4.99925568701838e-75
"GLRX5",1.94506289271458e-79,-0.476300988090932,0.534,0.695,5.00114570974772e-75
"AP5B1",1.99323558151427e-79,-1.5763472113112,0.042,0.13,5.12500732718948e-75
"TPR",2.33554818347592e-79,-0.462929297763638,0.557,0.698,6.00516148935328e-75
"C10orf76",2.53166261755918e-79,-0.791436199673445,0.097,0.22,6.50941092226817e-75
"DCAF4",2.58935188345455e-79,-0.97282184152354,0.067,0.174,6.65774156273833e-75
"SREBF2",2.91676684318015e-79,-0.6378359208829,0.198,0.36,7.4995909071848e-75
"NF2",3.08817971059378e-79,-0.888184517364061,0.111,0.241,7.94032767187874e-75
"GRB2",3.41763292061757e-79,-0.60969477598928,0.437,0.611,8.78741776549191e-75
"PRR14",3.68860377652544e-79,-0.626027084389419,0.19,0.347,9.48413803020222e-75
"STK38",4.23941314031872e-79,-0.71596442175446,0.159,0.31,1.09003790663875e-74
"TOP2B",4.38610900189925e-79,-0.668089493576868,0.237,0.406,1.12775634656834e-74
"MTFMT",4.45018459046158e-79,-0.845352323517884,0.173,0.324,1.14423146189948e-74
"CD36",4.46716092422092e-79,2.2979825568112,0.198,0.062,1.14859641683568e-74
"TMC4",5.37889716979684e-79,-1.12897369413079,0.037,0.121,1.38302204029816e-74
"DUS2",5.58949966048812e-79,-1.15168992861113,0.114,0.241,1.4371721527047e-74
"RPUSD3",5.7496638444005e-79,-0.680057256757211,0.386,0.565,1.47835356767226e-74
"BRK1",5.85902788226883e-79,-0.287893277349599,0.85,0.92,1.50647324908896e-74
"PHF7",7.02942558758799e-79,-1.04853689738906,0.067,0.173,1.80740590708062e-74
"APPL1",7.23680300218363e-79,-0.619606500755298,0.356,0.53,1.86072678792146e-74
"LDAH",7.60973233054428e-79,-0.774939085520672,0.128,0.266,1.95661437682955e-74
"ZFP41",8.52336732637287e-79,-1.22159525937789,0.053,0.148,2.19152820695699e-74
"RANBP3",9.23106315322138e-79,-0.722586476891754,0.208,0.369,2.37349095795628e-74
"ATP6V0A1",9.41020693620193e-79,-0.744510207199504,0.253,0.42,2.41955240743624e-74
"REXO4",1.06520837655664e-78,-0.715958907625678,0.279,0.457,2.73886377780243e-74
"MARC1",1.18267680834158e-78,-0.802759813770376,0.231,0.396,3.04089860960788e-74
"TMEM42",1.42504526312209e-78,-0.789275914384348,0.25,0.417,3.66407638053952e-74
"IGFLR1",1.48247317192553e-78,2.02695927314706,0.172,0.042,3.81173501965492e-74
"FRAT2",1.56912816243183e-78,-1.22859733478454,0.063,0.164,4.03454233124473e-74
"ZNF627",1.64353825010972e-78,-1.14896074468416,0.048,0.141,4.22586554868211e-74
"SYNGAP1",1.73477516595032e-78,-1.17440319878585,0.041,0.128,4.46045390669145e-74
"ATG4D",1.75654624615779e-78,-0.881759106241232,0.113,0.243,4.51643170812092e-74
"PXN",1.89860164644158e-78,-0.718121672843931,0.135,0.274,4.88168455333059e-74
"TCF12",2.00600518888669e-78,-0.555675196751674,0.182,0.338,5.15784054166545e-74
"TM4SF1",2.08328427164622e-78,1.84387330140717,0.564,0.482,5.35654051925675e-74
"KAT6B",2.08806638720856e-78,-0.783990690463761,0.114,0.245,5.36883629479065e-74
"KIF20B",2.10578063102129e-78,-0.654072731599574,0.163,0.311,5.41438315848194e-74
"PDIA3",2.19294204121043e-78,-0.261327335812645,0.841,0.943,5.63849257636026e-74
"MTURN",2.20530870683196e-78,-1.09590836183853,0.067,0.172,5.67028974700634e-74
"USP18",2.24900486664391e-78,-0.821604129141316,0.181,0.334,5.78264131311482e-74
"EML4",2.49294931288435e-78,1.10822496729484,0.529,0.42,6.40987127328825e-74
"PIF1",2.67025999192806e-78,-1.49011446572853,0.033,0.113,6.86577249124542e-74
"RP11-317N12.1",2.71776088260926e-78,-1.29206801055084,0.046,0.136,6.98790678136493e-74
"SAA2",2.89106007654822e-78,3.65109183903363,0.12,0.01,7.43349366882079e-74
"BIVM",2.92820423576326e-78,-0.965189731283767,0.098,0.222,7.5289987309945e-74
"DCUN1D5",3.3301488745246e-78,-0.612094052038201,0.397,0.571,8.56247878617764e-74
"SLC22A5",3.44612391701023e-78,-1.09992067758606,0.084,0.2,8.86067381541671e-74
"KIZ",3.53034832960865e-78,-1.12436174036882,0.103,0.225,9.07723162508975e-74
"CHMP1B",3.64566176154111e-78,-0.458516764867897,0.463,0.64,9.37372552127451e-74
"TCEA2",3.87368968948779e-78,-0.556727238476993,0.402,0.59,9.96003092961101e-74
"C11orf68",3.92643085428344e-78,-1.07303975482547,0.119,0.249,1.00956390125336e-73
"ZMYM2",4.04726455772399e-78,-0.482246592168308,0.22,0.392,1.04063266308199e-73
"MIF4GD",4.49807706188264e-78,-0.67989387062044,0.347,0.526,1.15654557415127e-73
"NNT",5.4769849794438e-78,1.57342640766478,0.326,0.178,1.40824237791459e-73
"ANXA6",5.56896059309845e-78,1.22089057031178,0.445,0.318,1.43189114769747e-73
"PLK1",5.99924469805733e-78,-0.428870469961076,0.121,0.256,1.5425257967645e-73
"GIT1",6.05152714793122e-78,-1.07599055154424,0.118,0.246,1.55596866027607e-73
"ZNHIT3",6.35242043581956e-78,-0.514436869864979,0.532,0.686,1.63333434245793e-73
"HIST2H2BE",7.60268948879726e-78,-0.900312336536536,0.14,0.281,1.95480352135955e-73
"BAIAP2",8.29612758971349e-78,-0.554686377488916,0.246,0.428,2.13310032586713e-73
"CENPL",8.79474018356263e-78,-0.791917082929368,0.127,0.264,2.26130359599762e-73
"ZNF320",1.0238928825149e-77,-0.810201390684281,0.045,0.135,2.63263337952232e-73
"TTF1",1.10344868465657e-77,-0.634653891315248,0.194,0.349,2.83718725798897e-73
"IER3IP1",1.11245079779472e-77,0.625422608619405,0.787,0.76,2.86033349128979e-73
"SFSWAP",1.13307749525789e-77,-0.664010182908195,0.243,0.41,2.91336885580708e-73
"LRIG1",1.15914106306486e-77,-0.896593107932642,0.063,0.166,2.98038350135236e-73
"CLPX",1.52109673903595e-77,-0.633079818947491,0.364,0.539,3.91104393540923e-73
"C3orf14",1.60135936510118e-77,-0.287277258511488,0.166,0.333,4.11741519954815e-73
"BICD1",1.8119265204984e-77,-1.19754828161081,0.048,0.14,4.65882546950549e-73
"STEAP2",1.8441207494099e-77,2.69870107030636,0.148,0.028,4.74160327088274e-73
"BOD1",2.00596943618127e-77,-0.551417362122189,0.377,0.568,5.15774861430928e-73
"ZNF318",2.01391606452741e-77,-0.767957553217918,0.137,0.276,5.17818098511286e-73
"SAV1",2.09209774345301e-77,-0.830304918591115,0.128,0.264,5.37920171796637e-73
"RP1-27K12.2",2.09213220878261e-77,7.05239501182365,0.101,0.001,5.37929033522186e-73
"C16orf87",2.22292563237052e-77,-0.571388619927156,0.356,0.535,5.71558638595108e-73
"TP53INP1",2.2401406669718e-77,1.47388848399732,0.462,0.335,5.7598496829179e-73
"MKI67",2.38735684522537e-77,-0.532898393941694,0.159,0.308,6.13837192044347e-73
"ZNF12",2.63715624441333e-77,-0.759252018928511,0.14,0.281,6.78065613563556e-73
"ART4",2.83154050343454e-77,5.85035385117198,0.103,0.002,7.28045694243089e-73
"ING4",2.84293126271063e-77,-0.791889715605904,0.212,0.374,7.30974486268158e-73
"NASP",3.5334078465352e-77,-0.261856701081935,0.523,0.704,9.0850982550113e-73
"XCL1",3.61335382572181e-77,-0.718471005515857,0.038,0.123,9.29065535669591e-73
"NNMT",3.6370960223918e-77,2.82320818738718,0.24,0.099,9.35170129277379e-73
"STK11",3.70458605057258e-77,-0.874483181883913,0.101,0.224,9.52523165323221e-73
"SLC25A18",4.05682741576901e-77,1.56591850054839,0.335,0.194,1.04309146514253e-72
"SGOL1",4.72565398321366e-77,-0.648268030188362,0.155,0.3,1.2150601521639e-72
"RP11-379B8.1",4.7326203526998e-77,4.58196272355819,0.113,0.007,1.21685134508617e-72
"ZFHX4",6.04900847107693e-77,2.94602259078412,0.142,0.025,1.5553210580833e-72
"ENPP4",6.54422660022199e-77,-0.870709680802606,0.101,0.226,1.68265154344908e-72
"KIF27",6.67127766068075e-77,-1.27211303180563,0.03,0.106,1.71531891211423e-72
"ZNF134",7.57796352856986e-77,-1.08155231580229,0.075,0.184,1.94844598246588e-72
"DMGDH",8.80736819669565e-77,2.53177072936214,0.169,0.043,2.26455051073438e-72
"TTC38",1.00218913997155e-76,-0.561832124149115,0.404,0.579,2.57682871669484e-72
"LGALS3",1.04224223460594e-76,2.25280118170583,0.343,0.201,2.67981323361879e-72
"KPNB1",1.06636631942463e-76,-0.458709269277941,0.572,0.707,2.7418410805046e-72
"UBE3D",1.19874283792788e-76,-1.06334744946279,0.093,0.211,3.08220758488016e-72
"HKR1",1.309967514178e-76,-1.0913086704898,0.08,0.192,3.36818847245447e-72
"RP11-635N19.1",1.4339991793652e-76,3.57127801806094,0.121,0.012,3.68709868998379e-72
"SDHAF3",1.4573277814924e-76,-0.426419471031913,0.497,0.658,3.74708119177326e-72
"ABI2",1.48201866650883e-76,-0.580100860050345,0.314,0.493,3.8105663953275e-72
"GNG10",1.5093062666733e-76,1.89598892434521,0.176,0.046,3.8807282728704e-72
"TMEM44",1.53936654937761e-76,-1.23588442595448,0.045,0.135,3.95801927175971e-72
"GNB5",1.86525784735101e-76,-0.66375382757889,0.357,0.529,4.79595097710892e-72
"SOGA1",2.25623751742528e-76,-1.31663151472231,0.044,0.132,5.80123790480388e-72
"ZC3H8",2.28789366874035e-76,-0.790964424470539,0.177,0.326,5.88263220106519e-72
"ULBP2",2.35793487413946e-76,-0.681996857065221,0.127,0.264,6.06272214838737e-72
"ZMYND11",2.7575171129941e-76,-0.627137736257541,0.239,0.407,7.09012800093044e-72
"NT5C",2.8671367354255e-76,-0.536155735434599,0.449,0.631,7.37198197412605e-72
"PLS3",2.96701400735913e-76,1.49913619459762,0.484,0.362,7.6287864157218e-72
"UBE2J1",3.82552403119829e-76,-0.551039635385827,0.381,0.559,9.83618738901704e-72
"PAGE2",4.23889112509082e-76,8.59737650612179,0.101,0.002,1.08990368608335e-71
"TRPM8",4.34744454116476e-76,5.07862663245369,0.1,0.001,1.11781494042428e-71
"DRAIC",4.48480086464539e-76,2.56909677794522,0.178,0.051,1.15313199831762e-71
"RP1-28O10.1",4.60009719952859e-76,2.2700276559025,0.163,0.038,1.18277699194279e-71
"TIMM44",4.80937865913948e-76,-0.577778028182656,0.399,0.569,1.23658744083794e-71
"HECTD2",4.98065843316633e-76,-1.28765559012047,0.04,0.125,1.28062689633573e-71
"HYPK",4.98592618289935e-76,-0.658521916544379,0.153,0.298,1.28198134014708e-71
"ZNF433",4.98874547162519e-76,-1.42766368916781,0.04,0.124,1.28270623566427e-71
"MBL2",5.13192449452291e-76,4.73116060609029,0.105,0.003,1.31952042603173e-71
"LBX2-AS1",5.23323739032299e-76,-1.08915925950997,0.094,0.211,1.34556999779985e-71
"ABHD3",5.3853926728245e-76,-0.632962359572153,0.336,0.513,1.38469216403664e-71
"GBP4",5.57026707179827e-76,2.17485649451898,0.167,0.041,1.43222706950077e-71
"HDAC3",5.72526490050901e-76,-0.659412411740196,0.328,0.502,1.47208011121888e-71
"PHKB",6.90122093845106e-76,-0.617435863502064,0.188,0.342,1.77444192769454e-71
"RBM12",8.42417440063895e-76,-0.738924290712279,0.161,0.307,2.16602372189229e-71
"WNK2",9.283025616274e-76,-0.960695604575121,0.061,0.16,2.38685154645637e-71
"EIF5AL1",9.30306266324979e-76,1.18191191310042,0.331,0.174,2.39200347197478e-71
"UBAC2-AS1",9.49058714742261e-76,-1.24364620508266,0.054,0.148,2.4402197673453e-71
"RP11-708J19.1",9.52344468794348e-76,-1.19817681981639,0.047,0.137,2.44866809816403e-71
"AP3D1",9.6766289207782e-76,-0.647095451011512,0.341,0.511,2.48805482811049e-71
"ZNF561",1.01314419613525e-75,-1.03999680356914,0.081,0.193,2.60499635710295e-71
"TFCP2",1.02471602061847e-75,-0.957112166397041,0.118,0.249,2.63474983221422e-71
"C17orf80",1.12477172369425e-75,-1.30053643164478,0.081,0.19,2.89201305596266e-71
"CENPW",1.17168932308366e-75,-0.351837284655874,0.367,0.57,3.01264758751269e-71
"BUD31",1.25967988876088e-75,-0.310180974664604,0.762,0.861,3.23888892998198e-71
"TRAIP",1.34105123352621e-75,-1.09762122879934,0.042,0.127,3.4481109316426e-71
"H6PD",1.34713055608978e-75,2.00569017807492,0.246,0.107,3.46374208581804e-71
"SHH",1.35885978255013e-75,-0.821928942145539,0.069,0.175,3.49390027289288e-71
"NSMCE3",1.64180404787346e-75,-0.663890544584267,0.203,0.362,4.22140656789224e-71
"ETV5",1.68498341301406e-75,-0.63640889181837,0.171,0.323,4.33242935154176e-71
"GATAD2A",1.72737805173244e-75,-0.675527717134933,0.158,0.303,4.44143444661446e-71
"CMTR1",1.79521050050493e-75,-0.921347252792601,0.103,0.225,4.61584523889828e-71
"CXCL16",1.79563783207191e-75,-0.474268841201447,0.26,0.438,4.61694399382329e-71
"RPA1",1.8449968257618e-75,-0.510571833215991,0.233,0.402,4.74385583839875e-71
"TCF4",2.00318137662769e-75,-0.707981774360376,0.062,0.164,5.15057995558512e-71
"ZNF761",2.07185952156237e-75,-0.905303113693511,0.094,0.213,5.32716520184117e-71
"PSMB6",2.25852147926608e-75,-0.252118619168466,0.807,0.884,5.80711042748894e-71
"DNAJC10",2.54297852837956e-75,-0.576284009625606,0.249,0.42,6.53850639216953e-71
"CEP170B",2.64002324408175e-75,-0.790072690749687,0.074,0.182,6.788027765183e-71
"LINC00176",3.10677340562994e-75,-1.23376232625383,0.08,0.19,7.98813578055571e-71
"GPD1L",3.13873563027328e-75,-1.09803283569594,0.066,0.169,8.07031705255865e-71
"CCL28",3.33142773416478e-75,2.70434555070592,0.115,0.009,8.56576699008449e-71
"YY1AP1",3.41032895684307e-75,-0.593694838503974,0.284,0.459,8.7686378138349e-71
"MCU",3.70089731497332e-75,-1.12545623977862,0.07,0.174,9.51574717625939e-71
"POLG",3.78841057855278e-75,-0.783784809846365,0.105,0.23,9.74076127957491e-71
"SHKBP1",3.85227897141198e-75,-0.536059359439338,0.371,0.546,9.90497969129449e-71
"ASCC1",4.23388857643437e-75,-0.668683535051279,0.2,0.357,1.08861743077281e-70
"PARD6B",4.49048029681417e-75,-0.591941707793193,0.204,0.36,1.15459229391686e-70
"PCCB",4.52961408219356e-75,1.01414382287595,0.534,0.438,1.16465437281361e-70
"ATPAF2",5.10308754919772e-75,-0.635164776869786,0.218,0.381,1.31210587064972e-70
"ANKEF1",5.46445401326699e-75,-1.13082632345614,0.075,0.182,1.40502041589121e-70
"ZMYND8",5.46655092648208e-75,-0.678884160024409,0.194,0.347,1.40555957421707e-70
"PEX11B",5.63689408430907e-75,-0.630930467294221,0.229,0.394,1.44935820695755e-70
"ZC3HC1",5.85014743308379e-75,-0.722347606946647,0.207,0.365,1.5041899079945e-70
"RBMX2",6.41301583173738e-75,-0.550588496238203,0.351,0.53,1.64891463065632e-70
"CRTC3",6.457613586604e-75,-0.799159087956118,0.138,0.276,1.66038160538762e-70
"ING1",6.55123961908805e-75,-0.676958821510037,0.224,0.382,1.68445473085992e-70
"SGCB",7.75454775931079e-75,-0.546770672303846,0.18,0.341,1.99384931987399e-70
"NFATC2",1.08945907647719e-74,-0.96655651238534,0.087,0.201,2.80121717743815e-70
"CCDC57",1.09085527855278e-74,-0.646036082330179,0.203,0.363,2.80480709221491e-70
"SMAD3",1.23951898461796e-74,-0.772961660140363,0.17,0.315,3.18705121324971e-70
"KDF1",1.42579474803146e-74,-1.4085523085696,0.049,0.138,3.6660034561385e-70
"DCP1B",1.66924529272686e-74,-0.998364225122413,0.066,0.168,4.29196349665931e-70
"ACLY",1.68929065397232e-74,-0.590523794357375,0.36,0.528,4.34350412949362e-70
"CLGN",1.72602814595191e-74,1.97806582376185,0.249,0.11,4.43796356887155e-70
"CD59",1.74294775842473e-74,0.794566137909963,0.761,0.731,4.48146727646167e-70
"RP13-401N8.1",1.92622126453463e-74,-0.847692104363528,0.095,0.212,4.95270011537143e-70
"HELLS",1.98354476707189e-74,-0.497478417812915,0.178,0.33,5.10009030509523e-70
"ACMSD",2.23598759151515e-74,1.63298604996265,0.314,0.172,5.74917129530376e-70
"MDM4",2.3155041903057e-74,-0.482073822718816,0.357,0.527,5.95362437411401e-70
"NR0B2",2.58143021971717e-74,2.07371012497955,0.424,0.305,6.63737338093679e-70
"BCAP31",2.70931198258363e-74,0.522074092312392,0.826,0.808,6.96618296961902e-70
"FGFR3",2.72444385080124e-74,-0.560027114861896,0.122,0.254,7.00509002918015e-70
"C19orf25",3.21355881140131e-74,-0.633530271586572,0.264,0.432,8.26270241587504e-70
"GSTA4",4.23545509084618e-74,1.4130869868526,0.422,0.295,1.08902021295837e-69
"MICAL1",4.23879844333789e-74,-0.932834554718102,0.074,0.18,1.08987985575104e-69
"PLEKHG3",4.45235687355627e-74,-1.03346073510114,0.049,0.139,1.14478999932879e-69
"PCAT6",4.64674848705653e-74,-1.33208826833477,0.056,0.15,1.19477197099198e-69
"TMEM60",4.84877375766277e-74,-0.498538518116274,0.396,0.571,1.24671670857025e-69
"APOL6",5.36810355066972e-74,1.5828100846485,0.297,0.15,1.3802467849482e-69
"TTC8",5.63716627830966e-74,-0.734806235182431,0.1,0.223,1.44942819347898e-69
"SS18L2",5.75110335991233e-74,-0.477283572105537,0.529,0.677,1.47872369590066e-69
"SF3A1",5.84971109205963e-74,-0.652440729414094,0.282,0.447,1.50407771599037e-69
"VPS18",6.20520770790044e-74,-0.974159165579636,0.099,0.217,1.59548300585536e-69
"FRY",6.24098919974035e-74,3.28559952384658,0.129,0.019,1.60468314303724e-69
"TMPRSS3",6.6858861044618e-74,2.77048894613505,0.141,0.026,1.71907503517922e-69
"UNC119B",7.16770368203563e-74,-1.12133634715531,0.042,0.126,1.842959970725e-69
"GDE1",8.8795461195657e-74,-0.541988608007186,0.278,0.447,2.28310889826273e-69
"SHBG",9.82006754914871e-74,3.35531571529356,0.165,0.045,2.52493576823712e-69
"LRP5",1.03160011049642e-73,-0.633890895787706,0.161,0.307,2.6524502041084e-69
"TRAPPC12",1.15829877599956e-73,-0.778321961452305,0.206,0.361,2.97821781285006e-69
"USP49",1.17408901226958e-73,-1.20089433931833,0.034,0.112,3.01881766834754e-69
"GRK6",1.22838572071652e-73,-0.891868566762569,0.118,0.244,3.15842536510631e-69
"PPP1R37",1.30956130313756e-73,-1.00180038485251,0.141,0.274,3.36714402262731e-69
"STX6",1.50999512981655e-73,-0.780224633076965,0.165,0.31,3.88249947778431e-69
"PHF19",1.52740229186584e-73,-0.697245693447353,0.122,0.251,3.92725677284544e-69
"VRK1",1.57998200407385e-73,-0.518671428006257,0.211,0.37,4.06244972887468e-69
"EML2",1.60559071222005e-73,-0.722943090799443,0.167,0.314,4.12829483926019e-69
"FUK",1.85874072670074e-73,-1.59865688156635,0.044,0.129,4.77919415649294e-69
"ETNK2",1.8642550652096e-73,1.60012422190251,0.415,0.31,4.79337262366692e-69
"ARIH2",1.96093638098457e-73,-0.629361362627957,0.336,0.503,5.04195962278752e-69
"ADGRL2",1.96373511520581e-73,4.2545656270912,0.105,0.005,5.04915572821718e-69
"LGALS9",2.33603581401563e-73,1.74117314329041,0.201,0.067,6.00641528499698e-69
"ZKSCAN4",2.39926512244555e-73,-1.45203107776327,0.037,0.117,6.168990482832e-69
"SLC22A18",2.40958180024942e-73,1.02731787605799,0.583,0.54,6.19551672480131e-69
"CUL2",2.73511527582766e-73,-0.528735684693853,0.281,0.459,7.03252839720807e-69
"TNFRSF1A",3.03776433520777e-73,-0.574541020570593,0.39,0.57,7.81069965868622e-69
"ONECUT2",3.38775577037067e-73,1.46561900181106,0.396,0.265,8.71059763677707e-69
"SLC17A2",3.4181186100216e-73,6.01242904510411,0.101,0.003,8.78866657008754e-69
"IGHG2",3.59683704936382e-73,3.09935728577165,0.14,0.027,9.24818742132424e-69
"MAOB",4.15336009401677e-73,1.04178141977122,0.545,0.432,1.06791194737359e-68
"ARFGAP3",5.38333337257101e-73,-0.50864938132673,0.369,0.548,1.38416267675546e-68
"CCDC88C",5.71601614503825e-73,-0.898027482557067,0.053,0.146,1.46970207121223e-68
"BLOC1S6",6.47372157484342e-73,-0.582928662158584,0.3,0.468,1.66452329132374e-68
"DSP",7.78735152364218e-73,-0.509583514124548,0.476,0.611,2.00228382375888e-68
"CD302",7.97575682884577e-73,1.30082722524863,0.508,0.397,2.05072659583282e-68
"SLC2A1",8.07768255934974e-73,-0.735697300177791,0.14,0.274,2.07693373966001e-68
"STK33",8.36409821890928e-73,-1.74102487611146,0.028,0.1,2.15057693404595e-68
"ASB9",8.86200945248382e-73,2.01878756627145,0.263,0.126,2.27859987042264e-68
"WRAP73",8.9941771755169e-73,-0.831378244922039,0.181,0.329,2.3125828353689e-68
"ZNF18",9.41527527655757e-73,-1.16401073212797,0.038,0.118,2.42085557910848e-68
"MARC2",9.79774437825336e-73,1.59418281728454,0.301,0.162,2.5191960345365e-68
"FAM210A",1.18285566309009e-72,-0.661089105760138,0.23,0.388,3.04135848093724e-68
"IFT122",1.18955235940013e-72,-0.937080778229348,0.072,0.176,3.05857702648961e-68
"TBP",1.23400033957642e-72,-0.861104684715121,0.131,0.261,3.17286167311889e-68
"SMIM3",1.38379981940109e-72,-0.777375227036516,0.059,0.156,3.55802609564409e-68
"AEBP2",1.40092889955127e-72,-0.759845138370547,0.113,0.239,3.60206838652623e-68
"ARHGEF39",1.42792206623544e-72,-1.13551496555886,0.077,0.182,3.67147321670456e-68
"TSSC4",1.57608066840417e-72,-0.516774333287138,0.442,0.613,4.0524186146008e-68
"TCAF1",1.67697353026244e-72,-0.570296843726845,0.314,0.485,4.3118343410108e-68
"IRS1",1.87219387810873e-72,1.96824383262759,0.262,0.125,4.81378489939316e-68
"FAM208A",1.91320195955827e-72,-0.596304596268279,0.207,0.364,4.91922487841622e-68
"NPRL2",2.10579738705089e-72,-0.659163845560751,0.259,0.424,5.41442624158524e-68
"UPF2",2.26160626692908e-72,-0.415713457029435,0.517,0.664,5.81504203352805e-68
"MAGEA1",2.41941748357887e-72,0.257653252179971,0.313,0.524,6.220806233778e-68
"NSF",2.46228871821057e-72,-0.701816656837077,0.19,0.338,6.33103675226302e-68
"SPRYD4",2.5031990460537e-72,-0.576264954698628,0.33,0.502,6.43622538721326e-68
"SRXN1",2.71204733072822e-72,3.94444697221617,0.11,0.009,6.97321609676839e-68
"MIOS",2.8509451620506e-72,-0.955421977944305,0.106,0.228,7.33035020066449e-68
"URM1",2.97275560316483e-72,-0.487076188587517,0.425,0.594,7.64354920685742e-68
"GLYR1",3.12096366900569e-72,-0.563211093510646,0.259,0.421,8.02462178574744e-68
"KDM1B",3.33158846224612e-72,-0.996228472806347,0.08,0.188,8.56618025412721e-68
"RSBN1L",3.4642525175393e-72,-0.587829692802787,0.428,0.572,8.90728607309705e-68
"MMP15",3.68010438273001e-72,-0.766105569188483,0.163,0.306,9.46228438887541e-68
"HABP2",3.75574609190903e-72,-0.503458922936012,0.38,0.552,9.65677435151649e-68
"BUB1B",3.98092857120682e-72,-1.14365483556302,0.063,0.161,1.0235763542287e-67
"FPGS",4.36416070042825e-72,-0.718194470960529,0.261,0.423,1.12211299929411e-67
"HOMEZ",5.22619811878967e-72,-1.07368618446145,0.082,0.191,1.3437600603032e-67
"SNUPN",5.33502334261562e-72,-0.566132154671183,0.277,0.443,1.37174120185333e-67
"LRP6",6.78915620945014e-72,-0.577544581716206,0.179,0.328,1.74562784457382e-67
"LRRC59",7.39007109737251e-72,-0.340958611512257,0.648,0.791,1.90013508055642e-67
"RP11-400F19.6",7.86641379327835e-72,-1.11246416825744,0.118,0.242,2.02261231452773e-67
"ZNF799",7.92182020627439e-72,-1.12267096422571,0.046,0.133,2.03685841143727e-67
"SMIM1",8.05283942954534e-72,1.54543539739304,0.339,0.205,2.0705460741247e-67
"SKAP2",8.71928990747065e-72,-0.406779736613001,0.254,0.438,2.24190382100885e-67
"MFSD13A",8.89626689323482e-72,-1.11852685549293,0.092,0.204,2.28740814358854e-67
"POLDIP2",9.92519019110921e-72,-0.407524083643943,0.626,0.789,2.551964901938e-67
"HIST1H1C",1.078105416525e-71,1.34110883619742,0.545,0.461,2.77202464696907e-67
"AMACR",1.10497619226212e-71,2.96458048374391,0.134,0.024,2.84111478554437e-67
"RP11-328K4.1",1.21464061278335e-71,3.10204871571004,0.119,0.014,3.12308394358855e-67
"C4orf46",1.29015466386416e-71,-0.865183368863072,0.09,0.203,3.31724567172754e-67
"LIMS1",1.57101587176195e-71,-0.546669334960177,0.341,0.505,4.03939600947432e-67
"ZNHIT2",1.58433092088423e-71,-0.907825442424173,0.175,0.319,4.07363166377753e-67
"PSMC1",1.61032715506374e-71,-0.353708602922984,0.664,0.787,4.14047318109989e-67
"ITGB1BP1",1.61085193499233e-71,-0.463110814821315,0.49,0.656,4.14182249525229e-67
"AKIRIN1",1.69054615775428e-71,-0.574240823571297,0.402,0.578,4.34673228081779e-67
"AIFM3",1.84104404884428e-71,-1.27730629851305,0.07,0.171,4.73369245838841e-67
"ACAP3",2.0768788470872e-71,-1.10125319987702,0.091,0.202,5.34007089163061e-67
"CHD8",2.12556653443754e-71,-0.668012931507872,0.134,0.268,5.46525667334581e-67
"NUP133",2.21584202576148e-71,-0.741252145770879,0.149,0.286,5.69737301663792e-67
"HNRNPU-AS1",2.54572333632185e-71,1.86825914727782,0.193,0.065,6.54556384235073e-67
"TMEM256",2.73809740541481e-71,0.676614366054016,0.691,0.637,7.04019604880255e-67
"ONECUT1",2.87549196736833e-71,-0.904284022959896,0.15,0.286,7.39346494649746e-67
"PRSS3",2.99218715484809e-71,3.34591150511587,0.124,0.017,7.69351161254541e-67
"C1orf198",3.00127324642262e-71,-0.69572106251757,0.198,0.354,7.71687377120185e-67
"MCRS1",3.01893182460975e-71,-0.47773062066973,0.366,0.539,7.76227750743658e-67
"VNN3",3.4748251778643e-71,4.0282019918649,0.105,0.007,8.93447049732468e-67
"RHPN1",3.58614092853768e-71,-1.13143502399792,0.049,0.136,9.22068555545609e-67
"ZNF608",4.66098264916477e-71,-0.985973823786536,0.049,0.139,1.19843185875325e-66
"ACTR1A",4.78972249876523e-71,-0.579553958563529,0.323,0.496,1.23153344888252e-66
"C16orf91",5.22916593717728e-71,-0.61562211342434,0.281,0.444,1.34452314576702e-66
"ARL5B",5.97159702634136e-71,-0.490714895171112,0.267,0.442,1.53541702741289e-66
"RAP1A",6.51857589888597e-71,0.909419944658659,0.603,0.527,1.67605623512156e-66
"TMEM65",6.71840190584111e-71,-0.731414305201594,0.126,0.257,1.72743549802987e-66
"TMEM94",7.03856937293226e-71,-0.846364787528255,0.105,0.223,1.80975695716834e-66
"FBXO9",7.31051227480528e-71,-0.570628921158997,0.328,0.503,1.87967891609793e-66
"IREB2",8.43864922260982e-71,-0.62253582799248,0.225,0.381,2.16974548811744e-66
"GSDMD",8.62427698868962e-71,0.748837419227469,0.693,0.672,2.21747409933188e-66
"FAM64A",9.55201580178711e-71,-1.28053316640001,0.036,0.113,2.4560143029555e-66
"UACA",9.77235236830518e-71,-0.715324778036042,0.183,0.332,2.51266724093863e-66
"AP2S1",1.09166062348866e-70,-0.282507991946335,0.863,0.923,2.80687779511405e-66
"NDUFAF3",1.10108718611703e-70,0.604978493985513,0.748,0.742,2.83111537294411e-66
"EXOC4",1.14565673268157e-70,-0.633268471109666,0.185,0.334,2.94571259107087e-66
"HDLBP",1.25782533836453e-70,0.930875542479242,0.578,0.512,3.23412051000289e-66
"ZMYM5",1.36377667125621e-70,-0.458534199314927,0.178,0.331,3.50654257713396e-66
"CASKIN2",1.60618154166006e-70,-1.12016691575048,0.064,0.161,4.12981397991634e-66
"CYB5R2",1.64868115251178e-70,-1.27473730808245,0.042,0.124,4.23908897933828e-66
"BRD1",1.6871843915622e-70,-0.83667604320199,0.065,0.164,4.33808850758472e-66
"ATG2B",1.91647700538052e-70,-0.577180011347333,0.085,0.196,4.9276456762344e-66
"DYNC1I2",1.98479950078243e-70,-0.352488617411,0.583,0.739,5.10331647641178e-66
"LMBR1L",2.15100935967145e-70,-0.711144918711018,0.128,0.256,5.53067526558724e-66
"DHX40",2.23229989247291e-70,-0.900569773002915,0.165,0.304,5.73968948352634e-66
"SCAF8",2.3218856504783e-70,-0.701056973457281,0.12,0.247,5.97003238450981e-66
"TMEM53",2.39155968394066e-70,1.19579436744142,0.422,0.294,6.14917825934823e-66
"RP5-1085F17.3",2.68690285779037e-70,-0.682183265945449,0.074,0.18,6.90856462795061e-66
"ABCD4",2.777698258272e-70,-0.527794478671009,0.267,0.435,7.14201776166897e-66
"TST",3.19201877020139e-70,1.15706490081746,0.589,0.534,8.2073186619418e-66
"PALMD",3.19420963929869e-70,4.38101875930817,0.106,0.008,8.21295182456479e-66
"GDF11",3.22589613584519e-70,-0.973564769888342,0.056,0.149,8.29442414448516e-66
"SPIN2B",3.23560537263668e-70,-1.15446946548078,0.096,0.209,8.31938853412344e-66
"ADA",3.74477041579285e-70,-0.688001593354076,0.171,0.315,9.62855369308656e-66
"TRAPPC2L",3.80744049649235e-70,-0.414382690648625,0.585,0.739,9.78969100458114e-66
"RIPK2",3.93180801667609e-70,-0.639386412825535,0.317,0.486,1.01094647724775e-65
"EGLN2",3.97584967837881e-70,-0.530580616497764,0.461,0.622,1.02227046930476e-65
"NOM1",3.98007270357747e-70,-0.713114300373582,0.203,0.354,1.02335629354384e-65
"CCDC127",4.08240255883e-70,-0.698393891433269,0.238,0.395,1.04966734592637e-65
"HLA-DQA1",4.10325440974848e-70,1.05093982091258,0.221,0.082,1.05502877383453e-65
"FRMD6-AS1",4.48662051126624e-70,-1.00668943034455,0.042,0.124,1.15359986585677e-65
"DDX39A",4.68068664583403e-70,-0.426367464163896,0.498,0.67,1.20349815037685e-65
"RP11-545E17.3",5.13394936605227e-70,2.05163537921196,0.173,0.051,1.32004106099936e-65
"SBF2-AS1",5.14934550164146e-70,-1.03519589831292,0.082,0.188,1.32399971538205e-65
"HIST1H2BD",5.24362511485641e-70,-0.664678483460794,0.274,0.437,1.34824088953188e-65
"TECPR2",5.26691357285161e-70,-1.20334058887463,0.037,0.115,1.3542288178516e-65
"ZNF93",5.97031808156263e-70,-1.27661694928625,0.049,0.135,1.53508818513138e-65
"ABL1",5.98679083602478e-70,-1.01552871222046,0.079,0.185,1.53932365975869e-65
"CCDC93",6.05145048711012e-70,-0.690400273125458,0.138,0.271,1.55594894924575e-65
"SPRY2",6.55492609409951e-70,-0.594306307769649,0.06,0.158,1.68540259731487e-65
"IDE",6.6814557592215e-70,-0.883951266108613,0.124,0.25,1.71793590481103e-65
"RP11-191L9.4",7.24882260751367e-70,-1.16943391229169,0.034,0.109,1.86381726884391e-65
"KLC2",7.25670095242544e-70,-1.05712840126761,0.091,0.204,1.86584294888763e-65
"DET1",7.45047631846929e-70,-1.1806773319639,0.077,0.181,1.91566647100482e-65
"RAB11FIP4",9.44894557090417e-70,-0.670957837188262,0.227,0.387,2.42951288519088e-65
"NDUFA10",1.10885764037088e-69,0.661006690335023,0.706,0.664,2.8510947649216e-65
"PBK",1.20375509092364e-69,-0.305193462461085,0.166,0.314,3.09509508978287e-65
"SPSB1",1.35914254374996e-69,1.5829246071237,0.342,0.207,3.49462730848991e-65
"MSN",1.38356297536944e-69,1.36842812403764,0.286,0.141,3.55741712226989e-65
"TAP2",1.41101634084849e-69,-0.637813378225549,0.244,0.403,3.62800521558964e-65
"MYLK",1.55062441641023e-69,2.08224821754358,0.246,0.114,3.98696549947397e-65
"RP11-254I22.3",1.57090643435868e-69,3.97604708040169,0.102,0.006,4.03911462402303e-65
"ATP1B1",1.58760320580373e-69,1.42287150610355,0.69,0.662,4.08204536276256e-65
"ACAP2",1.60346616565916e-69,-0.62217329117183,0.282,0.446,4.12283220514283e-65
"ZNF426",1.61955881669921e-69,-0.783159131111938,0.085,0.194,4.164209629497e-65
"XPO6",2.04846206921879e-69,-0.867182127696443,0.117,0.238,5.26700567237535e-65
"USE1",2.20167729670349e-69,1.20411273773127,0.479,0.379,5.660952665284e-65
"C16orf86",2.27611386010387e-69,-1.56922333055222,0.039,0.117,5.85234395709906e-65
"RFC4",2.30913747031455e-69,-0.464859130513031,0.325,0.5,5.93725426367278e-65
"SERPINA10",2.3317312387842e-69,1.19380064039168,0.439,0.317,5.99534736116194e-65
"THUMPD3",2.46182500207177e-69,-0.590005341536795,0.341,0.506,6.32984444532693e-65
"C14orf169",2.68486739635793e-69,-1.00230012023481,0.093,0.204,6.90333104951551e-65
"YTHDC1",2.71850474150943e-69,-0.565384065556513,0.352,0.514,6.98981939136904e-65
"RNASEH1-AS1",2.82264845970882e-69,-0.85957047888071,0.149,0.282,7.25759371960331e-65
"CORO1C",2.96522254264053e-69,-0.479494615108895,0.354,0.527,7.62418020163732e-65
"NUP160",3.0089109087579e-69,-0.8000804685887,0.165,0.304,7.73651172859831e-65
"MORN4",3.31812593860884e-69,-1.06287482098136,0.052,0.141,8.53156541335104e-65
"PAF1",3.40748755765161e-69,-0.607394947722874,0.32,0.484,8.76133200823383e-65
"CMPK1",3.49748097201061e-69,0.685816149980497,0.714,0.669,8.99272307523369e-65
"RP11-660L16.2",4.58481171091558e-69,2.34188817204094,0.156,0.039,1.17884678711061e-64
"CCND3",4.78404289994142e-69,-0.498836672280045,0.172,0.314,1.23007311043294e-64
"AC091729.9",5.64634322297886e-69,-0.673527078352435,0.164,0.305,1.45178776949232e-64
"C6orf120",5.85287674180133e-69,-0.705354053698324,0.22,0.375,1.50489166785196e-64
"PDPK1",5.9081546711716e-69,-0.684909084924422,0.203,0.352,1.51910472905164e-64
"SURF4",6.02280612118929e-69,-0.463365302023231,0.609,0.742,1.54858390988019e-64
"ARID4A",6.02877393238106e-69,-0.482341415627587,0.247,0.415,1.55011835349382e-64
"GPX7",6.1668042225789e-69,2.68327528995927,0.119,0.016,1.58560870170949e-64
"SAE1",6.59949491429867e-69,-0.443768210268829,0.417,0.591,1.69686213236447e-64
"DDB1",7.40034532448522e-69,-0.568400058219577,0.387,0.548,1.90277678983164e-64
"RP1-34B20.21",7.4564877958708e-69,-0.892274408449922,0.059,0.152,1.9172121420743e-64
"ST5",8.61430238290314e-69,-0.770213741269883,0.105,0.224,2.21490942869206e-64
"KCTD14",9.58506635976914e-69,-0.920807486434954,0.073,0.175,2.46451226242384e-64
"KNOP1",9.71416217112543e-69,-0.345684022471046,0.354,0.534,2.49770537743977e-64
"POLR3D",1.00692945893408e-68,-1.01676401454426,0.086,0.195,2.5890170248113e-64
"ECSIT",1.00929100037881e-68,-0.520512245376521,0.357,0.525,2.59508902017399e-64
"SLC7A9",1.01950836211697e-68,-0.785859585267308,0.229,0.378,2.62135990067515e-64
"PMP22",1.15951120304411e-68,-0.787632089405424,0.082,0.19,2.98133520526702e-64
"COL4A3BP",1.18011847348742e-68,-0.702984894689189,0.19,0.337,3.03432061903086e-64
"CWC22",1.20557408032495e-68,-0.558846452634644,0.215,0.37,3.0997720753315e-64
"DCLRE1C",1.22311526056727e-68,-0.568635584826711,0.179,0.328,3.14487395797057e-64
"DONSON",1.24832576551962e-68,-0.723101199384071,0.223,0.376,3.20969520830405e-64
"LRRC6",1.30099176173214e-68,-1.43741666780264,0.035,0.111,3.34511001776568e-64
"SERPINA4",1.3248479397335e-68,1.40390215544855,0.502,0.405,3.40644902264278e-64
"SEPSECS-AS1",1.44741909916262e-68,3.17353539246365,0.117,0.015,3.72160398776692e-64
"PYCARD",1.66171064399514e-68,1.35543953227767,0.467,0.373,4.2725904078403e-64
"DBR1",1.7296338757165e-68,-0.993361960286979,0.11,0.227,4.44723462124227e-64
"GTF2H5",1.73354863972233e-68,-0.279450122857459,0.781,0.853,4.45730026245405e-64
"TAOK3",1.75782745450358e-68,1.1782363840431,0.429,0.301,4.51972595101961e-64
"ITGA5",1.95270676910989e-68,-0.399153579575416,0.262,0.435,5.02079964473536e-64
"RBFOX2",2.18164235251827e-68,-0.607184907248126,0.191,0.34,5.60943881679499e-64
"ZDHHC13",2.430197952335e-68,-0.870810849854757,0.069,0.169,6.24852497504375e-64
"SETD7",2.49629344675231e-68,1.83379164714653,0.219,0.088,6.41846971028953e-64
"COMMD5",2.76985083767708e-68,-0.511366046009539,0.44,0.611,7.12184047383531e-64
"NOA1",2.95088048429047e-68,-0.876927938734578,0.165,0.301,7.58730390120766e-64
"DSN1",3.25018024983066e-68,-0.728355841405828,0.181,0.323,8.3568634583646e-64
"CNEP1R1",3.60813237484508e-68,-0.886412131705683,0.075,0.178,9.27722996220166e-64
"KDM3B",4.04038971379533e-68,-0.70697763983363,0.13,0.258,1.03886500321105e-63
"YEATS2",4.59195418837007e-68,-0.926840133835577,0.063,0.158,1.18068326091371e-63
"DYRK2",4.9191121108505e-68,-0.702860878676228,0.17,0.311,1.26480210594188e-63
"CDK18",5.05009719163422e-68,-0.920902430386809,0.094,0.205,1.29848098991299e-63
"GPALPP1",5.15948194296098e-68,-0.685746862692,0.146,0.28,1.32660599717413e-63
"MAGIX",5.2258279670609e-68,2.08707690740899,0.153,0.039,1.3436648868907e-63
"ERCC3",5.36908314900538e-68,-0.906112712714621,0.147,0.278,1.38049865927226e-63
"SASH1",6.29135532818915e-68,-0.953763382838409,0.058,0.15,1.61763328198399e-63
"LPIN1",6.53084596455736e-68,1.82952203275631,0.244,0.112,1.67921111440699e-63
"U2AF2",6.73829086749571e-68,-0.477954749342749,0.318,0.491,1.7325493478505e-63
"ISY1",6.76963616731124e-68,-0.565482533506553,0.274,0.438,1.74060885133907e-63
"RP5-821D11.7",6.77455222196507e-68,-1.22653041044765,0.044,0.126,1.74187286731166e-63
"USP11",7.06408284578379e-68,-0.609045910852929,0.18,0.325,1.81631698130793e-63
"WDR74",7.19138109981672e-68,-0.523464219286002,0.372,0.54,1.84904790838488e-63
"RP11-138A9.2",7.45662982897456e-68,1.37986049345361,0.234,0.099,1.91724866162594e-63
"ERAL1",8.28719925728216e-68,-0.554365770212072,0.417,0.58,2.13080467303239e-63
"PYGB",9.34632884171435e-68,-0.61507012002587,0.138,0.271,2.40312807178159e-63
"DNAJC17",9.96183823224912e-68,-0.65410295990245,0.192,0.338,2.56138784627589e-63
"RBBP6",1.03533290482567e-67,-0.549488469148361,0.326,0.489,2.66204796488776e-63
"LRP11",1.11222058409694e-67,-0.787066316899105,0.125,0.251,2.85974156583005e-63
"DGCR2",1.11444412522347e-67,-0.652316670298406,0.157,0.295,2.86545873477458e-63
"TTI2",1.1701843997301e-67,-0.945924859468388,0.083,0.189,3.00877812858603e-63
"PMF1",1.38535106144716e-67,-0.320385478794783,0.652,0.796,3.56201464919294e-63
"PPP1R35",1.42838612303494e-67,-0.615953187150912,0.271,0.435,3.67266639954743e-63
"BAIAP2-AS1",1.43280908451847e-67,-1.06320849328885,0.056,0.146,3.68403871811389e-63
"MPP1",1.5317138289843e-67,1.72538369910865,0.164,0.045,3.93834259708443e-63
"POLR3E",1.55546290939034e-67,-0.754384704503439,0.194,0.337,3.99940623262445e-63
"PARP2",1.74714265499585e-67,-0.782189359223789,0.19,0.333,4.49225319452534e-63
"TPST2",1.92371735476797e-67,1.1609064468515,0.474,0.364,4.94626206257941e-63
"SDHD",1.9299370114815e-67,0.774237808560311,0.668,0.618,4.96225404392124e-63
"METTL6",2.00546573110922e-67,-0.931347057746719,0.136,0.262,5.15645348782802e-63
"UBA3",2.03623140733008e-67,-0.545808960274192,0.295,0.461,5.23555819452711e-63
"ZNF623",2.20503315592179e-67,-0.991947517802479,0.111,0.227,5.66958125050609e-63
"DKC1",2.56095198637058e-67,-0.435410874085651,0.425,0.591,6.58471974735604e-63
"SEC16A",2.90631376476857e-67,-0.70606114116667,0.18,0.322,7.47271395197294e-63
"NR2F2",3.31698197944355e-67,-0.649154898616618,0.224,0.374,8.52862406554525e-63
"MYO15B",3.72415360060523e-67,-0.599984867713776,0.127,0.253,9.57554373787618e-63
"PML",3.89012065655128e-67,-0.899978357027996,0.11,0.227,1.00022782321247e-62
"SLC7A5",3.92357268170635e-67,-0.664131683675237,0.061,0.155,1.00882900792034e-62
"LIPA",4.160492592248e-67,1.17408560512069,0.51,0.405,1.06974585531881e-62
"ENPEP",4.47922182054042e-67,3.37640788357272,0.121,0.019,1.15169751449735e-62
"RWDD4",4.50522339390109e-67,-0.619698832930879,0.279,0.441,1.15838303903985e-62
"PRC1",4.51699203743205e-67,-0.45307994497518,0.19,0.338,1.16140899266453e-62
"NT5C3B",5.34539384615539e-67,-0.497352057483143,0.431,0.615,1.37440766572347e-62
"HAUS8",5.35406095735091e-67,-0.828566568226228,0.107,0.223,1.37663615335407e-62
"C11orf31",5.39316107637391e-67,-0.267548730341647,0.829,0.903,1.38668957595726e-62
"DCAKD",5.90517638466214e-67,-0.564834459838714,0.188,0.335,1.51833895202433e-62
"TCF20",6.01849849637341e-67,-0.564705086743805,0.113,0.234,1.54747633338753e-62
"MLXIPL",6.28377438716201e-67,1.12518704492294,0.481,0.389,1.6156840704271e-62
"RRN3",6.58790363682034e-67,-0.670039023349682,0.164,0.302,1.69388178309924e-62
"NOSIP",7.59294266463216e-67,-0.40972598304953,0.576,0.718,1.95229741793022e-62
"CTSZ",7.59330818769894e-67,-0.474694019011852,0.564,0.715,1.95239140122115e-62
"SLC29A3",7.72005925922722e-67,-0.972045964855265,0.096,0.206,1.9849816367325e-62
"THY1",7.85386666353837e-67,-1.00445765049354,0.058,0.148,2.01938619652899e-62
"DCLRE1B",7.91796774538433e-67,-1.10626135720979,0.081,0.184,2.03586786669322e-62
"KRBA1",9.46941622710142e-67,-1.16374300879555,0.034,0.107,2.43477630031232e-62
"WBP4",9.82455256154054e-67,-0.420368972900063,0.395,0.567,2.5260889546233e-62
"PINX1",1.04252809727164e-66,-0.921754760326684,0.106,0.22,2.68054824370485e-62
"CCDC71L",1.11347052966956e-66,-0.878679877716792,0.073,0.173,2.86295542588637e-62
"FASTKD5",1.3262943349081e-66,-0.677627167324391,0.14,0.27,3.4101679939157e-62
"CKAP2",1.33892450206895e-66,-0.572881981224735,0.174,0.315,3.44264267971969e-62
"NREP",1.34120093713191e-66,-0.556448484794908,0.288,0.45,3.44849584955358e-62
"KRT222",1.78069415007951e-66,2.6183886783917,0.131,0.025,4.57852079868445e-62
"POLR2I",1.78979373907027e-66,-0.286240250895027,0.8,0.87,4.60191766189748e-62
"NUDT8",1.88266155507235e-66,-0.70094689896283,0.221,0.374,4.84069939040203e-62
"SLC16A7",1.90539169592459e-66,3.02306823657786,0.108,0.011,4.89914312856131e-62
"GUCA2B",2.28188418661323e-66,3.03992735500525,0.152,0.04,5.86718062061994e-62
"GABRB3",2.313848348694e-66,-0.623207586397259,0.05,0.138,5.94936687416202e-62
"SLC25A51",2.31388419519433e-66,-0.872571486625371,0.1,0.212,5.94945904268366e-62
"NR4A2",2.33666109241363e-66,-0.522287400535003,0.157,0.294,6.00802300081393e-62
"PLPPR2",2.77292703140104e-66,-0.890409520689225,0.094,0.204,7.12974998313834e-62
"KDELR2",3.03589876526513e-66,-0.295360871716048,0.804,0.918,7.8059029052497e-62
"SLC2A11",3.40634229683294e-66,-0.954262903630698,0.056,0.145,8.75838731361687e-62
"RBM22",3.43347487610524e-66,-0.559528547730521,0.336,0.505,8.82815060144178e-62
"PPP6C",3.49084596244706e-66,-0.450185746174324,0.41,0.575,8.97566313864387e-62
"MTAP",3.4979794653808e-66,-0.625271360507562,0.214,0.364,8.99400480138711e-62
"PVRL2",4.74291104352911e-66,-0.522800227056806,0.556,0.702,1.2194972875122e-61
"SPDL1",5.01486794177109e-66,-0.752254952783904,0.148,0.278,1.28942284518818e-61
"SPNS1",5.09460092787013e-66,-0.523335807987377,0.386,0.56,1.30992379057397e-61
"PI4KA",5.18023949711881e-66,-0.708206058477454,0.137,0.265,1.33194317949919e-61
"MAK16",5.40114691787065e-66,-1.02628981823192,0.09,0.198,1.3887428955229e-61
"TCOF1",5.72290186392796e-66,-0.601021557701154,0.243,0.399,1.47147252725316e-61
"EXOSC4",5.87009218765659e-66,-0.406622904214779,0.567,0.732,1.50931810329026e-61
"ANKS3",6.11588284226643e-66,-0.828710327330584,0.128,0.25,1.57251579640354e-61
"PGS1",6.52515861678371e-66,-0.969763219431916,0.104,0.217,1.67774878354743e-61
"ATG2A",6.53555004452537e-66,-0.698306454239202,0.131,0.255,1.68042062744836e-61
"CH17-340M24.3",6.99662636850573e-66,1.45911039184845,0.303,0.164,1.79897257187019e-61
"KIAA1143",7.10492005321748e-66,-0.523378380724631,0.328,0.492,1.82681704408328e-61
"PIGM",7.15979433391117e-66,-0.723735346313845,0.163,0.299,1.84092631913524e-61
"COPS7A",7.88788834242022e-66,-0.602395675949104,0.316,0.477,2.02813385060309e-61
"MB21D1",7.96127548698193e-66,-1.11589860964337,0.041,0.12,2.04700315321279e-61
"NDUFA2",9.12287079889809e-66,0.483782235416147,0.877,0.897,2.34567253981268e-61
"CCAT1",9.24764509183623e-66,-0.736910173557483,0.051,0.138,2.37775450601293e-61
"MCUR1",9.74421554039383e-66,-0.426559370424021,0.507,0.684,2.50543269974606e-61
"ABCF3",1.0067513994593e-65,-0.636910621588016,0.289,0.45,2.58855919828976e-61
"ISCA2",1.03528532483181e-65,-0.484703124037122,0.424,0.581,2.66192562720756e-61
"TCFL5",1.07885510457814e-65,-1.48203766853391,0.039,0.115,2.77395224489132e-61
"USP48",1.12794681477964e-65,-0.626716648637738,0.302,0.466,2.90017685016141e-61
"EFTUD1",1.13521074438593e-65,-1.12988447736445,0.069,0.166,2.91885386596509e-61
"CCDC71",1.26970805482775e-65,-0.84332692370063,0.165,0.298,3.2646733505731e-61
"SLC35F6",1.28419147344125e-65,1.33075383270619,0.415,0.289,3.30191311651213e-61
"BCAT1",1.34868052237812e-65,-1.0756203342355,0.042,0.121,3.46772735913862e-61
"RCC2",1.54861466339506e-65,-0.713596189562873,0.124,0.245,3.98179802252137e-61
"GZMM",1.70602818060245e-65,-0.630037463373015,0.038,0.114,4.38653965796503e-61
"QKI",1.82062469386357e-65,-0.44507107787077,0.33,0.494,4.681190212862e-61
"GPX2",1.83404566712073e-65,0.341130927532365,0.614,0.878,4.71569821930083e-61
"ZYX",1.89739830846477e-65,-0.440579403827288,0.435,0.606,4.87859053072461e-61
"ACADS",2.01480530224847e-65,1.29894611505556,0.424,0.303,5.18046739314126e-61
"RNF166",2.04737926466895e-65,-0.894647392565134,0.109,0.225,5.2642215653168e-61
"MNAT1",2.13177029677478e-65,-0.509473778703622,0.318,0.482,5.48120778706731e-61
"ACP5",2.14441576013714e-65,-0.421367102895194,0.21,0.371,5.51372180246461e-61
"GPATCH2",2.17054094308777e-65,-0.566232446511258,0.244,0.401,5.58089487286728e-61
"CDC23",2.29934532122911e-65,-0.621313697504537,0.228,0.381,5.9120766899443e-61
"SLC25A20",2.50651524301158e-65,-0.695679345009462,0.203,0.349,6.44475199283136e-61
"BRF1",2.5375150117129e-65,-0.917194958968938,0.075,0.175,6.52445859811621e-61
"ATE1",2.68167113409113e-65,-0.544641624301426,0.203,0.351,6.89511281997511e-61
"PLCE1",2.88569857375623e-65,-0.706458662126936,0.064,0.159,7.41970817284203e-61
"KCNJ8",2.93724007798392e-65,1.87144077275449,0.19,0.068,7.55223168851225e-61
"CDKAL1",2.99139549288828e-65,-0.753130435800252,0.153,0.285,7.69147609131436e-61
"INO80B",2.99932602963662e-65,2.82012682875709,0.119,0.019,7.71186708740168e-61
"IRF3",3.21680409158373e-65,1.04407809586361,0.486,0.377,8.27104668028009e-61
"MMP24-AS1",3.56119060212949e-65,-0.44334858045615,0.411,0.596,9.15653327619535e-61
"CPSF4",3.68614838382872e-65,-0.623785057011656,0.217,0.365,9.47782472450039e-61
"MRPL37",3.91561168540406e-65,0.822648752944571,0.655,0.626,1.00678207655109e-60
"COG4",4.10486761615642e-65,-0.683821467729461,0.225,0.374,1.05544356146614e-60
"PAXIP1",4.22088358238539e-65,-0.876052502744242,0.081,0.185,1.08527358670293e-60
"UBE2D4",4.2594148423118e-65,-0.719630754157575,0.218,0.371,1.09518074425521e-60
"CHD9",4.38126009928024e-65,-0.5466785331304,0.256,0.414,1.12650959672694e-60
"TGFBR3",4.43480986141208e-65,-0.85531858143004,0.07,0.167,1.14027831156627e-60
"C1QTNF3",5.94252536034287e-65,3.59451643464737,0.108,0.013,1.52794212065136e-60
"SLC51B",6.27041237941173e-65,-0.654600260842562,0.082,0.186,1.61224843099434e-60
"PANX2",6.52033336973281e-65,-1.32534893961752,0.057,0.143,1.6765081160257e-60
"EED",7.49070099935673e-65,-0.625917169994305,0.2,0.344,1.9260090409546e-60
"PHIP",7.72365424219835e-65,-0.494030080115406,0.406,0.557,1.98590597875404e-60
"TRIM32",7.73235620269764e-65,-1.01221919739985,0.095,0.204,1.98814342683762e-60
"GTF2E1",7.77872564210231e-65,-0.949664435222085,0.095,0.203,2.00006593709735e-60
"CCDC12",7.95405512799928e-65,-0.441769326545208,0.512,0.654,2.04514665451117e-60
"HMGN4",8.47777218483601e-65,-0.996455477323395,0.046,0.127,2.17980478416503e-60
"SERGEF",8.62947381587385e-65,-0.728594261199275,0.216,0.364,2.21881030753748e-60
"BMI1",8.66208898964028e-65,-0.431211547456866,0.365,0.529,2.22719632101631e-60
"ALG1L",9.27231066449478e-65,2.10921425159245,0.204,0.081,2.3840965180549e-60
"JAZF1",9.4835167527593e-65,-0.607590840984275,0.194,0.336,2.43840182746947e-60
"CORO7",9.52647522958148e-65,-0.772394204638736,0.091,0.198,2.44944731102999e-60
"WTAP",9.69926199459912e-65,-0.302586615117098,0.587,0.74,2.49387424405133e-60
"EFHC1",1.02515471482927e-64,-0.561642842184065,0.156,0.292,2.63587780276902e-60
"FAM220A",1.03013455271504e-64,-0.979821985673167,0.08,0.181,2.64868196194092e-60
"PPL",1.07008421556136e-64,-1.35209288330365,0.042,0.121,2.75140053505137e-60
"YEATS4",1.09195963922727e-64,-0.424552264875972,0.338,0.505,2.80764662438115e-60
"RP13-1032I1.7",1.09408012381526e-64,-1.19609203934941,0.052,0.136,2.81309881435379e-60
"SCAP",1.14079478318345e-64,-0.585079869266296,0.224,0.376,2.9332115465213e-60
"AIFM1",1.2667771554088e-64,1.10288555333352,0.481,0.378,3.2571374219871e-60
"RNF149",1.47633926593157e-64,-0.510090263472942,0.381,0.549,3.79596352056326e-60
"ECHDC1",1.5117505637095e-64,0.890777009688261,0.57,0.478,3.88701304940987e-60
"RANBP17",1.55324585083196e-64,-0.985769983523839,0.057,0.146,3.99370573165912e-60
"ZNF277",1.59802037486971e-64,1.24995098644242,0.362,0.232,4.108829987865e-60
"ZNF32",1.60282422969084e-64,-0.630902695234644,0.275,0.434,4.12118165938108e-60
"CDKN2AIPNL",1.62427079452392e-64,-0.53212739716051,0.364,0.533,4.17632506687991e-60
"WNK3",1.62542460745265e-64,2.17354981287506,0.203,0.083,4.17929175068226e-60
"NSMCE1",1.64937258235855e-64,-0.34241764750026,0.489,0.67,4.24086678376029e-60
"COPS2",1.84920447433561e-64,-0.522003926735477,0.392,0.557,4.75467454441173e-60
"ZNF628",1.88601538316407e-64,-1.02827407079234,0.072,0.169,4.84932275319147e-60
"AHNAK",1.94856787336145e-64,1.18299072456583,0.418,0.3,5.01015771598695e-60
"TAF6",2.14638308322887e-64,-0.412505536334304,0.303,0.475,5.51878018359807e-60
"CHUK",2.24741254179581e-64,-0.811546601444092,0.118,0.238,5.77854712746538e-60
"DIEXF",2.27385386177801e-64,-0.853801438391352,0.16,0.29,5.84653304940362e-60
"RNF208",2.56355072570725e-64,-1.2110141553332,0.057,0.144,6.59140162593848e-60
"PSEN1",2.68957723466148e-64,-0.593328860825268,0.225,0.378,6.91544098576159e-60
"ZNF771",2.88959298405958e-64,-0.895044960725012,0.162,0.294,7.429721480614e-60
"RAB18",2.92090879009325e-64,-0.321888954024275,0.658,0.771,7.51024068108777e-60
"RP11-499P20.2",3.1667522127713e-64,-0.886720200845085,0.053,0.14,8.14235328947758e-60
"GALM",3.29201118562254e-64,1.07733596386088,0.469,0.362,8.46441916047267e-60
"ISCA1",3.35552471940604e-64,-0.385878603220711,0.568,0.713,8.62772515853682e-60
"CA5A",3.84355738084183e-64,2.74341087821501,0.117,0.019,9.88255473762052e-60
"NID1",3.99762529321426e-64,-0.490063414845835,0.301,0.459,1.02786941539125e-59
"SLC26A11",4.28928646169494e-64,-0.745065338391537,0.151,0.281,1.102861335031e-59
"ATP5SL",4.61655185234296e-64,-0.612417847290345,0.345,0.504,1.18700781227442e-59
"PEPD",4.77706421683129e-64,0.83554195884737,0.652,0.623,1.22827875143166e-59
"VOPP1",4.77990048255199e-64,-0.556484073054752,0.266,0.424,1.22900801207377e-59
"RPE",4.96219048433348e-64,-0.569258887888379,0.294,0.452,1.27587841733183e-59
"TUBD1",5.00046638298168e-64,-0.821396706654968,0.109,0.224,1.28571991639225e-59
"METTL7B",5.15249270578573e-64,1.25365102784003,0.503,0.415,1.32480892451163e-59
"LZIC",5.25626214066056e-64,1.20696520273235,0.381,0.257,1.35149012160664e-59
"C17orf49",5.53984280534438e-64,1.33289620659191,0.227,0.097,1.42440438211015e-59
"NOL12",5.72224216218709e-64,1.61207662976111,0.27,0.14,1.47130290474154e-59
"PFN2",5.93883277783466e-64,-0.463100416486372,0.436,0.606,1.52699268383685e-59
"CDH1",6.29985284512607e-64,-0.670816676307509,0.15,0.28,1.61981816353882e-59
"EEF2KMT",6.89125500114639e-64,-0.711341527642344,0.184,0.325,1.77187948589476e-59
"TEX10",7.05679303201441e-64,-0.789327848317367,0.113,0.23,1.81444262439155e-59
"TRPC4AP",7.12076695238276e-64,-0.642315538790875,0.24,0.395,1.83089159879665e-59
"FIGN",7.3866267319078e-64,-0.825162935672636,0.074,0.173,1.89924946530813e-59
"TOMM20",7.91628062559651e-64,-0.308828598470333,0.729,0.841,2.03543407445337e-59
"SUCLG1",8.2390033442932e-64,-0.327587798164288,0.738,0.832,2.11841253988467e-59
"TMEM117",8.2754556841118e-64,-1.0768464793133,0.048,0.13,2.12778516549883e-59
"GFER",8.33921191007077e-64,-0.551268760154393,0.32,0.491,2.1441781663174e-59
"PCNXL4",8.87132474124502e-64,-0.427327694704858,0.14,0.272,2.28099501746892e-59
"GOSR1",9.45506805198271e-64,-0.591069654250939,0.371,0.525,2.43108709752579e-59
"UBR7",9.60156608358664e-64,-0.737439941452241,0.129,0.253,2.4687546714118e-59
"EID2",1.06118580246082e-63,-1.07082313347812,0.07,0.164,2.72852093528726e-59
"C6orf226",1.18303926938276e-63,-0.668853410050837,0.255,0.411,3.04183056943696e-59
"NRAV",1.21621910074134e-63,-0.79268379205875,0.097,0.207,3.12714255182612e-59
"TMEM129",1.22277781057358e-63,-0.654556377649364,0.171,0.311,3.14400630654679e-59
"IMMP1L",1.24465616725477e-63,-0.465870987310026,0.417,0.582,3.20025993724547e-59
"CTSA",1.2761942090932e-63,0.533944618051475,0.79,0.801,3.28135055042044e-59
"FAM192A",1.2845732612607e-63,-0.44821717851426,0.426,0.594,3.30289476935351e-59
"SQSTM1",1.29516689109977e-63,1.43654089953356,0.862,0.908,3.33013311039574e-59
"DNASE1",1.32523727029525e-63,-0.999866750394697,0.049,0.131,3.40745006938315e-59
"PSMA5",1.36622172809995e-63,0.567190877392665,0.747,0.725,3.51282930729059e-59
"USP13",1.38894943668226e-63,-0.608056080317904,0.11,0.226,3.57126679159743e-59
"C9orf16",1.47444877189556e-63,-0.3450112466543,0.649,0.799,3.79110268229788e-59
"SWT1",1.55939470892351e-63,-1.0642738311963,0.071,0.167,4.00951567558412e-59
"EBAG9",1.62520572205815e-63,-0.429561069935439,0.431,0.606,4.17872895255591e-59
"AP000769.1",1.79743411842185e-63,2.06972706936595,0.132,0.028,4.62156260528626e-59
"SPSB3",2.19444003037075e-63,-0.460726421411264,0.376,0.546,5.64234420608928e-59
"CPSF1",2.38421274516673e-63,-0.720710476736906,0.176,0.31,6.13028781037271e-59
"RP11-110A12.2",2.58158787132282e-63,-0.851451733875228,0.039,0.115,6.63777873474523e-59
"TARDBP",2.77108640566934e-63,-0.464662753604079,0.412,0.574,7.125017366257e-59
"CYC1",3.41197658425982e-63,-0.252908905747888,0.776,0.941,8.77287419344885e-59
"HIST1H4J",3.67014165930455e-63,1.99661038938111,0.175,0.059,9.43666823440386e-59
"CHD6",4.20002591514145e-63,-0.525793636704557,0.235,0.386,1.07991066330117e-58
"DPP9",4.25780934897615e-63,-0.647851023686622,0.133,0.257,1.09476793980875e-58
"SLC50A1",4.87458477386224e-63,-0.323405320595043,0.604,0.76,1.25335323705546e-58
"RAD51",5.04608010861403e-63,-1.14797237255826,0.079,0.177,1.29744811752684e-58
"VAMP7",5.06029124386928e-63,1.3191782984212,0.373,0.244,1.30110208462367e-58
"SLC5A6",6.33062390300566e-63,-0.556976548927153,0.252,0.406,1.62773001794082e-58
"NUBPL",6.81597830858206e-63,-0.811108515485158,0.112,0.227,1.75252434270262e-58
"NFATC2IP",7.01211330957877e-63,-0.567841882231678,0.2,0.343,1.80295457415889e-58
"OCEL1",7.51788400421824e-63,1.25465076571733,0.406,0.299,1.93299833516459e-58
"LSM14A",8.33199595064974e-63,-0.411098903541637,0.496,0.649,2.14232279883106e-58
"RP11-596C23.2",8.71121485265842e-63,-0.967425893794976,0.041,0.118,2.23982756291553e-58
"FARSB",9.58130954002015e-63,-0.636423858421615,0.34,0.497,2.46354630892998e-58
"CXXC1",1.02480657960379e-62,-0.60654524647293,0.257,0.411,2.63498267747726e-58
"DOCK6",1.06395083776564e-62,-0.760911564274551,0.059,0.149,2.735630394063e-58
"RNF41",1.0734705933194e-62,-0.549221626970365,0.189,0.333,2.76010758954283e-58
"P4HA1",1.25491794334302e-62,-0.388883057422973,0.394,0.584,3.22664501592358e-58
"CLIP1",1.4184852714077e-62,1.37745304069745,0.388,0.273,3.64720932984349e-58
"ASCC2",1.42736882946427e-62,-0.499226273437703,0.332,0.494,3.67005073431854e-58
"EOGT",1.81801710469724e-62,-1.00988890171409,0.04,0.115,4.67448557959755e-58
"ABI1",2.06328828745387e-62,-0.406324202568682,0.377,0.544,5.30512684470139e-58
"BRAT1",2.06394284474575e-62,-0.535108422078623,0.24,0.394,5.30680984241027e-58
"FBXO22",2.06491530151153e-62,-0.505192252205754,0.448,0.607,5.30931022324645e-58
"HRAS",2.12985340808904e-62,-0.676510623870173,0.243,0.395,5.47627908287855e-58
"FBXW4",2.15268056629665e-62,-0.760365572908883,0.111,0.225,5.53497227206195e-58
"TXN",2.23632738124441e-62,0.520319505015925,0.972,0.987,5.75004496265563e-58
"CSRP1",2.33358932460621e-62,-0.570931742364904,0.359,0.52,6.0001248714275e-58
"ERBB3",2.47579251425841e-62,-0.491277082370185,0.493,0.611,6.36575771266123e-58
"APBA3",2.51637897444582e-62,-1.02062423416179,0.107,0.218,6.47011361909509e-58
"TM4SF5",3.09467751004926e-62,0.98772799106667,0.654,0.598,7.95703481383867e-58
"CHRDL2",3.26782933535471e-62,1.79958381218349,0.219,0.098,8.40224278706403e-58
"EWSR1",3.28720202575188e-62,-0.323484701284588,0.627,0.755,8.45205384861322e-58
"PGRMC1",3.40245460205583e-62,0.889294107806651,0.758,0.788,8.74839127280594e-58
"PLEKHF1",3.44363078087804e-62,1.86793084939394,0.269,0.149,8.85426346379362e-58
"ECHS1",3.92259581752244e-62,0.533852253984856,0.883,0.911,1.00857783660137e-57
"HMG20B",4.18422118897642e-62,-0.541711256852538,0.346,0.516,1.07584695210962e-57
"WDFY2",4.48040724556684e-62,-0.612711843545805,0.17,0.303,1.15200231098015e-57
"SURF2",4.51028015031634e-62,-0.526122629621649,0.352,0.519,1.15968323224934e-57
"MND1",4.8112078155822e-62,-0.817532357430185,0.125,0.243,1.2370577535425e-57
"GNMT",4.91729581905985e-62,2.90206027258828,0.208,0.09,1.26433510099667e-57
"MGLL",5.02808894546383e-62,1.46115307276206,0.366,0.247,1.29282222965766e-57
"LMF1",5.1007472923422e-62,3.25710714328843,0.107,0.014,1.31150414380703e-57
"MAML1",5.23899510540831e-62,-0.879926758358924,0.082,0.182,1.34705042150258e-57
"FLAD1",6.38688746903095e-62,-0.47065851777349,0.406,0.567,1.64219650603724e-57
"PDCL3",6.47500012120162e-62,-0.410416730971141,0.428,0.594,1.66485203116336e-57
"DLGAP5",6.48945804620081e-62,-0.617511664274527,0.091,0.197,1.66856945283915e-57
"RAB15",7.78334203809254e-62,-1.06834580160243,0.059,0.145,2.00125290483435e-57
"TMEM261",7.87093534706098e-62,-0.289095810943113,0.465,0.666,2.02377489643632e-57
"INPP5F",7.89145111119605e-62,-1.10231434452637,0.046,0.126,2.02904990971073e-57
"ZCCHC6",8.27929445624836e-62,1.48685112323774,0.317,0.194,2.12877219059058e-57
"VARS2",1.07440539288348e-61,-0.708859653052132,0.122,0.241,2.762511146182e-57
"SMIM4",1.12159577262018e-61,1.01674861802688,0.552,0.475,2.88384705056102e-57
"MGRN1",1.13484760311712e-61,-0.591219769672448,0.185,0.324,2.91792015713474e-57
"SMAP2",1.17584849259011e-61,1.54720077229914,0.338,0.216,3.0233416441477e-57
"RP11-440D17.3",1.32503044673172e-61,-1.44998675684728,0.037,0.11,3.40691828463659e-57
"CLASRP",1.36818838804927e-61,-0.712711413876138,0.154,0.283,3.51788598335228e-57
"NAF1",1.37042694302749e-61,-0.865406419510792,0.075,0.171,3.52364175591228e-57
"TMEM138",1.45832717686866e-61,-0.687771293612264,0.278,0.427,3.74965083716469e-57
"TDRP",1.48241420263509e-61,-1.25911410987792,0.052,0.135,3.81158339781535e-57
"DNAL1",1.56920636942693e-61,-0.604176333056324,0.103,0.215,4.03474341707051e-57
"NRM",1.62256838971716e-61,-0.617476859900819,0.121,0.241,4.17194784364075e-57
"SEL1L3",1.8096088814126e-61,-0.655766622775763,0.086,0.19,4.65286635588808e-57
"C1orf21",1.82702087024151e-61,1.60742004685111,0.281,0.158,4.69763606156498e-57
"SVIL-AS1",1.85955305320235e-61,-0.324120537615058,0.256,0.417,4.78128281039389e-57
"ZNF232",2.02002673229792e-61,-1.02699962896466,0.071,0.165,5.1938927340844e-57
"XAF1",2.07020937699626e-61,2.05905646871144,0.118,0.021,5.32292235013279e-57
"NCOR1",2.1828945927578e-61,-0.411115101422836,0.395,0.56,5.61265857689886e-57
"ARHGEF1",2.25401854256521e-61,-0.433832056058512,0.199,0.344,5.79553247664367e-57
"ZNF451",2.43872041590506e-61,-0.516343030654711,0.277,0.432,6.27043793337509e-57
"RPA3",2.6810688126355e-61,-0.27793706584939,0.724,0.836,6.8935641310484e-57
"TMEM184A",2.92865546972516e-61,-0.907107746124911,0.074,0.17,7.53015894375732e-57
"UBR2",2.99976291739178e-61,-0.575678979022118,0.19,0.328,7.71299041319773e-57
"DTWD1",3.0965391092612e-61,-0.528331272845792,0.255,0.406,7.9618213577324e-57
"POLG2",3.36464826995974e-61,-0.884709198659445,0.143,0.265,8.65118363172049e-57
"EIF2B1",3.41141336915864e-61,-0.483737425779002,0.353,0.51,8.77142605478071e-57
"PRKCSH",3.52060746085779e-61,-0.382989130398833,0.606,0.733,9.05218590335756e-57
"DHRS13",3.58082770514329e-61,-0.653458958995671,0.187,0.329,9.20702419546443e-57
"IFI44",3.66871674953295e-61,2.35463403185846,0.119,0.022,9.43300450639912e-57
"STAT3",3.85661181062069e-61,-0.500406041943202,0.484,0.622,9.91612028746791e-57
"BAP1",4.04598054586798e-61,-0.696870174820558,0.164,0.296,1.04030251795358e-56
"MED22",4.11059979711551e-61,-1.18904803346034,0.051,0.133,1.05691741983434e-56
"DYNLT3",4.25614273409044e-61,0.954417018485882,0.54,0.447,1.09433941978933e-56
"TMEM107",4.27407992459684e-61,-0.460956702631953,0.15,0.282,1.09895143021234e-56
"RFWD2",5.290310924849e-61,-0.497549290885084,0.327,0.494,1.36024474499718e-56
"RTKN2",5.38288573131327e-61,-1.00713728225063,0.051,0.133,1.38404757923527e-56
"FGF19",6.02770988255277e-61,4.44324949283718,0.142,0.04,1.54984476500197e-56
"HAUS4",6.65579273570021e-61,1.62776766273261,0.234,0.109,1.71133742820324e-56
"NME3",6.92208721192289e-61,-0.415459283618182,0.481,0.64,1.77980706392961e-56
"ZNF7",7.02774165042308e-61,-0.718485508474475,0.213,0.353,1.80697293315678e-56
"VIPAS39",7.67333850311033e-61,-0.690659753459613,0.106,0.218,1.97296879591973e-56
"CXCL1",8.57611944470775e-61,0.630062160166031,0.181,0.332,2.20509183162326e-56
"URB2",8.80052342952864e-61,-1.02112962745964,0.057,0.142,2.2627905842004e-56
"PLA2G1B",1.20226046498868e-60,-1.2774786804313,0.077,0.171,3.09125210757891e-56
"EIF3C",1.22787757967871e-60,-0.700450815405736,0.079,0.177,3.1571188328699e-56
"RHBDD2",1.23284431338404e-60,-0.327679328846175,0.562,0.705,3.16988929857305e-56
"SLC13A5",1.25576826274389e-60,3.52746224036521,0.108,0.016,3.2288313571671e-56
"ACTR3C",1.33298609794299e-60,2.25662419988588,0.179,0.066,3.42737385503101e-56
"PIM3",1.40140297174343e-60,-0.493654134458693,0.394,0.557,3.6032873209467e-56
"NANS",1.4053426638641e-60,-0.383596309968459,0.503,0.663,3.61341705732738e-56
"CAPRIN1",1.44922173247297e-60,-0.547801151698419,0.348,0.507,3.72623891853451e-56
"IL17RB",1.5098169295622e-60,-0.382211846733112,0.282,0.452,3.88204128929034e-56
"METTL3",1.57275682956025e-60,-0.806452572051755,0.169,0.3,4.04387236016532e-56
"RRM1",1.57866242329284e-60,-0.342064548440879,0.274,0.432,4.05905682277054e-56
"ACBD3",1.84581173694601e-60,-0.515349029983063,0.361,0.517,4.74595113803558e-56
"LENG9",1.92122514206711e-60,-1.62992141168947,0.034,0.103,4.93985408528296e-56
"ZNF195",1.94363037378534e-60,-0.805959708888981,0.119,0.232,4.99746241707685e-56
"PIK3R1",1.9490625536883e-60,1.36990564360969,0.392,0.282,5.01142963804336e-56
"RPAP2",2.07579985087518e-60,-0.640226563642315,0.218,0.363,5.33729657657027e-56
"FMO4",2.0781240089328e-60,2.77798465765857,0.11,0.017,5.34327245176802e-56
"FBXL6",2.2563331938533e-60,-0.801120227494425,0.095,0.199,5.80148390803561e-56
"TCTN2",2.3360504724146e-60,-0.995491474952541,0.035,0.105,6.00645297467242e-56
"LPCAT3",2.62757231347121e-60,-0.464735471328467,0.37,0.527,6.75601393239717e-56
"RP11-392P7.6",2.77945905794229e-60,-0.882286592382627,0.08,0.177,7.14654512978122e-56
"CENPQ",2.79298033939491e-60,-0.606864062244055,0.185,0.321,7.18131104865219e-56
"CECR7",2.81587072516438e-60,-1.14288019674295,0.039,0.112,7.24016680854266e-56
"IP6K1",2.82726919152058e-60,-0.65115528841918,0.165,0.296,7.26947454523773e-56
"GLMN",2.98564057305491e-60,-0.670470172902979,0.145,0.271,7.67667904143877e-56
"DIS3L",2.98884473664377e-60,-0.74871669263649,0.138,0.26,7.68491758685847e-56
"CANT1",3.10482012914879e-60,-0.666198280696868,0.237,0.385,7.98311351606737e-56
"SLC35B4",3.4298750013002e-60,-0.632183819847114,0.188,0.324,8.81889460334308e-56
"MYBBP1A",3.49222961412908e-60,-1.02453354192918,0.065,0.155,8.9792207838487e-56
"HEATR1",3.58948628658574e-60,-0.76801880798368,0.156,0.283,9.22928714006924e-56
"ARID2",3.80702598483811e-60,-0.440893702604033,0.12,0.239,9.78862521221574e-56
"ZFYVE19",4.10237723920154e-60,-0.560889665588563,0.304,0.458,1.0548032357435e-55
"C16orf13",5.00286074459176e-60,-0.362794687399351,0.608,0.762,1.28633555464943e-55
"CAMK2D",5.04617041779083e-60,1.89121420908681,0.198,0.08,1.29747133782238e-55
"IQGAP3",5.64180049703182e-60,-0.778195880544253,0.056,0.141,1.45061974379682e-55
"PIDD1",5.72325065517432e-60,-0.864494125112885,0.085,0.185,1.47156220845842e-55
"POLR2G",6.97330265562542e-60,-0.324752462443973,0.649,0.787,1.79297557881441e-55
"GTF2IRD1",7.14592409366214e-60,-1.10376252840896,0.071,0.163,1.83736000296241e-55
"ACSS2",7.24331591300883e-60,-0.614983442397068,0.261,0.415,1.86240138755283e-55
"CYP39A1",7.48501707211889e-60,3.49827839573448,0.114,0.021,1.92454758958321e-55
"SIX5",8.37460463462673e-60,-1.09025977629127,0.074,0.167,2.15327834365522e-55
"SLC16A3",8.630629060148e-60,-0.444041562275958,0.151,0.281,2.21910734394525e-55
"PLEKHA1",8.6532328823275e-60,-0.491229125866613,0.317,0.471,2.22491923870405e-55
"RFTN1",9.65245365968202e-60,2.01353786353362,0.143,0.038,2.48183888497744e-55
"SEPT4",1.02507389946549e-59,2.49930196472129,0.188,0.078,2.63567001030566e-55
"GTPBP3",1.07758440389976e-59,-0.677306504429131,0.183,0.32,2.77068501930707e-55
"WDR60",1.07833969201109e-59,-0.584019911194918,0.171,0.305,2.77262701609892e-55
"SEPT10",1.09792512410477e-59,-0.619622194758082,0.273,0.428,2.82298507909818e-55
"GTF2F1",1.10376227775926e-59,-0.520164783657841,0.26,0.414,2.8379935685746e-55
"CLIC4",1.15634818493071e-59,1.28224269266605,0.301,0.172,2.97320245309384e-55
"WDR37",1.16914924193013e-59,-0.793581993693813,0.056,0.14,3.00611653085075e-55
"CNNM3",1.29430901440772e-59,-0.839470976824901,0.064,0.153,3.32792733784512e-55
"PAFAH1B1",1.30683702106119e-59,-0.403133689712705,0.313,0.479,3.36013934855254e-55
"XDH",1.46312346720414e-59,2.85983854869684,0.126,0.028,3.76198305887527e-55
"MMAB",1.5276131933085e-59,0.87469791561287,0.609,0.569,3.92779904263482e-55
"CD3EAP",1.57935613546662e-59,-0.719676102128881,0.203,0.34,4.06084049551178e-55
"NIPSNAP3A",1.58077028120541e-59,1.30830351202032,0.345,0.218,4.06447654703536e-55
"PI4K2A",2.10568475296348e-59,-0.863375712301615,0.052,0.133,5.4141366368197e-55
"CCDC159",2.16528497307239e-59,2.1539489139464,0.16,0.051,5.56738072276372e-55
"KAT8",2.37025572094208e-59,-0.788843902230303,0.155,0.281,6.09440150968627e-55
"PKIB",2.3902678897637e-59,1.24614773369825,0.203,0.083,6.14585679816043e-55
"LSG1",2.40901990227876e-59,-0.629102484012103,0.26,0.406,6.19407197273915e-55
"MDN1",2.5080644335839e-59,-0.767197131791359,0.1,0.207,6.44873527163092e-55
"TIAL1",2.61982396599884e-59,-0.441035234432422,0.454,0.603,6.73609138137621e-55
"SMURF2",3.46187044113657e-59,-0.595638236436637,0.098,0.206,8.90116127825036e-55
"OXT",3.53976365859698e-59,-0.798536529699886,0.069,0.16,9.10144031898454e-55
"ZNF621",3.70432509464515e-59,-0.731443324123232,0.072,0.166,9.52456068335162e-55
"LMCD1",3.87185421699125e-59,-0.466246574924124,0.199,0.339,9.95531156272789e-55
"SSBP2",3.9447550004603e-59,-0.617758153321882,0.104,0.215,1.01427540571835e-54
"ZNF551",4.2134398444721e-59,-1.19167656437277,0.038,0.109,1.08335965281067e-54
"MLYCD",4.48266019674692e-59,-0.775125529610931,0.153,0.28,1.15258158978757e-54
"CARNMT1",4.50111783826679e-59,-0.679245374846286,0.187,0.323,1.15732741857516e-54
"DIAPH2",4.83640736108564e-59,1.94223553139651,0.159,0.051,1.24353706068234e-54
"PARP9",5.01234482146415e-59,1.29374149514313,0.366,0.245,1.28877410049486e-54
"CAMK2G",5.31141298818173e-59,-0.74288826629954,0.165,0.293,1.36567050752129e-54
"BORA",7.07358256906811e-59,-0.907683736938961,0.043,0.118,1.81875955015879e-54
"PIAS3",7.16115134244245e-59,-0.677098664552627,0.114,0.227,1.8412752331688e-54
"RBM12B",7.25332150231512e-59,3.05713992966337,0.101,0.013,1.86497402467526e-54
"RALGAPA2",7.36768152976738e-59,-0.492506269143642,0.199,0.341,1.89437827493379e-54
"C21orf2",7.53078562335298e-59,1.59675544693262,0.283,0.162,1.93631559947652e-54
"NOL9",7.62198005180675e-59,-0.779446364968254,0.117,0.229,1.95976351092055e-54
"BRDT",7.98262494034875e-59,-1.06121733725152,0.052,0.134,2.05249252466247e-54
"RACGAP1",8.18962481890524e-59,-0.529115037760737,0.137,0.257,2.10571633343691e-54
"IQCH-AS1",8.35626377932304e-59,-0.776309791792492,0.064,0.153,2.14856254293954e-54
"CDCA8",8.9842677130436e-59,-0.548374485929388,0.128,0.245,2.31003491437777e-54
"GAS8",9.27382815849755e-59,-0.813286931209636,0.11,0.218,2.38448669611289e-54
"KRR1",1.0022679281915e-58,-0.401077727004356,0.395,0.55,2.57703129696599e-54
"NAAA",1.05487563969495e-58,2.08712226682223,0.127,0.029,2.71229624478366e-54
"LUC7L2",1.06110341860459e-58,-0.439381699931599,0.421,0.585,2.72830910991612e-54
"JRK",1.11768324198236e-58,-0.880108492847255,0.058,0.141,2.87378715178506e-54
"EDN1",1.17531209699674e-58,-0.589217705710703,0.049,0.129,3.02196246379803e-54
"FABP1",1.68291416296805e-58,1.80520419373161,0.816,0.887,4.32710889582345e-54
"ZNF37A",1.78608686578709e-58,-0.577487491332151,0.159,0.291,4.59238654931177e-54
"SEPT11",1.79900397962794e-58,-0.491502991826648,0.388,0.544,4.62559903241936e-54
"TFAP2C",1.87259466697293e-58,-1.72648898232841,0.038,0.107,4.81481540772081e-54
"ORC5",1.92287374422743e-58,-0.665169159960178,0.18,0.313,4.94409297115757e-54
"KIF11",2.07000595044163e-58,-1.06054041909681,0.046,0.123,5.32239929977551e-54
"B4GALT4",2.27195519474694e-58,-0.580871677821755,0.252,0.398,5.84165119673334e-54
"SLC25A25-AS1",2.34713514648663e-58,-1.16378631398225,0.034,0.101,6.03495388864641e-54
"PKMYT1",2.52457821683074e-58,-0.888567107893907,0.079,0.174,6.4911955111152e-54
"NFATC4",2.52972652831723e-58,-1.34200979132484,0.038,0.109,6.50443284960927e-54
"COMMD2",2.54370667067242e-58,-0.418302919921623,0.445,0.599,6.54037859163294e-54
"CENPH",2.61796363458445e-58,-0.595333277558674,0.2,0.338,6.73130809724355e-54
"GNG7",3.13618544556665e-58,-0.940482258090439,0.072,0.165,8.06376001764096e-54
"OGFRL1",3.14038833960921e-58,-0.638027121139136,0.073,0.166,8.07456649880319e-54
"ARGLU1",3.63256931717268e-58,-0.402059348120511,0.47,0.621,9.34006222831439e-54
"UBAP1",3.67360498087432e-58,-0.502414438353157,0.237,0.384,9.44557312682405e-54
"ZNF641",3.79027942239999e-58,-0.694654131032904,0.057,0.142,9.74556645087485e-54
"SSTR1",3.96372125194866e-58,-1.41097686170511,0.036,0.105,1.01915200830104e-53
"ATN1",4.62854471464206e-58,-0.715133256292249,0.091,0.193,1.19009141702877e-53
"PLS1",5.44536526107031e-58,1.8232031782379,0.226,0.107,1.4001123159264e-53
"RAB4A",5.81969681229122e-58,-0.320261214294953,0.671,0.801,1.49636044437632e-53
"GPC1",5.92953475230426e-58,-0.897486668821292,0.11,0.218,1.52460197551247e-53
"FBXO4",6.58556315056424e-58,1.62028428851482,0.214,0.095,1.69327999727308e-53
"UBAP2L",6.71447740111361e-58,-0.545099469480869,0.323,0.48,1.72642642937433e-53
"GHDC",6.72028456363145e-58,-0.656721794912329,0.209,0.348,1.72791956700092e-53
"RUVBL2",6.75622770304465e-58,-0.364886469767079,0.531,0.678,1.73716126700684e-53
"INO80",8.70608950501769e-58,-0.779818470186843,0.121,0.234,2.23850973353015e-53
"SPTSSA",8.79839772519401e-58,0.83862009453148,0.695,0.685,2.26224402310188e-53
"GNL3",9.18404757891235e-58,-0.339709815852724,0.495,0.666,2.36140231348994e-53
"HACD4",1.00258355422292e-57,-0.522647809601493,0.043,0.117,2.57784283461798e-53
"SHCBP1",1.00929454736733e-57,-0.760330598753959,0.073,0.165,2.59509814019087e-53
"C3orf38",1.02511961046424e-57,-0.441676459037294,0.219,0.365,2.63578754242567e-53
"ALG1",1.02570403302898e-57,-0.613088456214088,0.213,0.354,2.63729020972411e-53
"FBXO30",1.20115995513965e-57,-0.764716860833303,0.083,0.181,3.08842247665507e-53
"AKAP17A",1.3257914116762e-57,-0.51531186397404,0.192,0.329,3.40887487770186e-53
"TUBG2",1.33777056391427e-57,-0.720017380489843,0.125,0.24,3.43967567393638e-53
"APPBP2",1.38592601716729e-57,-0.683947165848636,0.239,0.381,3.56349297534053e-53
"ARFRP1",1.41913504638382e-57,-0.44790098051765,0.359,0.517,3.64888003126209e-53
"CEP135",1.45956043244566e-57,-0.765711353146942,0.066,0.155,3.75282178390429e-53
"SLC35A3",1.5844922501891e-57,1.43497878769331,0.295,0.173,4.07404647368621e-53
"CCT5",1.65673573817088e-57,-0.258260105203207,0.729,0.858,4.25979892998498e-53
"EIF4EBP1",1.69632133498738e-57,0.899365938680025,0.595,0.533,4.36158141651956e-53
"TBC1D12",1.82122571244893e-57,-0.800668785477195,0.075,0.168,4.68273555184868e-53
"CCDC50",1.8718309417114e-57,-0.409783713933654,0.529,0.685,4.81285171732836e-53
"EPM2AIP1",1.88591565045991e-57,1.75202726693971,0.209,0.092,4.84906632046252e-53
"TEFM",1.93116938763648e-57,-0.615436554009059,0.213,0.352,4.96542272949092e-53
"SNX13",2.02443171479198e-57,-0.65186758941702,0.166,0.296,5.20521882507313e-53
"ATP6V1B2",2.04954407883389e-57,-0.375536347161106,0.246,0.4,5.26978773549771e-53
"COPS8",2.5951508207874e-57,-0.400784346282322,0.51,0.653,6.67265179040857e-53
"RBM26",2.62941349435099e-57,-0.435150992953151,0.245,0.393,6.76074797667527e-53
"MIPEP",2.91774072588597e-57,-0.806798064866747,0.084,0.182,7.50209495439801e-53
"TMEM161B-AS1",3.13490452121718e-57,1.95732056460611,0.178,0.067,8.06046650495362e-53
"TOM1L1",3.28220523257542e-57,0.960141746000941,0.478,0.394,8.43920609399793e-53
"OSR2",3.56940387977295e-57,3.26111720512043,0.126,0.03,9.17765125567221e-53
"MTMR2",3.72700843380213e-57,-0.706485308508654,0.132,0.249,9.58288408499203e-53
"CAPN15",3.90790002956234e-57,-0.901448387319379,0.074,0.165,1.00479925560107e-52
"SETD3",4.01321830961081e-57,-0.563017547209144,0.233,0.38,1.03187869176713e-52
"SLC25A32",4.16582306148024e-57,-0.717234070436157,0.168,0.294,1.0711164255678e-52
"RAP2A",4.35315947067102e-57,-0.355835272999786,0.156,0.287,1.11928436309893e-52
"NAA30",4.76010560075154e-57,-0.656811663749673,0.149,0.273,1.22391835206524e-52
"PIGU",5.02823281329629e-57,-0.569959402779465,0.302,0.456,1.29285922095474e-52
"SFXN4",5.03061779457359e-57,-0.495957900669121,0.35,0.508,1.29347244734076e-52
"FADS3",5.53557212999343e-57,-0.640601043591659,0.187,0.322,1.42330630606391e-52
"DNAJC11",5.70591286982754e-57,-0.657216707986017,0.213,0.35,1.46710431709006e-52
"LMAN2",5.78974508509595e-57,0.385760102775006,0.88,0.893,1.48865925627987e-52
"KLHL23",6.11643317731723e-57,-0.525432872732051,0.192,0.327,1.57265729855181e-52
"RPA2",6.18888480960499e-57,-0.373242943123739,0.382,0.543,1.59128606224564e-52
"PSMD11",6.56383610375236e-57,-0.354697682712632,0.662,0.777,1.68769353899681e-52
"TBCB",6.65757727722375e-57,-0.344307640128873,0.62,0.762,1.71179626951977e-52
"PAK2",6.77382770657864e-57,-0.412984061093473,0.467,0.622,1.7416865799155e-52
"GCGR",7.05817737260734e-57,3.76325616351241,0.106,0.018,1.8147985660448e-52
"CDC40",7.32951651454683e-57,-0.466284662694056,0.354,0.504,1.88456528622028e-52
"DNAJC12",8.53301546729937e-57,2.51329833809137,0.13,0.033,2.19400893695201e-52
"TMEM67",8.55422561655834e-57,-0.851058995562857,0.064,0.15,2.19946249052948e-52
"KLHDC9",9.43774226310214e-57,-0.715646143111853,0.123,0.236,2.42663229068882e-52
"GCC2",9.5958637499871e-57,-0.353089819439155,0.362,0.518,2.46728848739668e-52
"PTCD1",9.68490774132224e-57,-0.774625160586296,0.129,0.243,2.49018347844877e-52
"GTF2E2",1.00404990529639e-56,-0.603025845602977,0.214,0.353,2.58161311649807e-52
"NLGN4X",1.02333594114086e-56,-0.514729164761982,0.06,0.146,2.63120137186137e-52
"SMARCAL1",1.03636446149199e-56,-0.801547893395226,0.098,0.201,2.66470030338821e-52
"MAPK8",1.03791602305287e-56,-0.564904388678277,0.173,0.304,2.66868967847353e-52
"NIT2",1.07080651564253e-56,0.766215962091486,0.609,0.567,2.75325771302007e-52
"PLD2",1.12503156916951e-56,-0.992657759385578,0.04,0.112,2.89268117064864e-52
"SLK",1.17015196109992e-56,-0.505810114371493,0.164,0.293,3.00869472238013e-52
"ATP5J",1.35505376554941e-56,0.353932472190367,0.947,0.975,3.48411424198063e-52
"NDUFS1",1.37045929972037e-56,-0.467170803252997,0.448,0.591,3.52372495144103e-52
"AQR",1.46710608530292e-56,-0.645150388907969,0.151,0.273,3.77222316653088e-52
"ZNF101",1.86207183449113e-56,-1.019039271742,0.058,0.141,4.78775910084358e-52
"SLC48A1",1.86663906999348e-56,-0.632861824952129,0.166,0.294,4.79950237676723e-52
"MEF2D",2.00191266654654e-56,-0.735313426839819,0.099,0.201,5.14731784822446e-52
"SKA3",2.00972073863838e-56,-0.756803510233757,0.09,0.188,5.16739396318701e-52
"FOXO1",2.15114599129004e-56,-0.596667277664489,0.09,0.191,5.53102657280496e-52
"PRKAR1A",2.23711739065315e-56,-0.326325150035106,0.645,0.75,5.75207623484738e-52
"IPO9",2.44156559013681e-56,-0.524151137525839,0.235,0.378,6.27775344535976e-52
"AZI2",2.48603536181557e-56,-0.427488720030247,0.393,0.553,6.3920941223002e-52
"CSPP1",2.51824440413249e-56,-0.558661116803555,0.195,0.326,6.47491001190546e-52
"ARHGEF7",2.52733649212079e-56,-0.464648433802431,0.119,0.232,6.49828758854099e-52
"NVL",2.56121143825878e-56,-0.627484457026618,0.153,0.276,6.58538685005097e-52
"ZNF90",2.64463320012517e-56,-0.372407495536134,0.215,0.36,6.79988088416185e-52
"MRPS31",2.67333186401194e-56,-0.436632687412562,0.312,0.468,6.8736708887475e-52
"ZNF500",2.69798261857271e-56,-1.15700074461263,0.045,0.119,6.93705290887415e-52
"MAPKAPK5",2.91494395389048e-56,-0.574986187181796,0.225,0.365,7.4949038942432e-52
"EHD2",2.94140095122325e-56,-0.974440161251083,0.047,0.122,7.56293012578522e-52
"EXOC1",3.19400409086226e-56,-0.437255917620716,0.244,0.393,8.21242331842504e-52
"AP2A2",3.31912721308571e-56,-0.675638316675668,0.262,0.404,8.53413989028598e-52
"ZNF503-AS2",3.57638953843985e-56,-1.38721261180181,0.035,0.101,9.19561278123655e-52
"LIN52",3.6951306570325e-56,-0.620658266259084,0.109,0.218,9.50091994536197e-52
"C1orf216",3.77675810669892e-56,-1.12081435202036,0.055,0.134,9.71080044394427e-52
"WWP2",3.91868384289877e-56,-0.861998076414919,0.1,0.202,1.00757198968613e-51
"ERAP2",4.0370505275352e-56,1.90424353373106,0.133,0.035,1.03800643163985e-51
"S1PR2",4.47351369577707e-56,-0.793799647203217,0.083,0.179,1.1502298414582e-51
"TPGS2",4.78891782091049e-56,-0.423521815221486,0.452,0.608,1.2313265501125e-51
"ANKRD46",4.93056726293013e-56,-0.589812105821798,0.271,0.416,1.26774745464459e-51
"ATPAF1",5.09325427327456e-56,-0.499370289799343,0.391,0.556,1.30957753874436e-51
"PHF10",5.22246784581931e-56,-0.512842294969045,0.17,0.301,1.34280093251706e-51
"UGT3A1",5.26551665608575e-56,1.85813156073597,0.263,0.149,1.35386964261277e-51
"KATNB1",5.86917341911794e-56,-0.909625224559086,0.117,0.225,1.50908186952361e-51
"RP4-710M16.2",6.06964477115844e-56,2.09945548512652,0.147,0.046,1.56062706356026e-51
"CCDC85B",6.90405712647612e-56,-0.434032681857644,0.375,0.553,1.77517116835954e-51
"MAPKAP1",7.48596305041442e-56,-0.638509435006947,0.276,0.421,1.92479081952256e-51
"PTEN",7.66866765976162e-56,1.30487212378609,0.364,0.25,1.97176782867791e-51
"THUMPD2",7.96330617431891e-56,-0.678216023850395,0.132,0.247,2.04752528354088e-51
"CECR2",8.08834484912392e-56,-0.778535322059915,0.066,0.153,2.07967522760674e-51
"RGP1",8.29000729150081e-56,-0.515496173411901,0.148,0.271,2.13152667479069e-51
"NEIL1",8.50145666996363e-56,-0.90825553348953,0.084,0.179,2.18589453898105e-51
"CASP3",8.73478368347866e-56,-0.341191632720725,0.281,0.435,2.24588758069603e-51
"PLCB3",8.73492817428549e-56,-0.783839329014541,0.065,0.151,2.24592473217228e-51
"WDR45B",9.59389606191361e-56,-0.33821515763133,0.6,0.732,2.46678255543923e-51
"LEAP2",9.91609996998919e-56,1.48867507966562,0.67,0.667,2.54962762428362e-51
"DOT1L",1.01673455650098e-55,-0.700548748274863,0.085,0.181,2.61422789167531e-51
"PRR12",1.02923520389881e-55,-1.03047901109993,0.04,0.11,2.64636955626462e-51
"CGN",1.04310960802496e-55,-0.654441159309435,0.172,0.298,2.68204342415378e-51
"MAD2L1",1.15304411813266e-55,-0.307239693582306,0.267,0.422,2.96470703654269e-51
"RABGGTB",1.16236620823033e-55,0.920904497556611,0.522,0.446,2.98867599460182e-51
"FRK",1.17547878546678e-55,1.8149348837206,0.201,0.089,3.02239105319219e-51
"CACNA1D",1.26709761495519e-55,-0.94105819554422,0.035,0.103,3.25796138757278e-51
"CLK2",1.27952534751496e-55,-0.969378166606781,0.086,0.181,3.28991557353047e-51
"SEC24D",1.33443130401134e-55,1.79711228322946,0.181,0.071,3.43108976887397e-51
"ZP3",1.39596352384751e-55,-1.07689685243907,0.058,0.139,3.58930141251671e-51
"TOMM5",1.54569249114601e-55,-0.384068391782339,0.578,0.717,3.97428453323462e-51
"MLEC",1.61786954785302e-55,-0.318015883865538,0.609,0.727,4.15986618143968e-51
"PIEZO1",1.71564880060469e-55,-0.648849504958002,0.066,0.153,4.41127619611477e-51
"TPRN",1.76722800929147e-55,-1.0019657320732,0.06,0.142,4.54389665749022e-51
"SNRNP40",1.82011648608911e-55,-0.342801521768481,0.441,0.601,4.67988350903233e-51
"CD109",1.82042333925773e-55,2.08387648099443,0.113,0.023,4.68067248989948e-51
"RTP4",2.03065121170913e-55,2.54713064286505,0.111,0.021,5.22121039554651e-51
"CCNI",2.06580080887582e-55,-0.290557388902609,0.656,0.788,5.31158703978152e-51
"FAM98B",2.28994924841987e-55,-0.57193011995333,0.124,0.238,5.88791750753717e-51
"HSD17B11",2.69533412320096e-55,0.467886641311918,0.831,0.839,6.9302430975743e-51
"ALDH7A1",2.97186981848021e-55,0.902789892833321,0.589,0.55,7.64127167727631e-51
"RCOR1",3.38430685201352e-55,-0.791063633802875,0.077,0.17,8.70172977789716e-51
"NOL6",3.99620225251573e-55,-0.966041831874499,0.069,0.156,1.02750352316684e-50
"ETNK1",4.1183605309681e-55,-0.387824574278691,0.281,0.434,1.05891285972252e-50
"STK32C",4.12695606834993e-55,-0.667829785762863,0.096,0.196,1.06112294429413e-50
"CERK",4.32519994045962e-55,-0.501614733813339,0.111,0.221,1.11209540869098e-50
"AREL1",4.32529968825375e-55,-0.704725098833483,0.053,0.133,1.1121210558438e-50
"COPZ2",4.32613314402788e-55,1.90116120280657,0.163,0.058,1.11233535399245e-50
"C6orf136",4.36786816415843e-55,-0.579047547500361,0.257,0.397,1.12306626236841e-50
"COLEC11",4.51123657597888e-55,-0.744411017408037,0.219,0.352,1.15992914841569e-50
"MTRF1",4.71045260591825e-55,-0.872466388364244,0.071,0.159,1.2111515740337e-50
"RDH10",4.96328061700702e-55,1.662903349932,0.253,0.136,1.27615871224484e-50
"BAZ2A",5.49921874409756e-55,-0.434044212985798,0.292,0.443,1.41395912348237e-50
"RYBP",5.7607146833479e-55,-0.454491067964062,0.253,0.397,1.48119495938241e-50
"CARD19",5.87892299126119e-55,-0.572073191063958,0.273,0.421,1.51158867951308e-50
"MFAP1",5.89073348039117e-55,-0.524077905984513,0.305,0.451,1.51462539247818e-50
"PTPRE",6.08141087306017e-55,-0.634659465031478,0.049,0.127,1.56365236368123e-50
"SIL1",7.30345389917261e-55,0.909137366603333,0.543,0.482,1.87786406655526e-50
"UBR5",7.56443232010806e-55,-0.508900585013103,0.253,0.395,1.94496683814618e-50
"C2orf47",7.72110108629234e-55,-0.47831682653108,0.415,0.565,1.98524951130749e-50
"SLC35F5",7.94866869755287e-55,-0.68601056796316,0.212,0.348,2.04376169551479e-50
"ZNF764",8.01689926339785e-55,-1.12716525349743,0.057,0.137,2.06130513860485e-50
"NPTN",8.42312484559481e-55,-0.493077763932179,0.134,0.251,2.16575386029934e-50
"SLC2A4RG",8.89299743642054e-55,-0.384542163686889,0.473,0.63,2.28656750085245e-50
"HEXDC",9.0817240777389e-55,-0.701424760405714,0.135,0.249,2.33509289486823e-50
"SUN1",9.15305646170506e-55,-0.416534908627691,0.34,0.494,2.35343387743361e-50
"ATF1",1.02423682634191e-54,-0.381983704916099,0.339,0.501,2.63351772789032e-50
"MYDGF",1.13618097350107e-54,-0.28357307144053,0.728,0.847,2.92134851906596e-50
"RBM5",1.15238636115226e-54,-0.439744001423688,0.303,0.452,2.96301581179469e-50
"PSMG1",1.20971757451681e-54,-0.426443970099744,0.491,0.641,3.11042582759762e-50
"MRPL16",1.21304582066657e-54,-0.384494553336323,0.529,0.666,3.11898341409788e-50
"CXXC5",1.24264667030336e-54,-0.403871350796488,0.45,0.595,3.195093118684e-50
"ATXN7L3",1.26237335677806e-54,-0.616872917444554,0.091,0.189,3.24581437494776e-50
"DIAPH3",1.30147000084957e-54,-0.701439205083453,0.084,0.178,3.34633966618441e-50
"C3orf33",1.52929510441932e-54,-0.786616886567371,0.089,0.186,3.93212357248294e-50
"DHX35",1.65094802630689e-54,-0.933546500099725,0.045,0.118,4.24491756524028e-50
"RANBP2",1.70222159125006e-54,-0.54318937426945,0.225,0.363,4.37675215542216e-50
"NAIF1",1.74411357859435e-54,-0.884499958150094,0.109,0.213,4.4844648332818e-50
"UBXN1",1.75931479788571e-54,-0.25799473049746,0.683,0.805,4.52355020832374e-50
"CDC26",1.77466275596859e-54,-0.35201507266411,0.529,0.674,4.56301287814644e-50
"FGD5-AS1",1.87053144162297e-54,-0.474883003826287,0.317,0.465,4.80951044270097e-50
"NEURL3",1.92126583681839e-54,-1.08926502352999,0.058,0.138,4.93995871962746e-50
"SVIP",1.92573022936735e-54,0.949554766744542,0.578,0.526,4.95143756574933e-50
"RAP1GAP",1.9388895864543e-54,-0.711161558513067,0.104,0.209,4.98527290469129e-50
"SCFD1",1.93947759092222e-54,-0.295363224263669,0.403,0.566,4.98678478177922e-50
"SLC47A1",1.94919466922538e-54,1.59615678168494,0.209,0.096,5.0117693335123e-50
"ZNF136",2.00729044242209e-54,-0.864842137082997,0.054,0.134,5.16114518555569e-50
"COQ7",2.12064570323892e-54,-0.524774277961116,0.18,0.312,5.45260423216792e-50
"SOCS7",2.15870360460942e-54,-0.760527656186284,0.068,0.155,5.55045870817174e-50
"CDPF1",2.29031353335847e-54,-0.707050599115434,0.101,0.203,5.88885415697129e-50
"NEMP2",2.38186383259912e-54,-1.10399531415099,0.037,0.105,6.12424828637885e-50
"FAM185A",2.40996799191953e-54,-0.857822221280265,0.074,0.164,6.1965097008235e-50
"MT-CYB",2.42189978559904e-54,0.374212144615893,0.963,0.993,6.22718872873225e-50
"CHMP2A",2.45264826190854e-54,0.455881470853069,0.819,0.805,6.30624921101924e-50
"GPR137B",2.46545190044611e-54,-0.594762694714182,0.193,0.33,6.33916992642704e-50
"SWSAP1",2.77413654390816e-54,-0.851807185344855,0.092,0.189,7.13285988169667e-50
"ZNF431",3.04632774601176e-54,-0.696322116833681,0.072,0.161,7.83271790054543e-50
"DENND2C",3.43240817974284e-54,2.3384481835963,0.14,0.042,8.8254079117548e-50
"DDIT3",3.44925215895966e-54,-0.296037234238856,0.626,0.759,8.86871715111708e-50
"SIN3A",3.52895125049697e-54,-0.475456726172625,0.181,0.312,9.0736394552778e-50
"TAF8",3.60416088099251e-54,-0.574010143787202,0.184,0.313,9.26701845720793e-50
"BORCS7",4.03284246596607e-54,-0.298358769200141,0.616,0.726,1.03692445484919e-49
"ZNF512",4.76855274905818e-54,-0.693089850536767,0.094,0.193,1.22609028283784e-49
"GOT1",5.05539400483254e-54,1.05420797969162,0.57,0.501,1.29984290652254e-49
"ZFP1",5.10373166742263e-54,-1.24425952223231,0.041,0.11,1.31227148632771e-49
"ALKBH3",5.40621390335164e-54,-0.61686692180733,0.199,0.333,1.39004571882977e-49
"LARP1",5.51459237836508e-54,-0.475901646915124,0.345,0.489,1.41791199232523e-49
"CLEC2B",5.61117404121853e-54,0.845320731235232,0.267,0.139,1.44274506947811e-49
"SEC61B",5.82381211581178e-54,0.405701874855023,0.921,0.934,1.49741857121752e-49
"PLPP5",5.84445949037674e-54,1.35628404008276,0.314,0.195,1.50272742416567e-49
"FRA10AC1",7.13663879989585e-54,-0.416284126968324,0.361,0.517,1.83497256822922e-49
"COA1",7.22573015002215e-54,-0.424054630290292,0.448,0.602,1.85787973617369e-49
"BCKDHB",7.62935578998998e-54,1.55874958878544,0.225,0.11,1.96165996072222e-49
"TGDS",7.92231310045372e-54,-0.386984156664747,0.172,0.305,2.03698514438866e-49
"DDIAS",8.00419329968164e-54,-1.23393125021745,0.047,0.119,2.05803818121414e-49
"ARID5A",8.54673766868499e-54,-0.448736351238734,0.25,0.394,2.19753718937228e-49
"ERCC4",9.55713681960733e-54,-0.479786704764944,0.144,0.264,2.45733101905744e-49
"NUP107",9.97447338541607e-54,-0.460883983394518,0.269,0.416,2.56463659685818e-49
"CTD-2270L9.4",1.20318503503574e-53,-0.762255470003796,0.135,0.246,3.09362936208389e-49
"BARD1",1.24442639694635e-53,-0.614925112358721,0.142,0.258,3.19966915182844e-49
"ANKMY2",1.25836589811593e-53,-0.703587905322304,0.132,0.245,3.23551039723567e-49
"STK25",1.31614453964705e-53,-0.50907461334495,0.362,0.518,3.3840708403405e-49
"CTD-3184A7.4",1.39619951187261e-53,-0.836990348918495,0.086,0.179,3.58990818492686e-49
"UTP20",1.48524150677738e-53,-0.672242833639283,0.091,0.189,3.818852962226e-49
"IGBP1",1.62647426458766e-53,-0.37747676099695,0.396,0.567,4.1819906291078e-49
"PRKD2",1.70457037582528e-53,-0.599478112419248,0.136,0.25,4.38279135032197e-49
"MXRA7",1.71775621207691e-53,-0.734554044524367,0.077,0.168,4.41669477249214e-49
"FAHD2B",1.71908571518996e-53,-0.701518258302518,0.155,0.275,4.42011319089642e-49
"FERMT2",1.91697811373514e-53,-0.419080106705148,0.252,0.397,4.92893412603579e-49
"TNS3",2.06609102922562e-53,-0.700541213523827,0.148,0.266,5.31233325434493e-49
"ZNF354A",2.24224822963806e-53,-0.99653067634838,0.09,0.185,5.76526864804537e-49
"BICD2",2.42099730449407e-53,-0.810557091260322,0.08,0.172,6.22486826931516e-49
"EHD1",2.85553671748137e-53,-0.604917730372236,0.162,0.283,7.3421560079881e-49
"TOP3A",2.86157678275575e-53,-0.688874796967138,0.056,0.136,7.35768622382157e-49
"COPS7B",2.91579069895418e-53,-0.579222112533215,0.227,0.363,7.49708104515099e-49
"C1orf112",3.00818337536438e-53,-0.97193269716462,0.095,0.192,7.73464109473689e-49
"TRIP4",3.02073933347839e-53,-0.572495336571539,0.187,0.316,7.76692497423964e-49
"ARPIN",3.16082992921522e-53,-0.70553278297995,0.127,0.236,8.12712591399818e-49
"SPRYD7",3.32345617509908e-53,-0.369812259007379,0.348,0.5,8.54527051741475e-49
"MVP",3.44574584485106e-53,-0.28148767819127,0.444,0.619,8.85970171628106e-49
"PTPMT1",3.59759800511435e-53,-0.521627186569533,0.375,0.534,9.25014399075002e-49
"SHPK",3.61714644300058e-53,-1.006677601747,0.053,0.131,9.30040693424309e-49
"BLCAP",3.76205395856593e-53,-0.459268396281377,0.38,0.53,9.67299313826472e-49
"CNOT2",3.85738160565068e-53,-0.386187557867648,0.387,0.536,9.91809958444904e-49
"ZNF264",4.00810369167979e-53,-0.588708336984268,0.112,0.219,1.03056362120471e-48
"YBEY",4.35886975543187e-53,1.01238252078735,0.475,0.391,1.12075259151664e-48
"RAB24",4.82381747381293e-53,2.21059967194555,0.146,0.048,1.24029994886678e-48
"ATHL1",4.90034845666176e-53,-0.629292208806981,0.068,0.154,1.25997759517687e-48
"RNF19A",4.93869584437581e-53,1.10180465840992,0.425,0.321,1.26983747550591e-48
"ZSCAN16",5.17691681418559e-53,-0.892653275344259,0.069,0.155,1.3310888512634e-48
"PLK3",5.1786141374089e-53,-0.514461346319897,0.132,0.245,1.33152526701058e-48
"KRTCAP2",5.41013614571446e-53,0.37735646802095,0.894,0.9,1.3910542057861e-48
"RFC1",5.52644873846616e-53,0.910401677268536,0.511,0.435,1.42096049963442e-48
"DDX19B",5.75441694512397e-53,-0.672976192783828,0.221,0.354,1.47957568493028e-48
"C10orf88",6.55744825443829e-53,-0.764851035004448,0.079,0.171,1.68605109518117e-48
"GCKR",6.63927638138476e-53,1.77125716426861,0.208,0.098,1.70709074318165e-48
"NRDE2",7.47944365814928e-53,-0.51776797222605,0.179,0.307,1.92311455338334e-48
"SARAF",7.93248975518762e-53,0.701406443466293,0.716,0.689,2.03960176585384e-48
"USP6NL",8.04214583831888e-53,-0.704133472959275,0.116,0.223,2.06779653794855e-48
"MZB1",8.62377585046178e-53,3.02848052022199,0.116,0.027,2.21734524667073e-48
"PEAK1",8.8661500304612e-53,-0.695527407605586,0.072,0.16,2.27966449583218e-48
"GATM-AS1",8.90829361913399e-53,3.15885129621614,0.142,0.047,2.29050045535173e-48
"VSIG10",8.91405828063276e-53,1.20315017387147,0.343,0.227,2.29198266511629e-48
"MUL1",9.12606073067113e-53,-0.60637167375352,0.201,0.333,2.34649273507016e-48
"MRPL36",1.08231325459381e-52,0.635326009840872,0.685,0.68,2.78284384021162e-48
"ABCB8",1.08289440522624e-52,1.31413256022562,0.291,0.175,2.78433809471771e-48
"PPP1R13L",1.10617593246568e-52,-0.81427415738496,0.098,0.196,2.84419955755575e-48
"MARK2",1.19632968488978e-52,-0.717117464796938,0.094,0.192,3.07600288578861e-48
"MBIP",1.24830297480594e-52,-0.392403775246435,0.244,0.39,3.20963660882103e-48
"SART3",1.278715010288e-52,-0.548634896017702,0.192,0.32,3.28783203445251e-48
"CHERP",1.31667130737949e-52,-0.604407366263065,0.189,0.318,3.38542526553415e-48
"TOPBP1",1.39182150433394e-52,-0.693356538127195,0.164,0.282,3.57865145194343e-48
"ZBTB48",1.44324859611595e-52,-0.612713455207531,0.136,0.25,3.71088079033333e-48
"PLA2G15",1.50976489838255e-52,-0.901545780536996,0.061,0.141,3.88190750672121e-48
"ODF2L",1.55712021283486e-52,-0.352048268785181,0.163,0.292,4.003667491241e-48
"MST1",1.5807144743126e-52,1.52527447514089,0.39,0.291,4.06433305635255e-48
"SPPL3",1.62469739534624e-52,-0.482248418585662,0.179,0.306,4.17742194291425e-48
"SMC4",1.644204904414e-52,-0.412818845841364,0.366,0.52,4.22757965022927e-48
"CTC-338M12.5",1.64758559072617e-52,2.618235987794,0.113,0.025,4.23627207087513e-48
"KLHL18",1.78162556038597e-52,-0.463262276141437,0.201,0.334,4.58091564086441e-48
"RHPN2",1.82317915859008e-52,-0.521715402512339,0.142,0.261,4.68775825256682e-48
"SNRNP35",1.90424593320783e-52,-0.477504025285884,0.309,0.456,4.89619714346396e-48
"DNAAF2",1.96229184892645e-52,-0.458273568577742,0.352,0.505,5.0454448019597e-48
"PROC",1.9974465361753e-52,0.894483393336396,0.597,0.575,5.13583453381393e-48
"SORL1",2.01302543357256e-52,1.67493636487133,0.217,0.106,5.17589099480177e-48
"TMEM57",2.28595674148979e-52,1.2505843964527,0.333,0.221,5.87765197371855e-48
"TPP1",2.33844627973873e-52,0.765196165032992,0.538,0.459,6.01261307446421e-48
"TMEM140",2.46012758984537e-52,1.49689849878357,0.23,0.116,6.32548005901043e-48
"CLYBL",2.54689215470756e-52,1.42856909115258,0.275,0.158,6.54856910818408e-48
"ADCK1",2.82886037270652e-52,-0.941318792291515,0.063,0.144,7.27356579030301e-48
"BTBD10",2.88656262999459e-52,-0.460175343606557,0.173,0.298,7.4219298342421e-48
"NPFFR2",3.07118035102523e-52,-0.848007949615725,0.079,0.17,7.89661891855608e-48
"UBXN2B",3.3498318686941e-52,1.35484995254788,0.285,0.171,8.61308770078627e-48
"PCED1A",3.40716854484115e-52,-0.74459811572299,0.128,0.237,8.76051176249556e-48
"CCDC51",3.43576508718387e-52,-0.683023312978211,0.22,0.351,8.83403919216716e-48
"MDH1",3.82526593338484e-52,0.464623441068394,0.804,0.804,9.8355237679191e-48
"U2SURP",3.86555942202717e-52,-0.359390768374621,0.599,0.702,9.93912638591625e-48
"EIF4B",4.08414301672638e-52,-0.265688000556063,0.594,0.734,1.05011485246069e-47
"DNMT1",4.42550371847707e-52,-0.338902123443289,0.296,0.445,1.13788551609482e-47
"TSKU",4.72348501742833e-52,1.74423210297633,0.304,0.203,1.21450246768117e-47
"C20orf96",4.8033600197784e-52,-0.679832199994119,0.138,0.252,1.23503992828542e-47
"ADAT1",4.93971680663224e-52,-0.757452694547245,0.101,0.199,1.27009998532128e-47
"SLC12A4",5.27859057685397e-52,-0.827874575891838,0.068,0.153,1.35723120912069e-47
"TNFRSF21",5.28048023161824e-52,-0.709586217590171,0.139,0.251,1.35771707715368e-47
"CAAP1",5.34180927728803e-52,-0.53831661013567,0.198,0.328,1.3734860013763e-47
"UBQLN1",5.3868129318299e-52,-0.439255037514444,0.412,0.568,1.3850573410321e-47
"SRSF1",5.41094505112662e-52,-0.367289952217166,0.483,0.624,1.39126219154568e-47
"RBM15B",5.58428970371337e-52,-0.538245610058288,0.175,0.301,1.43583256861878e-47
"MIS12",5.70937668910578e-52,-0.495472938421694,0.149,0.268,1.46799493430288e-47
"DDX3X",6.05311968004538e-52,-0.340384946321304,0.463,0.6,1.55637813213327e-47
"KCTD2",7.36533743178986e-52,-1.03506060946343,0.056,0.133,1.89377556046181e-47
"ATF7IP2",7.39516524046997e-52,-0.398171486116057,0.461,0.598,1.90144488662964e-47
"SPON2",7.89951639521898e-52,1.26401043020421,0.58,0.574,2.0311236555387e-47
"SNX33",8.1337548636579e-52,-0.846859021675253,0.063,0.145,2.09135105054372e-47
"PRUNE",8.18919029021489e-52,-0.706116591250252,0.12,0.227,2.10560460742005e-47
"FMR1",8.2404976892586e-52,1.58167450985774,0.253,0.14,2.11879676586217e-47
"GPR183",8.97008915580196e-52,1.29216203025879,0.211,0.098,2.3063893237398e-47
"ABCC10",9.06003609817154e-52,-0.936872080301893,0.043,0.113,2.32951648156187e-47
"MED7",9.77143989177518e-52,-0.503490371168858,0.239,0.378,2.51243262497324e-47
"ORC2",9.83473733643483e-52,-0.642973516251791,0.128,0.239,2.52870766394412e-47
"NDFIP1",1.01977116614827e-51,0.622139575965965,0.725,0.765,2.62203562240043e-47
"LPCAT1",1.08076931586972e-51,-0.324050298728718,0.17,0.3,2.77887406496422e-47
"RERG",1.20232383348509e-51,-1.25696840923181,0.042,0.11,3.09141504065686e-47
"CDC42BPB",1.2044399461822e-51,-0.551862321380312,0.149,0.268,3.09685598962368e-47
"RSBN1",1.36009656766343e-51,-0.655460355734238,0.187,0.312,3.49708029477622e-47
"RP4-639F20.1",1.38608982329649e-51,2.04729986216591,0.152,0.053,3.56391415365995e-47
"SHB",1.4056507477256e-51,-0.69654284586155,0.088,0.181,3.61420920255206e-47
"PAFAH1B2",1.45504008354871e-51,-0.442161379334497,0.372,0.52,3.74119906282045e-47
"MINK1",1.49266504386315e-51,-0.776989259994973,0.074,0.16,3.83794036078092e-47
"HES6",1.65311452791967e-51,-0.58110521161605,0.22,0.355,4.25048807418706e-47
"ARHGDIA",1.72736124138507e-51,-0.291888550418419,0.638,0.759,4.4413912238493e-47
"ITPK1",1.83204631604082e-51,-0.550234561623069,0.183,0.31,4.71055748780417e-47
"ACVR1",2.00071624061931e-51,-0.64233617839135,0.101,0.202,5.14424159788037e-47
"PPFIBP1",2.05611540563861e-51,-0.372020514652356,0.173,0.302,5.28668393097799e-47
"NFKBID",2.18147719920829e-51,-0.839137057933289,0.049,0.123,5.60901417460435e-47
"LTBP1",2.22964652807416e-51,-1.05539497238724,0.048,0.121,5.73286715298429e-47
"EIF1AD",2.38902834734623e-51,-0.630739702669295,0.216,0.345,6.14266968669663e-47
"MRFAP1L1",2.43392357824055e-51,-0.4972700388196,0.287,0.434,6.2581043043721e-47
"APTR",2.59814093534131e-51,-0.319351797011042,0.194,0.329,6.68033997294957e-47
"MAX",2.83562310250218e-51,-0.298921743767807,0.307,0.461,7.2909541211536e-47
"E2F6",3.06744702306118e-51,-0.571637788727458,0.194,0.323,7.88701978569491e-47
"QPCT",3.11350314293842e-51,-0.40346010030832,0.144,0.262,8.00543928112327e-47
"ZBTB16",3.14359749683911e-51,1.89858990185448,0.258,0.152,8.08281788387271e-47
"S100P",3.22370719946816e-51,3.63086302439431,0.178,0.08,8.28879595127254e-47
"ZNF696",3.26595222789482e-51,-1.12066723730024,0.052,0.126,8.39741636836317e-47
"DIS3",3.30275566412028e-51,-0.580708286173842,0.162,0.281,8.49204536358605e-47
"GM2A",3.41188410573978e-51,-0.593617012750921,0.225,0.356,8.77263641267813e-47
"MZT1",3.62773790980552e-51,-0.307493063305435,0.368,0.527,9.32763971369196e-47
"PPHLN1",3.66884628984669e-51,-0.376318656373048,0.492,0.627,9.43333758045381e-47
"RAB40C",4.36347334074049e-51,-0.884861684559564,0.094,0.187,1.12193626537119e-46
"CAPRIN2",4.4840298800328e-51,-0.920775544515998,0.062,0.141,1.15293376275403e-46
"PRPF8",4.70015996319903e-51,-0.469016236304702,0.207,0.338,1.20850512973773e-46
"GOLGA7",4.77971261973057e-51,1.05736178304469,0.49,0.416,1.22895970878512e-46
"MT1A",5.12835597265502e-51,2.0933154139826,0.231,0.125,1.31860288768906e-46
"TBC1D16",5.26045501400976e-51,-0.786673922716518,0.136,0.246,1.35256819320219e-46
"TEX11",5.59748056560997e-51,2.2747283536765,0.102,0.02,1.43922420302964e-46
"SC5D",6.31060626232651e-51,1.07308633221928,0.51,0.442,1.62258308216939e-46
"ACD",6.39343769732509e-51,-0.579009633753615,0.192,0.318,1.64388070073623e-46
"DDX11",6.62840488166921e-51,-0.906982521590166,0.075,0.161,1.70429546317479e-46
"ECE2",7.1402008769601e-51,-0.434938453351495,0.387,0.538,1.83588844948398e-46
"CNDP2",7.29485292471669e-51,0.786912307652817,0.559,0.492,1.87565258400315e-46
"SCAI",7.4629473904136e-51,-0.774774210769609,0.064,0.146,1.91887303302315e-46
"AUTS2",8.07608512545239e-51,-0.460506151599498,0.131,0.244,2.07652300745632e-46
"EFNA4",1.14336681137849e-50,-0.66206885328956,0.227,0.358,2.93982474541637e-46
"PHKG1",1.17662533058606e-50,-0.497492699445926,0.23,0.373,3.02533905000289e-46
"MRPL34",1.24801331465028e-50,0.670787892758317,0.695,0.68,3.20889183462881e-46
"MEGF9",1.28373528193005e-50,1.80513843123115,0.167,0.065,3.30074015689854e-46
"OLFML1",1.34692444955286e-50,-1.01969586784498,0.043,0.112,3.46321214469031e-46
"AC093323.3",1.36907166762821e-50,-0.867402698925407,0.089,0.182,3.52015707180566e-46
"MAP2K7",1.47180398226542e-50,-0.612163350949666,0.195,0.321,3.78430239920085e-46
"ZNF749",1.56227341969729e-50,-1.14867612496679,0.041,0.108,4.01691741672566e-46
"HMCES",1.62084883179609e-50,-0.408228255428078,0.351,0.498,4.16752651631411e-46
"CPSF3",1.67191184757909e-50,-0.457507002725323,0.272,0.415,4.29881974249535e-46
"UQCRHL",1.68583751456671e-50,-0.393831472502699,0.211,0.35,4.33462541745392e-46
"FBXL3",2.01401478280241e-50,-0.563423545108322,0.194,0.323,5.17843480954155e-46
"SYMPK",2.10494873768784e-50,-0.412131004883075,0.251,0.392,5.41224419434298e-46
"ARL16",2.19207504347283e-50,0.951351776077537,0.451,0.364,5.63626335177735e-46
"RBM28",2.2496066763583e-50,-0.578359804486673,0.225,0.357,5.78418868625245e-46
"UQCRC2",2.33678974505659e-50,-0.2977292272429,0.663,0.775,6.00835379248952e-46
"CEP95",2.5212105153966e-50,-0.578307114938043,0.168,0.288,6.48253647718773e-46
"NIPA2",2.59535520911911e-50,-0.490192989616253,0.323,0.471,6.67317731368705e-46
"QRICH1",2.61262798537745e-50,-0.680487556100604,0.176,0.296,6.7175890760025e-46
"PHLDB3",2.84975930926965e-50,-0.629795395336144,0.153,0.269,7.32730113599411e-46
"LMLN",2.92793704784832e-50,-1.0363465078709,0.04,0.106,7.5283117374276e-46
"LINC00649",2.95364165230737e-50,1.91183622428223,0.102,0.02,7.5944034164127e-46
"EXOC2",3.20181664402618e-50,-0.545848763925711,0.127,0.236,8.23251095512011e-46
"ABHD13",3.26399933399669e-50,-0.455274522770611,0.195,0.326,8.3923950875723e-46
"SH3BP2",3.34530654147293e-50,2.3460260970193,0.112,0.027,8.6014521794352e-46
"PICALM",3.69866733249102e-50,-0.528827511181859,0.296,0.437,9.51001344530092e-46
"OAS3",3.70593822611053e-50,-0.910766197197935,0.065,0.146,9.5287083669754e-46
"C16orf72",3.77738821481144e-50,-0.427356382060321,0.251,0.389,9.71242057792318e-46
"MAVS",4.65194836889582e-50,-0.569546151988111,0.22,0.349,1.19610896461049e-45
"PSMG4",5.00799320310601e-50,-0.395839026975163,0.448,0.612,1.28765521238262e-45
"CTH",5.08177033280327e-50,1.32509215765149,0.266,0.151,1.30662478797038e-45
"SF3B2",5.09098174634205e-50,-0.275302373861703,0.646,0.765,1.30899322661947e-45
"C5orf15",5.14752893805622e-50,-0.438426223353301,0.504,0.636,1.32353264055302e-45
"SEC24C",5.17265286399004e-50,-0.629315418463725,0.143,0.256,1.32999250438912e-45
"SEMA6C",5.17660950565869e-50,-1.15078368209298,0.047,0.117,1.33100983609496e-45
"ZNF266",5.2312808899354e-50,-0.961489981204839,0.04,0.106,1.34506694242019e-45
"HERC4",5.32889727918085e-50,-0.364177298540334,0.219,0.354,1.37016606842298e-45
"LASP1",5.43935749629326e-50,-0.361776625292458,0.455,0.595,1.39856759944692e-45
"MYO1E",5.45343782041543e-50,-0.659550559177775,0.116,0.22,1.40218793238522e-45
"DRG2",5.65197137811005e-50,-0.521259211381212,0.224,0.357,1.45323488073966e-45
"GRK4",5.87302257665205e-50,-1.0062278751986,0.048,0.119,1.51007156490878e-45
"RP11-727F15.9",6.24800022610111e-50,-1.13163621159821,0.046,0.115,1.60648581813512e-45
"RECQL",6.82624407259333e-50,-0.488515939221335,0.225,0.356,1.7551638759452e-45
"TOPORS",7.01482666739195e-50,-0.45287838144695,0.273,0.414,1.80365223271982e-45
"VPS53",7.16929956649414e-50,-0.655489316256772,0.099,0.197,1.84337030453697e-45
"CCDC18",7.72449828533591e-50,-0.789573186967628,0.089,0.182,1.98612299912557e-45
"FAM131A",8.11153812077659e-50,-0.784450401696556,0.101,0.197,2.08563868161408e-45
"ORMDL2",8.13875936801877e-50,0.64203397206772,0.646,0.61,2.09263780870499e-45
"BACE2",8.18023488088026e-50,-0.272163677165031,0.185,0.321,2.10330199257193e-45
"MEGF8",8.90877004570088e-50,-0.513121508037386,0.041,0.108,2.29062295415061e-45
"GIMAP2",9.84621873107136e-50,2.29051832087835,0.119,0.031,2.53165976013307e-45
"SH3TC1",1.02308964025271e-49,-0.89937963224412,0.059,0.136,2.63056808301776e-45
"XPNPEP3",1.06919100711245e-49,-0.609875119197449,0.142,0.253,2.74910391748754e-45
"CDKN2AIP",1.07053022071994e-49,-0.509734772267212,0.15,0.264,2.75254730351511e-45
"TELO2",1.17161484442243e-49,-0.610791960517783,0.15,0.264,3.01245608797896e-45
"METRNL",1.19754894329869e-49,-0.763856754256176,0.041,0.107,3.0791378430096e-45
"MPP7",1.21462682439335e-49,-1.04694556872483,0.064,0.144,3.12304849088019e-45
"TMBIM6",1.29478685155792e-49,0.361092089311135,0.944,0.962,3.32915595272574e-45
"MSI2",1.30005600849821e-49,-0.415809528184595,0.283,0.427,3.3427040090506e-45
"NCOR2",1.36123694438723e-49,-0.397592715612844,0.149,0.266,3.50001243140845e-45
"TNFRSF14",1.3674346467958e-49,1.18020211114969,0.373,0.26,3.51594796384135e-45
"ZNF584",1.40622777816595e-49,-0.997037494615117,0.054,0.128,3.61569286322029e-45
"KLF13",1.41325959570044e-49,-0.463739059885447,0.154,0.27,3.63377307246498e-45
"C5orf56",1.54356333241259e-49,2.0847536409291,0.133,0.042,3.96881004029926e-45
"GOLGA2",1.55767430555082e-49,1.23856782744074,0.37,0.269,4.00509217443227e-45
"TMEM128",1.60757907974054e-49,-0.508816286932148,0.261,0.404,4.13340732982887e-45
"TRAPPC2",1.66351412392766e-49,-0.598885978580501,0.116,0.219,4.27722751544279e-45
"ADK",1.69670691600394e-49,-0.429200390564031,0.451,0.593,4.36257282242934e-45
"LMO4",1.83682107221714e-49,1.16695724896818,0.408,0.315,4.7228343408847e-45
"TXNL1",1.96799753053461e-49,0.67994371617082,0.701,0.714,5.06011525051059e-45
"TPD52L1",2.13529898706508e-49,1.14342866831541,0.422,0.333,5.49028075554173e-45
"CLTB",2.40447674221805e-49,-0.36531902125275,0.517,0.675,6.18239059959105e-45
"ECE1",2.56011487273306e-49,-0.526135445833114,0.165,0.282,6.58256736077125e-45
"KIF23",2.63931294388276e-49,-0.697645991502965,0.104,0.202,6.78620144131134e-45
"CTR9",2.7940668515078e-49,-0.409730604130107,0.3,0.443,7.18410468859684e-45
"TNPO2",2.9579890866885e-49,-0.595010902614804,0.094,0.189,7.60558153969347e-45
"VEGFA",3.04806448694827e-49,-0.363053912130178,0.359,0.503,7.83718340884139e-45
"C9orf3",3.10711908643492e-49,1.52324278070104,0.287,0.18,7.98902459504145e-45
"NFIL3",3.25735366627707e-49,-0.458289181065824,0.174,0.293,8.37530774673161e-45
"CUL9",3.45524806100184e-49,-0.798822050024088,0.07,0.153,8.88413381444794e-45
"MTUS1",3.66711401514612e-49,1.50319866933015,0.254,0.142,9.4288835557437e-45
"PCYT1A",4.10587128818424e-49,-0.528571240086519,0.226,0.356,1.05570162561793e-44
"NSMF",4.27327107863672e-49,-0.737681350848038,0.092,0.184,1.09874345973907e-44
"DAAM1",4.41529490084625e-49,-0.387663005299882,0.291,0.438,1.13526062490559e-44
"RANGRF",4.96706889826401e-49,-0.265434099469556,0.222,0.364,1.27713275512164e-44
"ICMT",5.22493118035219e-49,-0.691150428053828,0.191,0.314,1.34343430509216e-44
"BBX",6.01436456689252e-49,-0.406826719315998,0.465,0.594,1.5464134174394e-44
"ARMC6",6.03937366047126e-49,-0.421140386795282,0.238,0.383,1.55284375558037e-44
"MRPL22",6.20435135373512e-49,-0.301762228361113,0.65,0.772,1.59526282007237e-44
"GCC1",6.22890090023844e-49,-0.855426591756257,0.094,0.187,1.60157499946931e-44
"HIGD1A",6.29548715583011e-49,0.613515403202272,0.713,0.691,1.61869565750704e-44
"TMX1",6.71936371635613e-49,-0.300658953092252,0.474,0.624,1.72768279874949e-44
"CAND1",7.83452836941492e-49,-0.442364497345758,0.341,0.478,2.01441393434396e-44
"NCKAP5L",8.06662481428921e-49,-0.579619155202462,0.064,0.145,2.07409057225004e-44
"PMS1",8.07397667941601e-49,-0.654824534352999,0.133,0.24,2.07598088381144e-44
"XPO4",8.88225062682783e-49,-0.660710381323018,0.084,0.174,2.28380428116997e-44
"ARID1A",8.92613630258571e-49,-0.435874724891691,0.298,0.436,2.29508816612084e-44
"URGCP",9.0047247181785e-49,-0.735794566583169,0.116,0.218,2.31529481953806e-44
"VKORC1L1",9.79838719407567e-49,-0.534890734279692,0.247,0.38,2.51936131534074e-44
"LRP3",1.03812820353835e-48,-0.576648421131068,0.084,0.175,2.66923523693781e-44
"TXLNG",1.07182037807647e-48,-0.611695448768818,0.204,0.327,2.75586455611021e-44
"NEK4",1.13237459555938e-48,-0.466125838352091,0.212,0.343,2.91156156010229e-44
"TFE3",1.14509864324379e-48,-0.684715231559602,0.12,0.222,2.94427763150843e-44
"PSMD5",1.20103184429537e-48,-0.446107618941781,0.205,0.333,3.08809307805226e-44
"PSEN2",1.24707164010889e-48,-0.600455229656801,0.177,0.298,3.20647060104799e-44
"RABGEF1",1.29576463284642e-48,-0.589396115858319,0.076,0.163,3.33167002397472e-44
"SLC25A19",1.33804475001078e-48,-0.537187021070348,0.169,0.288,3.44038066122773e-44
"F2R",1.41853839405238e-48,-0.424808101169981,0.047,0.117,3.64734591878749e-44
"SYNCRIP",1.42965717257674e-48,-0.313108571714065,0.541,0.662,3.67593452212932e-44
"THEM6",1.46594748518743e-48,-0.460832112155285,0.3,0.453,3.76924417391393e-44
"UBE2D2",1.49648420476577e-48,-0.280337560232025,0.638,0.782,3.84776018729374e-44
"FMNL1",1.53864808730263e-48,-0.589086988021374,0.046,0.115,3.95617196207252e-44
"TFRC",1.55428639066987e-48,-0.388083653922123,0.306,0.449,3.99638116769037e-44
"PCGF6",1.56615967314593e-48,-0.56431688034449,0.148,0.261,4.02690975159281e-44
"ZNF330",1.75891424413193e-48,-0.401391115080276,0.314,0.461,4.52252030451202e-44
"CHID1",1.8158793416109e-48,0.88586908798015,0.532,0.466,4.66898896314996e-44
"AC005076.5",1.8629722604735e-48,-1.2778645924288,0.038,0.102,4.79007427612945e-44
"TMED5",2.42843909903742e-48,0.798233701064169,0.594,0.544,6.24400261144503e-44
"DENND5A",2.48885609517339e-48,-0.733375828398267,0.097,0.191,6.39934679190983e-44
"PRR14L",2.58074358974057e-48,-0.633084596827065,0.133,0.24,6.63560791794097e-44
"L3MBTL2",2.6803469326576e-48,-0.678833262921265,0.133,0.24,6.89170803324921e-44
"ALG12",2.6959072482315e-48,-0.509093776304767,0.265,0.404,6.93171671665284e-44
"S100A4",2.71849501166776e-48,0.353765517816182,0.396,0.58,6.98979437400014e-44
"CPNE8",2.78880073637694e-48,1.63452336540921,0.195,0.09,7.17056445337238e-44
"ZNF687",2.80319718241692e-48,-0.646814728104273,0.109,0.208,7.20758059543039e-44
"RAB35",2.82182475605363e-48,-0.572591319899896,0.16,0.274,7.25547581276508e-44
"PLA2G6",2.82241098273862e-48,-1.20317310641984,0.059,0.134,7.25698311881753e-44
"HGS",2.95815556795502e-48,-0.440550413269445,0.339,0.489,7.60600959632594e-44
"PLPP1",3.1550667229463e-48,1.38822234751088,0.354,0.26,8.11230755803951e-44
"ZNF317",3.59652725924139e-48,-0.862601564324303,0.06,0.136,9.24739088896146e-44
"TFB2M",3.61594699707626e-48,-0.551913838921975,0.327,0.463,9.29732291888248e-44
"MACROD2",3.62194624208956e-48,-0.468811437006063,0.135,0.247,9.31274817766068e-44
"PIP4K2C",3.66902059354925e-48,-0.690646289158208,0.117,0.218,9.43378575013384e-44
"ZNF714",3.68080450547149e-48,-0.78980159150657,0.067,0.148,9.46408454446829e-44
"TMEM219",4.02660886450969e-48,0.653879085405975,0.706,0.685,1.03532167124273e-43
"CSE1L",4.29923542872508e-48,-0.430974308846254,0.401,0.551,1.10541941343379e-43
"PSMD2",5.31042760656816e-48,-0.302632787035531,0.66,0.773,1.36541714620081e-43
"MYO1C",5.31707422084813e-48,-0.446036266762365,0.192,0.317,1.36712612366447e-43
"KANSL1",5.95328388489758e-48,-0.382675979498762,0.221,0.351,1.53070835248487e-43
"NCAPD3",6.02151972550936e-48,-0.728988221541754,0.104,0.2,1.54825315182297e-43
"ABCC4",6.42093650343283e-48,-0.411967942148171,0.093,0.188,1.65095119376265e-43
"ST20-AS1",6.89696580261272e-48,-1.01092292390197,0.059,0.135,1.77334784716778e-43
"SREK1",7.16520577382058e-48,-0.398829646506599,0.421,0.555,1.84231770856475e-43
"C22orf46",7.19285610846605e-48,-0.868274660161848,0.054,0.127,1.84942716260879e-43
"ARFGAP2",7.23330101363504e-48,-0.488017965281578,0.341,0.482,1.85982635662584e-43
"PDCD10",7.40433767423512e-48,-0.304463408284159,0.548,0.69,1.90380330279933e-43
"TDRD3",7.75825234306632e-48,-0.499657742528365,0.139,0.248,1.99480184244921e-43
"ZBTB45",7.92243979343117e-48,-1.19348361656181,0.047,0.116,2.03701771968702e-43
"KMT5B",8.27389999754878e-48,-0.5105039558133,0.235,0.369,2.12738516736974e-43
"SON",8.79428331257026e-48,-0.295489216086438,0.692,0.752,2.26118612532807e-43
"LRP5L",8.82570423448285e-48,-1.22464658065232,0.047,0.116,2.26926507277023e-43
"POLR2J2",8.86488291980202e-48,-0.579409516452971,0.116,0.219,2.2793386963395e-43
"TMEM131",9.46066986815135e-48,-0.596624481302596,0.146,0.256,2.43252743649907e-43
"ANKRD42",9.49161863124136e-48,-0.979929156949261,0.051,0.123,2.44048498246478e-43
"TXNDC11",9.50616218790467e-48,-0.591138294577666,0.228,0.357,2.44422442175405e-43
"RCBTB1",9.78779927365901e-48,-0.687423924803241,0.066,0.147,2.5166389492432e-43
"TMEM33",9.83761402730849e-48,0.78959692968349,0.538,0.464,2.52944731870156e-43
"CLU",1.04272814531594e-47,0.721890082833923,0.96,0.969,2.68106260723634e-43
"LATS1",1.07950457727548e-47,-0.572208287308763,0.119,0.221,2.77562216909071e-43
"MCCC1",1.08323060161601e-47,1.20103756777055,0.326,0.219,2.78520252287509e-43
"LIPT2",1.1293457466498e-47,-1.38840810882405,0.045,0.112,2.90377378378597e-43
"RALGAPB",1.17264643518523e-47,-0.552516305468908,0.159,0.273,3.01510851414826e-43
"ITGAV",1.20197038200915e-47,1.68602520443793,0.282,0.178,3.09050624622193e-43
"TRIM4",1.20696211808242e-47,-0.603699679097562,0.156,0.271,3.10334099801352e-43
"KIAA0907",1.30270320042244e-47,-0.438279149260772,0.332,0.469,3.34951046892619e-43
"SHC1",1.38673294181189e-47,-0.432095881427304,0.323,0.465,3.56556773998673e-43
"METTL17",1.41666850225687e-47,-0.458899652799241,0.225,0.356,3.64253805300286e-43
"KIF1C",1.55851747109541e-47,-0.387438691333964,0.199,0.327,4.00726012168052e-43
"SUGP1",1.69704036018693e-47,-0.644558787620051,0.161,0.275,4.36343017411263e-43
"DMWD",1.75381817803977e-47,-0.869253222199869,0.06,0.136,4.50941729937586e-43
"TRMT10B",1.84125164925719e-47,-0.669369212545285,0.11,0.208,4.73422624057009e-43
"CDC7",1.8788613822404e-47,-0.766066929144101,0.084,0.17,4.8309283860165e-43
"REXO1",2.14923934764143e-47,-0.8469346793423,0.054,0.126,5.52612421065566e-43
"RAD9A",2.16528816781544e-47,-0.459343628682004,0.244,0.377,5.56738893708707e-43
"ZSCAN26",2.18889568351587e-47,-0.885962040601618,0.073,0.155,5.62808858145601e-43
"INF2",2.24031631258331e-47,-0.325623039438981,0.152,0.269,5.7603013029142e-43
"PHF12",2.40414108966185e-47,-0.758484884751142,0.096,0.189,6.18152756973854e-43
"GJB1",2.87419381609444e-47,0.66212520732888,0.653,0.651,7.39012713994201e-43
"PHF3",2.96891209976925e-47,-0.417449099369667,0.4,0.538,7.6336667909267e-43
"WDR20",2.99220378307438e-47,-0.50568456978265,0.177,0.3,7.69355436704084e-43
"ACACB",3.27037498437524e-47,2.13297624290736,0.146,0.054,8.40878815982561e-43
"WDR25",3.56095190122347e-47,-0.530484787663072,0.101,0.197,9.15591952842578e-43
"VPS33A",3.84526661479834e-47,-0.57345315122434,0.177,0.296,9.8869495199695e-43
"STUB1",4.46617496196099e-47,-0.332254009653938,0.609,0.739,1.14834290621941e-42
"SERTAD3",4.62790839496644e-47,-0.38429587090191,0.286,0.426,1.18992780651377e-42
"UBAC1",4.6393773603086e-47,-0.610892750063782,0.234,0.361,1.19287670688255e-42
"CGREF1",5.07083955139927e-47,2.12653078506453,0.144,0.053,1.30381426545578e-42
"ZNF555",5.42195017833386e-47,-0.710067765684974,0.052,0.124,1.3940918298532e-42
"DTNBP1",5.53631809321404e-47,-0.571307963732151,0.222,0.352,1.42349810812719e-42
"SRSF4",5.69237857156884e-47,-0.443377958765104,0.435,0.58,1.46362437832178e-42
"CCDC82",6.01461048686927e-47,1.30606152569231,0.213,0.106,1.54647664838383e-42
"ST3GAL4",6.72263677047484e-47,1.48507902403244,0.199,0.097,1.72852436642449e-42
"MINOS1",6.90445224766189e-47,0.372331930354754,0.843,0.849,1.77527276191883e-42
"LINC00680",6.92563731017953e-47,-1.10649231260866,0.07,0.15,1.78071986519336e-42
"MINPP1",7.0050922395603e-47,-0.476071378146392,0.269,0.408,1.80114931663574e-42
"SLC22A9",7.21673906316747e-47,1.60362841511019,0.184,0.085,1.85556794792162e-42
"FOXJ2",7.23462133553407e-47,-0.969727947897976,0.039,0.101,1.86016583779252e-42
"ANKRD36B",7.42785796649903e-47,-0.579725526871311,0.039,0.103,1.90985084034623e-42
"HP1BP3",7.64759993479751e-47,0.805543162174316,0.528,0.455,1.96635089523514e-42
"EFTUD2",7.93748723399022e-47,-0.446342407571084,0.329,0.474,2.04088671760357e-42
"SPECC1L",8.04248888885063e-47,-0.511360052055135,0.076,0.16,2.06788474310127e-42
"IDNK",8.29209649531675e-47,1.24153602770079,0.246,0.136,2.13206385087584e-42
"BAZ1A",8.557566094597e-47,-0.364185366085422,0.336,0.475,2.20032139424278e-42
"RBM10",1.07673953857196e-46,-0.432839002170168,0.249,0.382,2.76851270157622e-42
"ARHGAP17",1.10233133194526e-46,-0.4886150276406,0.096,0.189,2.83431432069765e-42
"DAG1",1.19196190333644e-46,-0.448789254303883,0.279,0.42,3.06477244585865e-42
"ATF6",1.20684408766927e-46,-0.409079501802255,0.383,0.525,3.10303751821521e-42
"E4F1",1.21233183551131e-46,-0.626630199286824,0.155,0.266,3.11714761546667e-42
"KCTD1",1.24610729560827e-46,-0.959652637545384,0.038,0.101,3.20399107846798e-42
"C1orf168",1.25783002535071e-46,2.90469758124355,0.102,0.024,3.23413256118174e-42
"NCBP1",1.26889286107708e-46,-0.75664949557692,0.12,0.22,3.2625773244014e-42
"WDR11",1.31789608589483e-46,-0.42287684876228,0.169,0.287,3.38857441605279e-42
"SLC25A45",1.45759535842952e-46,-0.427236687480392,0.155,0.272,3.74776918559398e-42
"PRKRIR",1.46896270488118e-46,-0.555244980303684,0.134,0.24,3.77699690679049e-42
"PI4KB",1.47341606454914e-46,-0.435358455436482,0.258,0.396,3.78844738516874e-42
"KLHL28",1.49076369386798e-46,-0.440816550771753,0.128,0.235,3.83305160967334e-42
"D2HGDH",1.54960616317765e-46,1.76093337078321,0.181,0.082,3.98434736676239e-42
"FBRS",1.6842036972069e-46,-0.464412560486949,0.088,0.177,4.33042454625837e-42
"TLN2",1.72999841571758e-46,-0.48527936499928,0.062,0.14,4.44817192649305e-42
"TAB1",1.88668997062914e-46,-0.702371679886432,0.081,0.166,4.85105725248165e-42
"ASRGL1",2.08279923040786e-46,-0.265575313789647,0.294,0.442,5.35529338122469e-42
"FAF2",2.2089478063288e-46,-0.462903957787277,0.269,0.404,5.67964659963261e-42
"ZNF414",2.22687351583863e-46,-0.746037238615577,0.126,0.228,5.72573718392429e-42
"KMT2B",2.27679146243983e-46,-0.658816836521119,0.085,0.172,5.85408620822528e-42
"PSMB9",2.31095096342401e-46,0.806733602063181,0.648,0.634,5.94191711715581e-42
"MTFR2",2.501889363399e-46,-0.926945935851001,0.077,0.159,6.4328579311715e-42
"NUDT17",3.05191436636405e-46,-1.0436847950169,0.041,0.105,7.84708221879525e-42
"TAF1D",3.2279729086661e-46,-0.278929247045213,0.484,0.625,8.29976394276228e-42
"GRWD1",3.31042769639491e-46,-0.605894356390963,0.281,0.413,8.51177169297059e-42
"SPG21",3.32373873753867e-46,-0.282545641934388,0.634,0.766,8.54599704195943e-42
"PPP1R18",3.34567195079177e-46,-0.308625072738395,0.202,0.333,8.60239171987581e-42
"ANKLE2",4.18672151811527e-46,-0.43755438798753,0.208,0.335,1.0764898367378e-41
"ZNF609",4.18778969669156e-46,-0.522591086326841,0.091,0.181,1.07676448681333e-41
"ACBD4",4.47998223661409e-46,1.42541775609483,0.24,0.134,1.15189303267821e-41
"BRPF1",5.04582841066621e-46,-0.836803870294396,0.058,0.131,1.29738340095049e-41
"RCCD1",5.0746850775464e-46,-0.512042693383177,0.19,0.314,1.30480302713873e-41
"SERTAD2",5.10684779675407e-46,-0.508380381647891,0.196,0.319,1.31307270550141e-41
"C11orf73",5.42990194308464e-46,-0.277561645472561,0.513,0.658,1.39613638760592e-41
"ZNF692",5.4848372640109e-46,-0.669849054087043,0.148,0.256,1.41026135732248e-41
"RBBP5",6.67567611457767e-46,-0.467222381191639,0.243,0.374,1.71644984258021e-41
"IL1RAP",7.22247593067133e-46,1.90911413411521,0.169,0.073,1.85704301129421e-41
"RASSF8",7.33081806244006e-46,-0.953187071009441,0.041,0.104,1.88489994021459e-41
"HOMER1",7.40363821545901e-46,-0.515183188585389,0.135,0.242,1.90362345795882e-41
"SURF6",7.83268186164004e-46,-0.516883788483693,0.255,0.387,2.01393916026489e-41
"ZNF611",8.0260374829192e-46,-0.634809497842212,0.049,0.119,2.06365475760818e-41
"SLC25A26",8.18903115197636e-46,-0.433079405824621,0.332,0.478,2.10556368979616e-41
"CEBPA",8.18960292722196e-46,1.2915958180141,0.331,0.231,2.10571070464731e-41
"RNF103",9.04361478734319e-46,1.44229223469245,0.271,0.165,2.32529423412168e-41
"CD3D",9.09326237172349e-46,1.01878328508628,0.222,0.112,2.33805962101754e-41
"SMG6",9.27082316301341e-46,-0.751502855296195,0.059,0.133,2.38371405167401e-41
"HNRNPUL2",9.34910398838251e-46,-0.44968730530922,0.231,0.36,2.40384161749291e-41
"HIP1",9.35391453969038e-46,-0.64742127606614,0.117,0.214,2.40507850644519e-41
"PRPF3",1.03932586661439e-45,-0.481599773225857,0.241,0.371,2.67231466823892e-41
"RALGAPA1",1.07563273378958e-45,-0.38146792001487,0.133,0.24,2.76566688511977e-41
"MLLT4",1.19984518956221e-45,-0.36103312195346,0.339,0.476,3.08504195140236e-41
"HLTF",1.22254789474135e-45,1.16799499805201,0.396,0.305,3.14341514695897e-41
"SCAMP2",1.24636494286438e-45,-0.412101666383745,0.477,0.613,3.20465354109288e-41
"DFFA",1.32998601448813e-45,-0.497805183291342,0.35,0.487,3.41966004045189e-41
"WAPL",1.40468815786501e-45,-0.416317323607253,0.265,0.4,3.61173419150252e-41
"PSMD13",1.42815077730626e-45,-0.315120845287328,0.577,0.705,3.67206127860985e-41
"MAPK8IP3",1.47413812069133e-45,-1.02549343721935,0.041,0.104,3.79030393592155e-41
"REEP6",1.56423781112994e-45,-0.311641326665977,0.608,0.745,4.02196825997731e-41
"GSPT1",1.64728586931206e-45,-0.316884741638333,0.483,0.625,4.23550142717517e-41
"C19orf60",1.79326974172659e-45,0.875039494263953,0.571,0.559,4.6108551599274e-41
"EFCAB11",1.82517898550004e-45,-0.516010935195367,0.129,0.234,4.69290020751771e-41
"CUX1",1.97317602309656e-45,-0.410762540361925,0.202,0.326,5.07343019058586e-41
"RP13-270P17.3",1.99493029844952e-45,1.94908583707822,0.137,0.048,5.1293647833734e-41
"ZNF181",2.0486420654855e-45,-0.867177147559777,0.097,0.189,5.26746847877631e-41
"MFSD5",2.13435893906163e-45,-0.535009904925861,0.159,0.272,5.48786370411526e-41
"ADGRV1",2.2568967135016e-45,2.16576226633359,0.127,0.042,5.80293282975532e-41
"B3GNT2",2.31299861380108e-45,-0.502328480245656,0.17,0.286,5.94718203580533e-41
"ITSN1",2.35103470497659e-45,1.34930201365776,0.252,0.147,6.04498043343582e-41
"LYPLA2",2.80222579414009e-45,-0.338997148103677,0.487,0.631,7.205082961893e-41
"MTFP1",3.06456843850692e-45,1.04913586701935,0.4,0.302,7.87961836908899e-41
"SMLR1",3.1227318311016e-45,0.664265653336991,0.516,0.422,8.02916808412844e-41
"ANKRD29",3.15679339438822e-45,1.6006820720502,0.16,0.066,8.116747175651e-41
"GPAT3",3.18905091149897e-45,1.63174821659986,0.182,0.084,8.19968770364616e-41
"DERL2",3.35385495843739e-45,-0.305788564397912,0.472,0.615,8.62343186913423e-41
"NFIC",3.50688475885465e-45,1.00869396060666,0.454,0.378,9.01690209196708e-41
"UCK2",3.63525783364546e-45,-0.590261326474188,0.224,0.346,9.34697494186922e-41
"NUAK1",3.65756716435519e-45,-0.545931442020374,0.101,0.194,9.40433669299005e-41
"MTERF3",3.66813781079007e-45,-0.46942757398582,0.317,0.453,9.43151593910342e-41
"ODF2",3.67115590403758e-45,-0.475412271316483,0.152,0.261,9.43927606046143e-41
"AATF",3.94420040781299e-45,-0.35296328951071,0.459,0.611,1.01413280885687e-40
"CNTROB",4.06028485197114e-45,-0.782563546981339,0.05,0.119,1.04398044113882e-40
"CC2D2A",4.2302269783741e-45,-1.21373011804685,0.059,0.131,1.08767596067955e-40
"SIRT1",4.35824861629099e-45,-0.403855271884129,0.108,0.204,1.12059288422074e-40
"PPIC",4.44169354894212e-45,-0.267731872865869,0.643,0.748,1.142048245304e-40
"PMM1",4.55922634972561e-45,-0.327600269036001,0.396,0.545,1.17226827904145e-40
"EPHA2",4.89992466559683e-45,-0.740854492236154,0.05,0.12,1.25986863001826e-40
"TNIP2",5.05079352648451e-45,-0.440288999638425,0.31,0.453,1.2986600315297e-40
"KCTD6",5.05652220822073e-45,-0.5243332122229,0.175,0.291,1.30013299017771e-40
"MORC2",5.24158698468143e-45,-0.658877428041142,0.108,0.202,1.34771684550129e-40
"MRPS27",5.58805104625829e-45,-0.499250796720833,0.298,0.437,1.43679968501393e-40
"GGA3",6.04300152591052e-45,-0.758272859569658,0.089,0.174,1.55377655234211e-40
"DESI1",6.42064938448428e-45,-0.429011888067179,0.384,0.534,1.6508773697386e-40
"HLA-DMB",6.66045094503707e-45,1.11127057714667,0.226,0.122,1.71253514698793e-40
"SENP6",6.92334642327209e-45,-0.40768467478248,0.265,0.397,1.78013083235172e-40
"HADHB",7.50759498419442e-45,0.721355827035889,0.716,0.697,1.93035282233607e-40
"CA12",7.83116918249187e-45,-0.908448515800883,0.054,0.125,2.01355022020231e-40
"METTL16",7.99235587049256e-45,-0.476954752179983,0.072,0.154,2.05499454142105e-40
"ACAA1",8.08439501823331e-45,0.741039680567383,0.655,0.692,2.07865964708815e-40
"NCBP3",8.71037165080457e-45,-0.412399309029196,0.133,0.239,2.23961075885487e-40
"PRDM4",9.11744911124993e-45,-0.761803054160969,0.076,0.157,2.34427851548458e-40
"NELFB",9.28271413694003e-45,-0.581694292484789,0.172,0.287,2.38677145889002e-40
"PI4K2B",9.85156973066412e-45,1.43901426752807,0.214,0.112,2.53303560914836e-40
"GOLM1",1.02434247205665e-44,-0.362514518414949,0.374,0.529,2.63378936415206e-40
"PIKFYVE",1.12839307055791e-44,-0.356914576600131,0.126,0.231,2.9013242630185e-40
"TMEM259",1.24411994230409e-44,-0.444338006793048,0.32,0.463,3.19888119565228e-40
"DCAF15",1.29136971449209e-44,-0.820102223200881,0.089,0.175,3.32036980990206e-40
"RPS6KA4",1.30457286237436e-44,-0.815851647083635,0.096,0.185,3.35431774373694e-40
"TTLL5",1.41176384174665e-44,-0.543045273686685,0.071,0.151,3.62992718989898e-40
"GALE",1.48680317922223e-44,0.797545981514561,0.562,0.518,3.82286833441619e-40
"MKL1",1.51197019869692e-44,-0.800931933693594,0.052,0.121,3.88757777488952e-40
"EXOSC9",1.56265820045937e-44,-0.367454748770744,0.2,0.322,4.01790676502114e-40
"HIST1H2BG",1.58752448647266e-44,-0.435411427240017,0.066,0.144,4.08184295961851e-40
"CHRAC1",1.60883843251504e-44,-0.396247621778876,0.386,0.533,4.13664537768266e-40
"USP22",1.63038691155869e-44,-0.388079944263277,0.273,0.404,4.19205082699971e-40
"PRRC2B",1.64793221639587e-44,-0.463116655710012,0.168,0.281,4.23716331479707e-40
"CD69",1.68565156291842e-44,1.88324566367827,0.135,0.047,4.33414729857584e-40
"EXO1",1.71217312401214e-44,-1.17282766396033,0.051,0.118,4.40233953646003e-40
"TARBP1",1.81788715570039e-44,-0.535301616014898,0.143,0.25,4.67415145473683e-40
"COLGALT1",1.88756319248828e-44,-0.432961567569463,0.21,0.337,4.85330248052585e-40
"PPWD1",1.91398217712081e-44,-0.616564532143387,0.15,0.258,4.92123097381303e-40
"UBALD2",2.00814544725631e-44,-0.517554291793406,0.18,0.295,5.16334357398542e-40
"INTS10",2.55504958354891e-44,-0.377802586450458,0.253,0.391,6.56954348922096e-40
"DNAJC15",2.88409559058148e-44,-0.261913019983503,0.666,0.767,7.41558658250311e-40
"ZBED6CL",2.89128617742933e-44,-1.02217223594716,0.042,0.105,7.43407501940628e-40
"DNM2",2.96589840707069e-44,-0.511354397448894,0.203,0.323,7.62591798426017e-40
"GCH1",3.04058294395263e-44,-0.287405048554108,0.148,0.261,7.817946865491e-40
"TBC1D5",3.25037669743959e-44,-0.407746083224362,0.179,0.295,8.35736856445666e-40
"RP11-16E12.1",3.30771585309772e-44,-0.725867280291128,0.049,0.117,8.50479900148485e-40
"SKA1",3.76835105629194e-44,-0.694664459620228,0.108,0.201,9.68918423593785e-40
"GTF3C2",3.8831850785409e-44,-0.534591044552318,0.153,0.262,9.98444547394436e-40
"MYO19",4.04706321976294e-44,-0.541282002208856,0.191,0.309,1.04058089506545e-39
"BAG5",4.33736072588433e-44,-0.312826775076637,0.201,0.326,1.11522218983938e-39
"CRCP",4.49107968535895e-44,-0.555121091150001,0.196,0.32,1.15474640869949e-39
"CEP57",4.63335785561013e-44,0.967135601308722,0.471,0.396,1.19132897183448e-39
"TP53I13",5.72444011760883e-44,-0.333413550214582,0.268,0.422,1.47186804303958e-39
"TMEM214",6.40718493849313e-44,-0.534769169291287,0.258,0.385,1.64741539138535e-39
"APOA1",6.44427239502923e-44,1.45527108391448,0.881,0.959,1.65695131820992e-39
"C6orf62",6.45472917252313e-44,-0.268980445676994,0.476,0.61,1.65963996483915e-39
"GRPEL1",6.97248427130001e-44,-0.345802835085519,0.56,0.686,1.79276515583666e-39
"SSR4",7.00507214042056e-44,0.469827499416496,0.907,0.918,1.80114414874493e-39
"AGO1",7.028508670668e-44,-0.480750190443848,0.125,0.227,1.80717014940216e-39
"ZSCAN32",7.10018637532528e-44,-0.850345399841346,0.064,0.138,1.82559992082364e-39
"KBTBD2",7.15258752184433e-44,-0.479035313119605,0.153,0.263,1.83907330361661e-39
"PSMC3IP",7.1682333918996e-44,-0.739707715514374,0.088,0.172,1.84309616972523e-39
"TM2D1",7.31200010819307e-44,0.766938285985939,0.559,0.49,1.8800614678186e-39
"RNF44",8.23630129329226e-44,-0.455076961625177,0.14,0.244,2.11771778853131e-39
"GAA",8.63488607133135e-44,-0.379002026405222,0.385,0.538,2.22020190666072e-39
"NUDT12",8.64721832462976e-44,1.51646801575921,0.205,0.104,2.2233727756288e-39
"GLDC",9.12307871313751e-44,-0.388105977899837,0.159,0.271,2.34572599872192e-39
"GNPAT",9.29976127064034e-44,-0.374197925129178,0.455,0.599,2.39115461790704e-39
"COL4A1",1.09522261563463e-43,-0.283649762327919,0.044,0.108,2.81603638931976e-39
"IRGQ",1.11065954645301e-43,-0.730027449830066,0.061,0.135,2.85572782583997e-39
"MAP3K9",1.14541841720353e-43,-0.663919701501162,0.047,0.113,2.94509983431372e-39
"TMED4",1.19643072822139e-43,-0.345726022600902,0.551,0.665,3.07626268840284e-39
"SCAPER",1.21210440432678e-43,-0.487848999985477,0.163,0.275,3.11656284440502e-39
"HSPA4L",1.27924392828857e-43,-0.338096859422577,0.163,0.276,3.28919198841558e-39
"COG6",1.28797300748709e-43,-0.498495010333718,0.09,0.178,3.31163619685081e-39
"TAF4",1.2920861528123e-43,-0.513291023570384,0.086,0.171,3.32221191611099e-39
"SLC37A3",1.34559389874385e-43,-0.441396930415482,0.15,0.26,3.45979103245019e-39
"CHN1",1.36510476270088e-43,-0.504345331676014,0.045,0.11,3.50995736585651e-39
"PPP1R3G",1.45213433803878e-43,-0.545987537354807,0.061,0.135,3.73372780996532e-39
"IFI35",1.45451894106406e-43,0.787180477362085,0.532,0.478,3.7398591012639e-39
"PUS3",1.47512642129708e-43,-0.629922674417218,0.188,0.302,3.79284505443905e-39
"PIGX",1.6803341135446e-43,-0.498788790141627,0.216,0.342,4.32047507274589e-39
"SMARCA5",1.69355840890825e-43,-0.347277827431548,0.303,0.44,4.3544773809849e-39
"ZNF16",1.84089790048408e-43,-0.566907277660294,0.137,0.239,4.73331668172465e-39
"METTL2A",1.85863548136835e-43,-0.550481222481797,0.255,0.384,4.77892354969429e-39
"ALG3",1.87202973207608e-43,-0.323705989643183,0.587,0.72,4.81336284711403e-39
"SMPD4",2.12227962170309e-43,-0.711416169229104,0.139,0.239,5.456805363323e-39
"LRCH4",2.22170750136528e-43,-0.598125322631749,0.161,0.27,5.71245432751042e-39
"FANCD2",2.3027428335153e-43,-0.778479321478593,0.09,0.175,5.92081237353455e-39
"AP5S1",2.33347261716011e-43,-0.661035316362061,0.14,0.241,5.99982479324207e-39
"ZNF75A",2.33855596468214e-43,-0.488166461229044,0.165,0.275,6.01289509639072e-39
"ABHD15",2.34212908697454e-43,2.36850218171533,0.111,0.033,6.02208230842895e-39
"SCAF1",2.45191733202307e-43,-0.608745118830801,0.152,0.257,6.30436984409773e-39
"OXSR1",2.52870139280313e-43,-0.479462749369123,0.16,0.27,6.5017970211754e-39
"METTL1",2.54097792646192e-43,-0.497224935870286,0.216,0.337,6.5333624445189e-39
"SEC61A2",2.70605105802675e-43,-0.57359602178099,0.113,0.209,6.95779848039839e-39
"FKBP11",2.8864190583728e-43,1.2172458248916,0.587,0.554,7.42156068288815e-39
"NAT10",2.98452690642666e-43,-0.790551307832669,0.101,0.19,7.67381558180422e-39
"TUSC2",3.06051352650962e-43,-0.325538068752791,0.495,0.646,7.86919237936152e-39
"HJURP",3.07657404900276e-43,-0.586426634855826,0.089,0.174,7.91048719479589e-39
"GPATCH8",3.08330376915003e-43,-0.361380803474643,0.312,0.447,7.92779065123856e-39
"IL2RG",3.37418657093991e-43,1.13235994949705,0.184,0.084,8.67570851120071e-39
"BCLAF1",3.38078914050193e-43,-0.324548797876108,0.495,0.615,8.69268503805857e-39
"F3",3.57539550131643e-43,-0.376985351407467,0.059,0.132,9.19305691298482e-39
"CDKN1B",3.76743449699542e-43,-0.447490425033065,0.247,0.375,9.68682757867463e-39
"RPPH1",3.86517936814221e-43,-0.830647709004787,0.048,0.114,9.93814919136725e-39
"CDC37L1",4.12244667285912e-43,-0.339505996231441,0.341,0.484,1.05996348852554e-38
"CEBPD",4.22034159530409e-43,0.927698468470585,0.633,0.614,1.08513423098459e-38
"PARN",4.40344793194473e-43,-0.548179845634947,0.148,0.256,1.13221453226163e-38
"TNIP1",5.53331503711656e-43,0.960009278239865,0.491,0.441,1.42272596234341e-38
"ISOC1",5.89465817012718e-43,0.814439589960519,0.492,0.415,1.5156345087031e-38
"RNF213",5.95372492621212e-43,0.810539900867602,0.477,0.41,1.53082175302766e-38
"RP11-390F4.6",6.07910072934214e-43,-0.433117878319556,0.132,0.233,1.56305837952845e-38
"RDH13",6.59170916782564e-43,-0.603453797682355,0.125,0.224,1.69486026123133e-38
"RPRD1B",6.66408320668102e-43,-0.395365885013103,0.219,0.345,1.71346907410182e-38
"SOX13",6.73956303974685e-43,-0.585830835016936,0.099,0.19,1.73287644877971e-38
"LZTR1",6.84086473848136e-43,-0.961112768056521,0.061,0.132,1.75892314155833e-38
"SNAP47",6.93268170098288e-43,-0.471745809615974,0.331,0.466,1.78253111895672e-38
"TCF25",7.06110511269624e-43,-0.299570959636828,0.554,0.676,1.81555134657646e-38
"LINC00623",7.78195709691013e-43,1.96314497794073,0.134,0.049,2.00089680875753e-38
"KDM2B",7.83193472004059e-43,-0.715278385625707,0.095,0.183,2.01374705521684e-38
"POR",7.99948356274968e-43,0.588464978213701,0.694,0.682,2.0568272136542e-38
"ABCD1",8.23721947430895e-43,-0.681865809684711,0.088,0.173,2.11795387123432e-38
"ZCCHC7",8.83843974207774e-43,-0.483741282917429,0.249,0.375,2.27253962648303e-38
"AKAP8",9.32193081483506e-43,-0.555091982509857,0.159,0.266,2.39685485111039e-38
"KIAA1524",9.64037118020725e-43,-0.590322408213686,0.109,0.202,2.47873223785489e-38
"C8orf33",1.01039142900481e-42,-0.302643283066511,0.533,0.665,2.59791844225716e-38
"RXRA",1.1167579371997e-42,-0.496099432482355,0.311,0.438,2.87140800812786e-38
"ARRB1",1.23317717453422e-42,-0.652940289354904,0.075,0.154,3.17074515116239e-38
"LSM10",1.27075892136803e-42,0.743967546296711,0.574,0.533,3.26737533862148e-38
"FEM1B",1.27370324878046e-42,-0.41013395638722,0.233,0.359,3.27494579326431e-38
"SERINC2",1.35486934324857e-42,0.843383754081476,0.593,0.563,3.48364005536072e-38
"ZNF512B",1.36354478733496e-42,-1.09444270163609,0.064,0.137,3.50594635719565e-38
"C17orf100",1.38390007901012e-42,-0.885546504153543,0.045,0.109,3.55828388315083e-38
"GUK1",1.42396121014786e-42,0.558731981953666,0.853,0.903,3.66128906353217e-38
"THRB",1.47129322315895e-42,1.62466238929725,0.198,0.101,3.78298913538629e-38
"ZFYVE27",1.5464415160652e-42,-0.480693005665235,0.114,0.21,3.97621042610685e-38
"NARS",1.56534450649849e-42,0.614091843414768,0.68,0.66,4.02481379510891e-38
"VPS37C",1.70920446942313e-42,-0.758702511489187,0.11,0.202,4.39470653178076e-38
"SAFB2",1.71202359357468e-42,-0.364529557272045,0.331,0.471,4.40195506379922e-38
"RNF217",1.72509594137951e-42,1.75944686200825,0.158,0.067,4.43556668447499e-38
"UBL3",1.95266079791494e-42,-0.288981512285342,0.311,0.454,5.02068144359888e-38
"FTSJ3",1.95829264254716e-42,-0.473619854012892,0.3,0.435,5.03516204251726e-38
"ARHGEF40",2.07865606246987e-42,-0.328351144064965,0.151,0.262,5.34464046782254e-38
"MPHOSPH6",2.13026861999912e-42,-0.256684776273478,0.343,0.493,5.47734667574173e-38
"INSIG2",2.1537028460612e-42,0.959769912022389,0.453,0.364,5.53760075779255e-38
"SIRT7",2.19953852735787e-42,-0.320928497592198,0.308,0.463,5.65545346154256e-38
"ACACA",2.47775184475998e-42,-0.563756536028538,0.181,0.292,6.37079554324686e-38
"CCHCR1",2.51921771437656e-42,-0.40087769462479,0.21,0.331,6.47741258720502e-38
"SRI",2.72048296868712e-42,1.1406567540019,0.552,0.553,6.99490580908834e-38
"CUEDC1",2.72792676139924e-42,-1.05789579453942,0.053,0.119,7.01404528890971e-38
"POU2F1",2.78454779013674e-42,-0.473659143142358,0.15,0.256,7.15962927799958e-38
"MESP1",2.91198904692496e-42,-0.589994782556987,0.227,0.35,7.48730623745346e-38
"TMEM38B",3.18132193215174e-42,0.77164640672105,0.553,0.5,8.17981495194856e-38
"OFD1",3.37434613426827e-42,-0.359323177174147,0.261,0.393,8.67611878043056e-38
"BLM",3.92504638748641e-42,-0.79351132628958,0.048,0.112,1.00920792715051e-37
"SLC38A9",4.07235420509861e-42,-0.533453551587127,0.191,0.307,1.04708371321496e-37
"METTL4",4.08953674064231e-42,-0.494615716633558,0.11,0.203,1.05150168675395e-37
"LLNLR-245B6.1",4.35009784544042e-42,-0.314937831390094,0.386,0.532,1.11849715801964e-37
"RP11-379H18.1",4.72250323484559e-42,-0.920068499005363,0.062,0.134,1.2142500317435e-37
"GBE1",5.12620117718369e-42,1.14969098271416,0.36,0.259,1.31804884667747e-37
"LMBRD2",5.1313290110558e-42,1.57104491730513,0.165,0.074,1.31936731532267e-37
"MKRN1",5.34179135857751e-42,-0.311469047522051,0.421,0.58,1.37348139411745e-37
"USF2",5.81363485425435e-42,-0.379435063877833,0.308,0.447,1.49480179372588e-37
"CUL4A",5.85757497143668e-42,-0.389018572740854,0.29,0.423,1.5060996766558e-37
"DPY19L3",5.89401720141722e-42,-0.646903839536195,0.048,0.112,1.5154697028284e-37
"TTC5",5.8942006191771e-42,-0.421405931189387,0.11,0.204,1.51551686320282e-37
"FAM228B",5.97850957841635e-42,-0.63750284790684,0.085,0.167,1.53719438280241e-37
"ZNF248",6.09529653016785e-42,-0.741405807206831,0.081,0.161,1.56722264383676e-37
"PTPN1",6.10624122080886e-42,-0.362097065553016,0.256,0.384,1.57003674269437e-37
"GAGE12H",6.44834612949302e-42,6.05391377113397,0.118,0.041,1.65799875681524e-37
"MZF1",6.60695520425544e-42,-0.847984417812774,0.055,0.123,1.69878032211816e-37
"HNF4A",6.7482108150941e-42,0.877689101502245,0.509,0.437,1.735099964777e-37
"OGFR",7.01746963742642e-42,-0.388811167770213,0.361,0.51,1.80433179317508e-37
"VMP1",7.26165684414154e-42,0.512510148168927,0.747,0.741,1.86711720776567e-37
"ASH1L-AS1",7.5009404305864e-42,-0.988915255472421,0.045,0.108,1.92864180351238e-37
"EHBP1L1",7.84660084414257e-42,-0.666692530656683,0.06,0.131,2.01751800904594e-37
"CIPC",8.49292558704421e-42,-0.688605062208935,0.053,0.121,2.18370102694081e-37
"LINC00543",8.78367046598298e-42,-1.05575862578235,0.042,0.102,2.25845735021354e-37
"ADAMTSL3",9.92101289421678e-42,-0.572330558038777,0.041,0.103,2.55089083536102e-37
"FBRSL1",9.97398063301516e-42,-0.53469233000421,0.086,0.169,2.56450990036086e-37
"IQCE",1.13331423717229e-41,-0.575014914216839,0.083,0.164,2.9139775666174e-37
"METAP1D",1.17018788270075e-41,-0.481321772007188,0.103,0.192,3.00878708400017e-37
"LINC01224",1.1796689765639e-41,-1.38673969229531,0.046,0.108,3.03316487254111e-37
"RPP14",1.19099631637057e-41,-0.719096307170958,0.11,0.201,3.06228972865201e-37
"EPS8",1.19998985555037e-41,1.24048252521052,0.295,0.193,3.08541391659112e-37
"CDKN2A",1.21471529497893e-41,-0.411736012267544,0.365,0.509,3.12327596644981e-37
"OSBPL2",1.23678870976933e-41,-0.489847459778488,0.2,0.317,3.1800311305589e-37
"TMEM14B",1.36215174525137e-41,0.321997817551616,0.855,0.86,3.50236456739033e-37
"ITGB4",1.37907512872568e-41,-0.735660566687526,0.077,0.154,3.54587797097947e-37
"CHDH",1.42454369562699e-41,-0.423905330639416,0.244,0.374,3.66278675019611e-37
"NKIRAS1",1.42650253043427e-41,-0.46318775137028,0.206,0.323,3.66782330625258e-37
"PREB",1.43951674708743e-41,-0.373013099823956,0.355,0.498,3.70128546011121e-37
"NHLRC2",1.53797992314996e-41,-0.358780514088726,0.119,0.216,3.95445397840318e-37
"BBS7",1.59550319527186e-41,-0.545346358877888,0.14,0.241,4.10235781568301e-37
"RELN",1.8034729795763e-41,-1.0375094160094,0.08,0.157,4.63708972508659e-37
"HAUS2",1.88479843468185e-41,-0.512732438988535,0.164,0.273,4.84619373525398e-37
"PPOX",1.8977559262713e-41,-0.496264500399648,0.23,0.352,4.87951003762878e-37
"HS6ST1",1.98370691592006e-41,-0.66942022822096,0.069,0.144,5.10050722221365e-37
"MRPS5",2.01317542999638e-41,-0.282017094764704,0.62,0.727,5.17627666560668e-37
"GNL3L",2.05012517294089e-41,-0.523907704647709,0.072,0.148,5.2712818446656e-37
"ITGB5",2.12122030923694e-41,-0.290940393523603,0.225,0.35,5.45408165911002e-37
"PSRC1",2.27923735113651e-41,-0.670554526886945,0.088,0.17,5.8603750772422e-37
"RDH12",2.37226500269018e-41,2.36257744953285,0.121,0.042,6.09956777491699e-37
"SHD",2.37549861903598e-41,1.78913384760676,0.176,0.084,6.1078820492653e-37
"GPD2",2.4237085266774e-41,-0.400137398683071,0.089,0.174,6.23183936379294e-37
"OPN3",2.49714392354382e-41,-0.268527042343793,0.317,0.465,6.42065645621586e-37
"HAAO",2.59689902104543e-41,1.11994447521772,0.484,0.447,6.67714676291202e-37
"RP11-166P13.4",2.71749327346179e-41,-0.911820926099959,0.05,0.115,6.98721870472496e-37
"FAM213B",2.82194423289484e-41,-0.441088248813158,0.162,0.272,7.2557830116192e-37
"HNRNPLL",2.84582456413685e-41,-0.381058131035228,0.224,0.348,7.31718411930868e-37
"ZMPSTE24",2.93622476112905e-41,0.992176214255457,0.423,0.338,7.54962110581502e-37
"IGHG1",3.06847973636489e-41,3.39412634815899,0.395,0.346,7.88967509814141e-37
"SNHG9",3.33350328289041e-41,1.23236929605114,0.427,0.366,8.57110364096781e-37
"DSCR3",3.47214569187522e-41,-0.403245597439235,0.228,0.351,8.92758100294957e-37
"OXA1L",3.6730550855492e-41,-0.330544754261026,0.589,0.697,9.44415923596409e-37
"TIMM10B",3.68598739810795e-41,-0.409692072938264,0.372,0.515,9.47741079801515e-37
"HAUS6",3.82550383565445e-41,-0.428453594628297,0.156,0.264,9.83613546223471e-37
"SH2B1",3.91994421839179e-41,-0.4293455661054,0.106,0.197,1.0078960574329e-36
"TAPBP",4.0905045044021e-41,-0.281613247777796,0.655,0.744,1.05175051817187e-36
"PGAM5",4.17853930247896e-41,-0.632886603067227,0.117,0.209,1.07438602545339e-36
"CSNK1G1",4.35834736786831e-41,-0.511012368614626,0.113,0.207,1.1206182752263e-36
"AKAP7",4.54685762477075e-41,-0.393664256896453,0.165,0.275,1.16908803248106e-36
"EZH2",5.164590158947e-41,-0.456033837709026,0.185,0.3,1.32791942166845e-36
"CSGALNACT2",5.49129486942907e-41,-0.487472418246688,0.104,0.194,1.4119217368276e-36
"SLC20A1",5.75389843740266e-41,-0.262780960611145,0.274,0.405,1.47944236622497e-36
"ARHGAP4",6.14810786155149e-41,-0.557851489683987,0.112,0.203,1.58080149336212e-36
"SETMAR",6.18743643270231e-41,-0.952929703163533,0.067,0.14,1.59091365557642e-36
"SAR1A",7.11348660566181e-41,-0.288469054036693,0.624,0.731,1.82901967604776e-36
"BIRC2",7.59311595212116e-41,0.851463202642941,0.448,0.369,1.95234197360939e-36
"SNX27",7.99054666565363e-41,-0.380136100864981,0.316,0.453,2.05452935867286e-36
"DUSP11",8.20181184520899e-41,-0.340511571063157,0.284,0.415,2.10884986164013e-36
"RUBCN",8.34661022889485e-41,-0.770798741826536,0.075,0.151,2.14608042205344e-36
"GOLGA6L10",8.47995512733234e-41,-0.79882165130703,0.045,0.107,2.18036606233969e-36
"LRRC28",8.52101269591386e-41,1.00452342349253,0.398,0.316,2.19092278437337e-36
"HMGXB4",8.53693093345595e-41,-0.32321818214731,0.332,0.472,2.19501568161019e-36
"ADRBK2",8.63629843041772e-41,-0.994250609177124,0.044,0.105,2.220565052429e-36
"NOC2L",9.23125204926173e-41,-0.320384359218113,0.468,0.605,2.37353952690618e-36
"ABCA5",9.41541099784906e-41,1.18400374917524,0.29,0.19,2.42089047576695e-36
"C1QA",9.95473974539064e-41,0.575263020613668,0.598,0.574,2.55956268333484e-36
"PTCD3",1.01601357766852e-40,-0.393910567047211,0.308,0.443,2.6123741109013e-36
"DAZAP1",1.04746274233098e-40,-0.300434126375501,0.388,0.532,2.69323620308142e-36
"TMEM110",1.08414019205796e-40,1.69578549644781,0.183,0.091,2.78754126181944e-36
"FPGT",1.19265874473986e-40,1.53334274398089,0.178,0.085,3.06656416447512e-36
"JMJD1C",1.19412213790995e-40,-0.298335912264276,0.33,0.466,3.07032684099405e-36
"WASH1",1.24249063778747e-40,-0.345068184348236,0.301,0.432,3.19469192787915e-36
"ZNF567",1.24432058376462e-40,-0.540761324573531,0.091,0.175,3.19939708497559e-36
"LARS2",1.27552403293217e-40,-0.805848652107261,0.053,0.118,3.27962739347519e-36
"SP4",1.47992734743423e-40,-0.356777344615101,0.074,0.153,3.80518919572289e-36
"CASC3",1.66855844744813e-40,-0.400719803438794,0.28,0.412,4.29019748007863e-36
"FGFR4",1.6879910189682e-40,-0.476417617249634,0.353,0.483,4.34016250797104e-36
"COPG2",1.73379630298764e-40,-0.55138867456462,0.129,0.226,4.45793705424181e-36
"RAB29",1.75078800666695e-40,-0.39702516728304,0.326,0.456,4.50162612274206e-36
"PHLDA1",1.82768213856719e-40,0.879948324762214,0.392,0.296,4.69933631468397e-36
"MPC2",1.842050235165e-40,0.609732406367455,0.943,0.968,4.73627956465626e-36
"MPND",1.86089301030584e-40,1.65845251709234,0.166,0.077,4.78472810809838e-36
"CCDC138",1.90580978149279e-40,-1.02063327440988,0.08,0.157,4.90021811017426e-36
"METTL8",2.0413257278802e-40,-0.479586644025357,0.117,0.209,5.24865671152558e-36
"FLII",2.14671499288621e-40,-0.489194780773468,0.176,0.289,5.51963358970904e-36
"PEX26",2.14969925099633e-40,-0.413564907004195,0.154,0.259,5.52730671416176e-36
"ZUFSP",2.16884301276655e-40,-0.49362003818944,0.135,0.234,5.57652915442536e-36
"MASP1",2.25724026963848e-40,1.30464147675437,0.292,0.195,5.80381618129445e-36
"NCOA2",2.49938487731772e-40,1.38460472364136,0.286,0.194,6.42641839655932e-36
"ZBTB5",2.56491781733075e-40,-0.584934631142195,0.068,0.142,6.59491669192082e-36
"ZNF160",2.82452564709813e-40,-0.474927898164118,0.08,0.16,7.26242034381871e-36
"IDH3A",2.90251716359377e-40,-0.441945875734679,0.313,0.447,7.4629521310323e-36
"ACADSB",2.91847112405147e-40,0.968351860122294,0.432,0.344,7.50397295416114e-36
"BACE1",2.95274536850976e-40,-0.69929879318972,0.111,0.2,7.5920988915123e-36
"ABHD17C",3.144128064709e-40,-0.752665718697105,0.065,0.137,8.08418207997979e-36
"PITPNB",3.38356963176657e-40,-0.343659052847353,0.333,0.466,8.69983423719821e-36
"REV1",3.59850588233104e-40,-0.40702044451421,0.189,0.303,9.25247832464957e-36
"NIFK-AS1",3.6581930669804e-40,-0.697855251896332,0.103,0.19,9.40594601382e-36
"PLEKHG6",3.81292419904019e-40,-0.918682891359036,0.049,0.113,9.80379070057215e-36
"TGFBRAP1",3.912871400676e-40,-0.889945381741849,0.048,0.111,1.00607749454181e-35
"MORC2-AS1",3.92294378581412e-40,-0.864695516703972,0.073,0.148,1.00866730620853e-35
"TMEM183A",4.25116414080791e-40,-0.307639731918844,0.497,0.645,1.09305932388453e-35
"FXR2",4.34261280337973e-40,-0.649903122603402,0.082,0.162,1.116572604005e-35
"RP5-1148A21.3",4.40620526151552e-40,-0.841294958323398,0.046,0.108,1.13292349684087e-35
"ANXA2R",4.47964515705625e-40,2.34395404889163,0.103,0.03,1.1518063627823e-35
"NT5E",4.52215937262592e-40,-0.410054324254186,0.259,0.383,1.16273761788958e-35
"MT-ND6",5.38557089940912e-40,0.915668183000189,0.463,0.387,1.38473798965607e-35
"CHRNB1",5.40096506598816e-40,-0.543262347626391,0.095,0.18,1.38869613776688e-35
"TCF19",5.94353399707513e-40,-0.505609043791362,0.124,0.217,1.52820146132796e-35
"P4HTM",6.51246241331589e-40,-0.546514958264387,0.214,0.331,1.67448433571178e-35
"MED1",6.59122158010899e-40,-0.437776117784126,0.172,0.282,1.69473489267762e-35
"PPP2R2A",6.85330903160526e-40,-0.380334872399909,0.3,0.434,1.76212281820634e-35
"OSER1-AS1",7.00729662216878e-40,-0.564168524581021,0.129,0.224,1.80171610749204e-35
"PMVK",7.01349288731341e-40,0.571763460503582,0.671,0.691,1.80330929118602e-35
"AGO2",7.59452834649705e-40,-0.38026218688914,0.227,0.35,1.95270512845132e-35
"ARIH1",7.68708429642815e-40,-0.31733051702941,0.268,0.395,1.97650311429761e-35
"PARG",7.71707068744154e-40,-0.709662336895313,0.093,0.176,1.98421321515497e-35
"TAF6L",7.81284032900942e-40,-0.736013459224852,0.124,0.216,2.0088375053949e-35
"SLC4A4",7.95594463196198e-40,2.19566731076754,0.116,0.039,2.04563248377006e-35
"ZNF282",8.0789642023087e-40,-0.869582560087975,0.064,0.133,2.07726327569761e-35
"TRPV2",8.18396649756896e-40,-0.913510631516746,0.043,0.102,2.10426146585493e-35
"ORAOV1",8.5860444264387e-40,2.39397535180543,0.198,0.112,2.20764374292592e-35
"ZNF688",9.44012030642266e-40,-0.583434691348616,0.118,0.209,2.42724373318739e-35
"PLCD1",9.6035992218287e-40,-0.716627425745807,0.061,0.13,2.4692774319166e-35
"LUC7L3",9.71445240675246e-40,-0.3377997845308,0.573,0.671,2.49778000282419e-35
"DOCK5",1.02821751737409e-39,2.2289747093722,0.125,0.047,2.64375288067227e-35
"POC1A",1.03410164605023e-39,-0.581435049515156,0.145,0.245,2.65888215232435e-35
"LIPT1",1.07035469932557e-39,-0.699376770842569,0.095,0.179,2.75209600290591e-35
"KLHL5",1.25574703336596e-39,1.1558490583455,0.35,0.261,3.22877677219056e-35
"ZNF518A",1.27765759020367e-39,-0.375895537069297,0.231,0.352,3.28511319593167e-35
"AXIN1",1.30498063953573e-39,-0.647935209491946,0.089,0.17,3.35536622037426e-35
"ETV3",1.31188415749021e-39,-0.537745173260136,0.094,0.179,3.37311654573882e-35
"ALDH16A1",1.3304039962792e-39,-0.516911382794831,0.187,0.299,3.42073475523308e-35
"TFG",1.36408078783552e-39,-0.295952364626064,0.686,0.776,3.5073245216827e-35
"CCDC107",1.41165844504246e-39,0.687962731858082,0.6,0.578,3.62965619389316e-35
"ZNF211",1.41844170983881e-39,-0.868851501668682,0.047,0.108,3.64709732433754e-35
"HYAL1",1.56956319390282e-39,-0.404543538284551,0.345,0.482,4.03566088416294e-35
"LYRM5",1.63818521759395e-39,2.01496953903155,0.462,0.396,4.21210183147755e-35
"RNF123",1.7361105008886e-39,-0.478393817373361,0.108,0.198,4.46388731988478e-35
"DHX15",1.75592518368888e-39,-0.334147399572745,0.365,0.505,4.51483483230084e-35
"THOC1",1.84299190264433e-39,-0.347559659819554,0.216,0.338,4.73870078007909e-35
"TSTD3",1.90403169339164e-39,-0.758884316757952,0.068,0.141,4.89564629004859e-35
"ZNF599",1.97686366273714e-39,-0.698015335358972,0.073,0.148,5.08291184962972e-35
"RPS6KA3",2.0490779999402e-39,1.06596334240594,0.366,0.279,5.26858935344624e-35
"ANLN",2.36029434138975e-39,-0.645381751207481,0.088,0.168,6.06878881058133e-35
"QTRTD1",2.46286542727265e-39,-0.63212037727658,0.137,0.233,6.33251958660345e-35
"CYTIP",2.50835463229275e-39,1.28041270659835,0.143,0.057,6.44948143055112e-35
"DNAJB2",2.59170092291839e-39,-0.403369518066254,0.335,0.47,6.66378141300777e-35
"TMEM50A",2.60509108559612e-39,0.458715183305821,0.766,0.756,6.69821019928476e-35
"IGHMBP2",2.73653964957542e-39,-0.776434832131895,0.082,0.16,7.03619074698832e-35
"NAPB",2.76793593517345e-39,-0.533431281593697,0.089,0.17,7.11691687651798e-35
"PDCL",2.86546507402037e-39,-0.42940699096104,0.187,0.298,7.36768379832117e-35
"KDM5C",2.96043909333862e-39,-0.38603150375839,0.106,0.194,7.61188099679225e-35
"SYPL1",3.15327577027976e-39,0.538665300538602,0.721,0.708,8.10770266054332e-35
"FBXL5",3.29882464955009e-39,1.14652456590829,0.321,0.226,8.48193793892319e-35
"SAMSN1",3.40860604460615e-39,0.982601252656306,0.149,0.062,8.76420786189133e-35
"RCAN3",3.71148194102232e-39,-0.332923061110173,0.161,0.267,9.5429623667566e-35
"APITD1",3.7623221115258e-39,-0.486941634918728,0.21,0.326,9.67368261315514e-35
"HMG20A",3.78878458406902e-39,-0.40349626294541,0.151,0.255,9.74172292255825e-35
"CPQ",4.09493304302782e-39,0.782531019754371,0.537,0.49,1.05288918402331e-34
"SNHG21",4.35118024117024e-39,-0.434945408503844,0.121,0.215,1.11877546360969e-34
"NPL",4.43303347709163e-39,1.24315417519565,0.29,0.195,1.1398215676298e-34
"PPP2R2D",5.44435717667287e-39,-0.528646289271598,0.108,0.195,1.39985311726613e-34
"CCL4L2",5.55655722227915e-39,0.976990912825123,0.334,0.242,1.42870199299242e-34
"ZCCHC11",5.66957156387801e-39,1.12455523244655,0.393,0.314,1.45776024050431e-34
"FBXL17",6.30741833475614e-39,-0.542275429581045,0.124,0.217,1.6217634022325e-34
"SHROOM3",6.63965571947258e-39,1.67733808272059,0.175,0.087,1.70718827859079e-34
"INO80D",6.76617433786465e-39,-0.52386105683059,0.123,0.217,1.73971874575176e-34
"RB1CC1",7.15620426189098e-39,0.827307863384856,0.475,0.411,1.84000323981741e-34
"ACO2",7.16121288355943e-39,-0.356634988355619,0.477,0.607,1.8412910566208e-34
"MED10",7.61751717390623e-39,0.692351701752236,0.597,0.563,1.95861601575477e-34
"FAM168B",8.12381008471933e-39,-0.41696842346403,0.179,0.288,2.08879404898303e-34
"PLEKHA6",8.35430054457758e-39,-0.691633970130604,0.085,0.164,2.14805775602179e-34
"RASGEF1B",8.49315768706138e-39,1.25342980988212,0.151,0.066,2.18376070449722e-34
"RP11-796E2.4",9.1465200173246e-39,-0.793854440539118,0.055,0.121,2.3517532268545e-34
"ADRBK1",9.15900437070099e-39,-0.656581030767943,0.082,0.16,2.35496320379464e-34
"ESRRA",9.40230366093897e-39,1.1126347750389,0.321,0.228,2.41752031730063e-34
"SCN9A",9.59178981923376e-39,1.779274785214,0.152,0.068,2.46624099832138e-34
"CCDC85C",9.93921942060976e-39,-0.576392625263542,0.08,0.157,2.55557209742718e-34
"DRAM2",1.00100682299479e-38,0.793613770738003,0.51,0.445,2.57378874328421e-34
"RERE",1.04258290902176e-38,-0.402073077265167,0.205,0.32,2.68068917567676e-34
"TAOK1",1.06449906784971e-38,-0.383809362415968,0.269,0.394,2.73704000325518e-34
"N4BP1",1.0749350058112e-38,-0.487681854079797,0.075,0.15,2.76387288694175e-34
"COX15",1.116649286778e-38,-0.502077211224147,0.167,0.272,2.8711286461636e-34
"UTP18",1.15700011057449e-38,-0.367514498367866,0.426,0.571,2.97487868430914e-34
"RP1-198K11.5",1.29152350811692e-38,-1.08970903494216,0.059,0.125,3.32076524407023e-34
"PBXIP1",1.43770710147415e-38,-0.382171030946617,0.259,0.379,3.69663249931034e-34
"F2",1.52726966240184e-38,0.612935518710411,0.799,0.847,3.9269157559676e-34
"GMCL1",1.67720775823797e-38,-0.402012284885963,0.323,0.452,4.31243658798146e-34
"TCTN1",1.87271529842386e-38,-0.360677502591631,0.181,0.29,4.81512557530743e-34
"MTMR3",2.19811955017026e-38,-0.508328181631865,0.075,0.15,5.65180498739778e-34
"ANAPC10",2.22025789550586e-38,-0.358567222609754,0.297,0.425,5.70872710092467e-34
"TUBGCP4",2.25546439755224e-38,-0.705573565546774,0.116,0.205,5.79925005898633e-34
"GATA4",2.29395902806846e-38,-0.539920383616796,0.106,0.193,5.89822745296963e-34
"NCK2",2.33941193423079e-38,-0.345005426742386,0.086,0.167,6.01509596529419e-34
"ZXDC",2.35762410958973e-38,-0.618659339577125,0.074,0.148,6.06192311057712e-34
"FAM86C1",2.38094184494422e-38,-1.06708823594049,0.054,0.118,6.12187767172059e-34
"VWA8",2.43022201378339e-38,-0.637063633267315,0.07,0.143,6.24858684183986e-34
"TGFBR1",2.5440387117605e-38,-0.441472881518717,0.114,0.205,6.54123233567859e-34
"CTDP1",2.57369772115172e-38,-0.732225498189959,0.089,0.168,6.61749158062529e-34
"BCL2L11",2.63190867243398e-38,-0.407603244070424,0.147,0.247,6.76716357856225e-34
"FN3KRP",2.88607103879546e-38,-0.404024541608967,0.332,0.465,7.42066585495088e-34
"RP11-294J22.6",2.88990879418464e-38,-0.639643519401479,0.186,0.293,7.43053349160755e-34
"AIFM2",2.95624533312989e-38,-0.409414386045997,0.297,0.422,7.60109800054358e-34
"LRP1",2.98760380470018e-38,1.2345699308246,0.339,0.249,7.68172690264511e-34
"GTF3C1",3.18772753836574e-38,-0.396946137972478,0.102,0.188,8.19628504664599e-34
"LPCAT4",3.23016612571187e-38,-0.539598237528546,0.08,0.157,8.30540314243036e-34
"TIMP1",3.39611498363099e-38,0.824922699561476,0.524,0.792,8.73209084591201e-34
"GRSF1",3.41840699548161e-38,-0.403830129816949,0.404,0.541,8.78940806678231e-34
"STRBP",3.45006790201532e-38,-0.503213565736304,0.189,0.3,8.87081458966178e-34
"SLC43A3",3.53170078826568e-38,-0.251722549449348,0.331,0.47,9.08070906678871e-34
"MYNN",3.54623424381621e-38,-0.39086506714813,0.24,0.361,9.11807748770024e-34
"SETD1B",3.55877415346636e-38,-0.719710256399245,0.065,0.135,9.15032010339271e-34
"PNPLA4",3.97503923446521e-38,-0.366489774885329,0.351,0.485,1.0220620879657e-33
"GORASP1",4.10223301117785e-38,-0.677955199559803,0.105,0.19,1.05476615183405e-33
"SEC61A1",4.47156812914449e-38,-0.284368218620926,0.523,0.643,1.14972959736563e-33
"MARCH6",4.49867595801997e-38,0.767808575124433,0.528,0.478,1.15669956232609e-33
"PDE4DIP",5.02689445867251e-38,1.09296611698142,0.339,0.252,1.29251510321388e-33
"NDUFV3",5.05714232909506e-38,0.551642482202961,0.677,0.667,1.30029243565692e-33
"HGH1",5.53284831426725e-38,-0.706371813739051,0.119,0.208,1.42260595856439e-33
"NOL10",5.60604096925393e-38,-0.397175594799937,0.264,0.39,1.44142525401457e-33
"HTT",5.89413345072532e-38,-0.410506875401894,0.141,0.239,1.51549959285049e-33
"AKR7A2",6.14605909862505e-38,-0.281648509989299,0.57,0.729,1.58027471543847e-33
"ACOT8",6.55473649286522e-38,-0.41818450162291,0.401,0.533,1.6853538470455e-33
"AHI1",6.66011499302569e-38,-0.264749203267465,0.225,0.347,1.71244876700677e-33
"GREB1",6.70277889982531e-38,-1.25425368238165,0.046,0.105,1.72341851072308e-33
"ZNF618",6.79890830588114e-38,-0.638759893382874,0.093,0.174,1.74813530360816e-33
"GNA12",6.81960261991435e-38,-0.709668379038323,0.081,0.157,1.75345622563238e-33
"ZNF846",6.86907719090536e-38,-0.753492514777682,0.06,0.126,1.76617712732559e-33
"CCNT1",7.32844999567867e-38,-0.375272020364627,0.156,0.259,1.8842910628889e-33
"CPT1A",7.34636247088704e-38,-0.447690756554373,0.199,0.308,1.88889671851448e-33
"MLLT6",7.39274683358412e-38,-0.391219130142477,0.132,0.227,1.90082306585115e-33
"TBC1D31",7.70447937030925e-38,-0.755384650220778,0.079,0.154,1.98097573569391e-33
"KIF14",7.70638686000231e-38,-0.373901577988304,0.065,0.135,1.9814661894438e-33
"NUP188",8.40676662825176e-38,-0.783179403601406,0.083,0.159,2.16154783545609e-33
"PDXK",8.64514274382252e-38,0.844071359433023,0.376,0.292,2.22283910229165e-33
"CD2AP",8.89389510160861e-38,-0.334815116461605,0.305,0.432,2.28679830852561e-33
"FOXN2",8.91208383216517e-38,1.20105351070669,0.246,0.15,2.29147499492631e-33
"SLC25A53",9.23736113557482e-38,1.41058857471834,0.176,0.087,2.375110295179e-33
"PGBD2",9.55971332361848e-38,-0.48896128887386,0.076,0.151,2.45799348976878e-33
"TFAP4",9.58487050343858e-38,-0.640074225178057,0.117,0.205,2.46446190384413e-33
"SLC30A5",9.8375924509298e-38,-0.554303440549183,0.245,0.364,2.52944177098307e-33
"BCR",1.06060092285662e-37,-0.582556731373334,0.072,0.144,2.72701709284895e-33
"GOLPH3",1.18045127796136e-37,0.841813227813756,0.51,0.455,3.03517632589425e-33
"BCAS4",1.22752105202297e-37,-0.59558030799984,0.139,0.234,3.15620212896147e-33
"TMEM150A",1.23991712205438e-37,-0.386121303604929,0.334,0.47,3.18807490422622e-33
"KCNMB2-AS1",1.28185757228304e-37,-0.283043031947038,0.173,0.281,3.29591218985415e-33
"FAM63A",1.28963675733489e-37,-0.768786214418371,0.108,0.192,3.31591403045947e-33
"TRIAP1",1.29687161110417e-37,-0.326725891066169,0.53,0.647,3.33451628647104e-33
"NDEL1",1.30263424716621e-37,-0.398965203062811,0.132,0.228,3.34933317631377e-33
"PLA2G2A",1.32182678392061e-37,3.9385243942004,0.117,0.043,3.39868102681668e-33
"UBA5",1.33793179683716e-37,-0.435404944691014,0.324,0.457,3.44009023602771e-33
"CDK13",1.35424853496097e-37,-0.411184803798637,0.165,0.269,3.48204383309164e-33
"TMEM92",1.50505337090133e-37,-0.608053337130324,0.171,0.273,3.86979322726151e-33
"KIF12",1.54173630381772e-37,-0.519344313150764,0.146,0.244,3.96411238437611e-33
"APPL2",1.62051108596838e-37,-0.40377599179519,0.198,0.31,4.1666581042419e-33
"GPR137",1.64688943936687e-37,-0.385759253056015,0.304,0.435,4.23448212650009e-33
"RABL6",1.67042063831818e-37,-0.610082404166782,0.09,0.169,4.29498554524371e-33
"PLXNA3",1.72872456360869e-37,-0.519235429396332,0.057,0.122,4.44489659795067e-33
"ABLIM3",1.75145082141484e-37,1.92290895696247,0.116,0.041,4.50333035202184e-33
"NCAPH",1.81533470757576e-37,-0.613899595334778,0.089,0.167,4.66758860011878e-33
"TRRAP",1.8732629215316e-37,-0.399989706426828,0.071,0.144,4.81653362384204e-33
"PTPRC",2.10082406941928e-37,1.41625286118502,0.142,0.058,5.40163884729086e-33
"TRNT1",2.11838598270249e-37,-0.404129463295022,0.21,0.324,5.44679403872463e-33
"FAM118B",2.12577002068113e-37,-0.608418454745249,0.155,0.253,5.46577987717531e-33
"SCRIB",2.22220700326501e-37,-0.537658391393778,0.143,0.238,5.713738646795e-33
"GCLM",2.34951044015141e-37,0.904581532789007,0.542,0.515,6.04106124371731e-33
"GGA1",2.42422875774066e-37,-0.325962339638593,0.284,0.411,6.23317698190279e-33
"DAGLB",2.45604303793547e-37,-0.607080611015974,0.084,0.161,6.31497785913968e-33
"LRR1",2.47465066535029e-37,-0.308055271765561,0.154,0.257,6.36282179074866e-33
"SUPT6H",2.64244994245317e-37,-0.333634147010907,0.25,0.373,6.79426729203559e-33
"MRPL44",2.68762634531631e-37,-0.342812639842467,0.44,0.567,6.91042485907729e-33
"C1QB",2.69821599493674e-37,0.523165488558027,0.57,0.543,6.93765296618135e-33
"TBC1D8",2.70202689125783e-37,-0.618993790822581,0.06,0.126,6.94745154280213e-33
"DLG1",2.80094131220634e-37,-0.38519340793871,0.273,0.396,7.20178030194495e-33
"METTL22",2.81034017327294e-37,-0.603266234508475,0.116,0.204,7.22594665351937e-33
"VPS33B",2.96668676044605e-37,-0.866674250432792,0.068,0.137,7.6279449984589e-33
"AGAP1",3.01999028017563e-37,-0.516417822602278,0.048,0.109,7.76499900838758e-33
"IL1RN",3.14964437316579e-37,0.833166477726619,0.181,0.09,8.09836561228388e-33
"CDC42SE2",3.24517339754251e-37,0.928784761997153,0.391,0.299,8.34398983976131e-33
"PDIA5",3.39975931302361e-37,1.12412780011715,0.297,0.202,8.74146114564631e-33
"BORCS5",3.45164820507695e-37,-0.484499486478473,0.131,0.224,8.87487786489386e-33
"SLC22A18AS",3.63274769032917e-37,1.25865542104283,0.172,0.085,9.34052086137436e-33
"DMXL2",3.67016910209055e-37,-0.425179794375986,0.103,0.187,9.43673879529522e-33
"MYPOP",3.7774398622875e-37,-0.7999470342401,0.098,0.18,9.71255337391361e-33
"TAF2",3.8106769907032e-37,-0.322056348360515,0.238,0.356,9.79801267849608e-33
"LA16c-431H6.6",3.94756739376191e-37,-0.736234871777066,0.054,0.117,1.01499852828406e-32
"MAF",3.95447134735473e-37,-0.364368994222176,0.181,0.292,1.01677367283185e-32
"NRBF2",3.96269965077084e-37,-0.343499528626655,0.386,0.511,1.0188893342062e-32
"PRKAR2A",3.98378016639729e-37,-0.376353245379201,0.382,0.506,1.02430955638407e-32
"CROCC",4.09834238815577e-37,-1.19133579460771,0.051,0.111,1.05376579484261e-32
"FBXO48",4.18471728594741e-37,1.91808620557366,0.119,0.043,1.0759745085628e-32
"UBE3B",4.73984383762367e-37,-0.438295555566716,0.152,0.251,1.2187086475298e-32
"BLOC1S2",4.95304536358376e-37,-0.258683304359821,0.418,0.552,1.27352702388466e-32
"SRRM1",5.05124229681315e-37,0.518880195830411,0.69,0.648,1.2987754193566e-32
"TTK",5.21644810035439e-37,-0.576150259290231,0.089,0.167,1.34125313556312e-32
"RNPEP",5.35762026033593e-37,-0.409517403371136,0.372,0.511,1.37755132133757e-32
"KIF21A",5.39724724122117e-37,-0.398780116105935,0.347,0.469,1.38774021066279e-32
"PTDSS2",5.84040800445434e-37,-0.713405321506161,0.107,0.19,1.5016857061053e-32
"LMTK2",6.06125969344617e-37,-0.710549386892661,0.054,0.117,1.55847109237888e-32
"TMEM139",6.25180314701511e-37,1.7817471902818,0.128,0.05,1.60746362516052e-32
"BCL7A",6.58404614076166e-37,-0.490311670129886,0.156,0.257,1.69288994371264e-32
"ZCCHC2",6.88832574747697e-37,1.49172560471887,0.192,0.103,1.77112631619128e-32
"DXO",6.91248917174106e-37,-0.47425864816649,0.237,0.353,1.77733921583806e-32
"ACVR2A",7.26251692908914e-37,-0.484234840159374,0.078,0.154,1.8673383528074e-32
"TAB2",7.39941727271904e-37,-0.444347778572722,0.168,0.271,1.90253816916152e-32
"DESI2",7.41332485922074e-37,-0.343001070864531,0.289,0.42,1.90611408780284e-32
"RSAD1",7.75512863249826e-37,-0.498774783830981,0.23,0.348,1.99399867398795e-32
"AHR",7.8653073405614e-37,0.986631285258689,0.237,0.141,2.02232782340515e-32
"CLSPN",8.12442190850727e-37,-0.26530375850978,0.134,0.229,2.08895136111539e-32
"BTBD1",8.132709491488e-37,-0.502552725224455,0.119,0.208,2.0910822644514e-32
"ZBTB24",8.18534955133678e-37,-0.583266945408083,0.101,0.183,2.10461707663971e-32
"CUTC",8.20741115008426e-37,-0.333633572651187,0.272,0.398,2.11028955490966e-32
"RASSF8-AS1",8.27362761866863e-37,-0.90422418713805,0.079,0.152,2.12731513331208e-32
"UBXN6",8.96383681237599e-37,-0.343350113902848,0.326,0.458,2.30478172119811e-32
"PIK3C2A",8.99114611235024e-37,-0.311949152838352,0.189,0.299,2.31180348840749e-32
"ARMC8",1.0067927387857e-36,-0.349972177638868,0.264,0.389,2.5886654899658e-32
"TMPO-AS1",1.03739734369329e-36,-0.87504554606237,0.051,0.112,2.66735605010419e-32
"AGTRAP",1.05912114614583e-36,-0.345834277588662,0.344,0.473,2.72321229097015e-32
"DGAT2",1.06477192767357e-36,1.22479698991573,0.301,0.212,2.73774158043427e-32
"ERLEC1",1.22583676889804e-36,0.754629062946824,0.523,0.471,3.15187150019065e-32
"NUDT14",1.29371555799454e-36,-0.306668418660941,0.394,0.534,3.32640144271555e-32
"IGHM",1.42083617539212e-36,-0.393774446473659,0.082,0.157,3.65325397416821e-32
"NPAS2",1.48656097316361e-36,-0.633898583157348,0.065,0.134,3.82224557419827e-32
"GTF2A1",1.56278767713192e-36,-0.279544556373308,0.15,0.25,4.0182396754416e-32
"PLA2G4C",1.63163441893845e-36,1.60329937007124,0.154,0.071,4.19525841797456e-32
"RFX3",1.71944734968569e-36,-0.641661901607523,0.045,0.103,4.42104302551185e-32
"VPS26A",1.77267888353829e-36,-0.259030564050098,0.492,0.618,4.55791194535365e-32
"FBXW5",1.78155505496394e-36,0.789362667304134,0.555,0.54,4.58073435732327e-32
"SUPT7L",1.83115541899149e-36,-0.413213045865433,0.275,0.395,4.70826681331091e-32
"HTRA2",1.88292977686764e-36,-0.340856997053192,0.274,0.402,4.84138904228207e-32
"ESRP2",1.92331062632756e-36,-0.895204018995314,0.103,0.184,4.94521628241343e-32
"ENDOV",2.04906658263919e-36,-0.390766164012822,0.261,0.38,5.26855999728188e-32
"POLM",2.08122242509804e-36,-0.598273382496038,0.132,0.224,5.35123909941208e-32
"PPIL3",2.11228243187482e-36,-0.320642729288742,0.327,0.456,5.43110058883655e-32
"C10orf11",2.19186762353629e-36,-0.327345549698919,0.243,0.365,5.6357300336365e-32
"AFG3L2",2.22769135793753e-36,-0.375622949314107,0.345,0.474,5.72784001952899e-32
"NEDD4",2.28084976829001e-36,1.47576389182288,0.183,0.096,5.86452092422727e-32
"TTC39A",2.50490829606948e-36,-0.295251732096987,0.161,0.262,6.44062021085386e-32
"COL3A1",2.58595960522382e-36,-0.601653100791049,0.045,0.104,6.64901933695148e-32
"DZIP3",2.70191640357381e-36,-0.380864064140018,0.154,0.252,6.94716745686897e-32
"NTMT1",2.74068988533074e-36,-0.29750493569439,0.447,0.589,7.04686183316239e-32
"NAALADL1",2.98012272373964e-36,0.314275180384505,0.065,0.136,7.66249154727937e-32
"SLC39A9",3.01930919936394e-36,-0.348021538879535,0.181,0.289,7.76324781340457e-32
"BCAR3",3.08086045592585e-36,2.06669939443005,0.114,0.042,7.92150840427656e-32
"RMND5B",3.1712327409969e-36,-0.420371663931188,0.263,0.38,8.15387362365123e-32
"MX1",3.21619332375305e-36,-0.429978764469412,0.171,0.269,8.26947627403383e-32
"JADE1",3.28774237589175e-36,-0.454743253377326,0.169,0.27,8.45344319689287e-32
"GCN1",3.37579866540154e-36,-0.436481926981746,0.118,0.206,8.67985352848043e-32
"MLPH",3.378612697728e-36,1.7035680348733,0.144,0.064,8.68708896839824e-32
"NEK6",3.40603988480943e-36,-0.268066704148916,0.452,0.602,8.757609751822e-32
"KCTD17",3.62897336501989e-36,-0.780534302865887,0.074,0.145,9.33081631613915e-32
"DHX9",3.67738485886185e-36,-0.317781694403107,0.345,0.47,9.45529194910559e-32
"GDAP1",3.95189525445293e-36,-0.699664739333521,0.075,0.147,1.01611130782494e-31
"MRPS18C",4.09026962272211e-36,-0.267271728898929,0.59,0.717,1.05169012539431e-31
"ARMC10",4.24751737702766e-36,-0.321364716532119,0.43,0.571,1.09212166798135e-31
"GXYLT1",4.27730823436725e-36,-0.37571810678343,0.197,0.307,1.09978149322051e-31
"PPP1R2",4.40653757306982e-36,-0.289071852784025,0.488,0.62,1.13300894078771e-31
"TTPAL",4.6424186104397e-36,-0.331013481344648,0.15,0.248,1.19365867311626e-31
"RNF6",4.70454814739412e-36,-0.394703903922784,0.177,0.283,1.20963341965798e-31
"MTO1",4.85441566677625e-36,-0.53928704996388,0.195,0.299,1.24816735624151e-31
"C18orf21",5.09307650810194e-36,-0.484517036924271,0.232,0.344,1.30953183176317e-31
"TAOK2",5.13870626982547e-36,-0.498712326068022,0.09,0.168,1.32126415609752e-31
"CTNND1",5.14143774493657e-36,-0.334500761045961,0.319,0.441,1.32196647297809e-31
"C21orf91",5.15791315503923e-36,-0.475537533727304,0.075,0.148,1.32620263042369e-31
"SETDB1",5.15882968049272e-36,-0.571754015046071,0.128,0.217,1.32643828744829e-31
"CRTC2",5.16467623571801e-36,-0.468424280476239,0.148,0.244,1.32794155372781e-31
"PCK1",5.81574742226874e-36,1.22545202975757,0.614,0.644,1.49534497721374e-31
"THNSL2",6.01342689347978e-36,-0.446123912104585,0.211,0.323,1.54617232285152e-31
"TSEN54",6.04605230776328e-36,-0.379587504426303,0.25,0.372,1.55456096937209e-31
"ADH5",6.27859879092012e-36,0.537497992684798,0.73,0.752,1.61435332112138e-31
"TM7SF3",6.30733604972789e-36,-0.388270149397038,0.349,0.476,1.62174224510603e-31
"LIG3",6.32989376765e-36,-0.616409775685359,0.149,0.243,1.62754228553817e-31
"WDR53",6.42394196985791e-36,-0.722880173683196,0.091,0.168,1.65172395928986e-31
"PLPPR1",6.60113817220229e-36,1.5462497326647,0.13,0.052,1.69728464683665e-31
"KB-1732A1.1",6.84352059964511e-36,-0.71415601218572,0.086,0.162,1.75960601658075e-31
"CCDC47",6.97181063239048e-36,0.523104091179103,0.641,0.615,1.79259194980024e-31
"SLC37A4",7.12089375918697e-36,0.967934361135156,0.489,0.441,1.83092420336216e-31
"CCDC174",7.82181022489432e-36,-0.31760936365078,0.328,0.458,2.01114384502483e-31
"NAB2",8.29854858793073e-36,-0.649249231626195,0.109,0.192,2.13372281292875e-31
"DEPDC7",8.99450019118944e-36,1.59067252494715,0.148,0.067,2.31266588915863e-31
"TMEM70",9.04461036440931e-36,0.74836788508183,0.505,0.459,2.32555021689692e-31
"FAXDC2",9.43285981206745e-36,2.03098113306419,0.112,0.041,2.42537691487878e-31
"ADI1",1.13801376584776e-35,0.456294875103706,0.852,0.939,2.92606099474776e-31
"FBXL20",1.13871382939321e-35,-0.428526552534395,0.102,0.183,2.92786099813582e-31
"CYTH2",1.14071264425192e-35,-0.344075325450176,0.315,0.44,2.93300035090055e-31
"TBL1X",1.16608594547223e-35,-0.419290876556328,0.159,0.257,2.99824018299819e-31
"MCM2",1.20905213636178e-35,-0.587350647595501,0.141,0.232,3.10871485301341e-31
"PPM1H",1.22182407242058e-35,-0.467945071404057,0.049,0.109,3.14155405500781e-31
"PPP6R2",1.24643192172906e-35,-0.309574126338387,0.294,0.42,3.20482575714975e-31
"RNF146",1.29180029074777e-35,-0.356380297818448,0.249,0.368,3.32147690757067e-31
"USP14",1.42561189776152e-35,-0.344016782594968,0.402,0.533,3.66553331152442e-31
"ZNF276",1.43280906251261e-35,-0.55357258625972,0.071,0.14,3.68403866153243e-31
"RRAS2",1.51995231569309e-35,-0.335196988516004,0.284,0.414,3.90810139411008e-31
"ARHGAP11B",1.56408034023095e-35,-0.666996507408565,0.078,0.15,4.02156337080182e-31
"HSPA9",1.6132417212266e-35,0.427531804896071,0.786,0.795,4.14796711361782e-31
"KIAA0100",1.71246064082379e-35,-0.503208404572509,0.093,0.171,4.40307879968612e-31
"IGSF8",1.72078433126631e-35,0.929676313114671,0.428,0.368,4.42448067255193e-31
"SLC39A8",1.83894653625328e-35,0.918675916446754,0.223,0.129,4.72829933401442e-31
"TSPYL1",1.91057190592289e-35,-0.324524315017812,0.371,0.498,4.91246248450892e-31
"SFPQ",1.9355300443115e-35,-0.26589105114978,0.632,0.712,4.97663484993373e-31
"SERAC1",1.94625583402219e-35,-0.552057291887953,0.079,0.152,5.00421300043786e-31
"HTATSF1",2.12358865907182e-35,-0.333479983107378,0.405,0.538,5.46017116020546e-31
"SNX12",2.18940561201911e-35,-0.538249367430669,0.192,0.295,5.62939970962352e-31
"ADNP",2.45857977347965e-35,-0.282690085701467,0.316,0.443,6.32150031357087e-31
"PRKAG2",2.50099363013513e-35,1.29868835628571,0.244,0.155,6.43055482180345e-31
"SLC5A3",2.65545471642924e-35,-0.388152051158698,0.176,0.277,6.82770516688287e-31
"PTGES",2.82302567258768e-35,1.76884813751442,0.13,0.054,7.25856360935744e-31
"FAM216A",2.9281428468751e-35,-0.622428890866783,0.082,0.156,7.52884088788525e-31
"NCKIPSD",3.24461659822172e-35,-0.67781879916406,0.123,0.21,8.34255819734769e-31
"BCL9",3.33861203598895e-35,-0.579790507911371,0.083,0.158,8.58423926693478e-31
"ZFP14",3.55183642215299e-35,-0.378945753841771,0.096,0.176,9.13248180863976e-31
"TMEM9B",3.70293047269524e-35,-0.314966395106544,0.382,0.51,9.520974831394e-31
"ZNF316",3.93534368650758e-35,-0.337526419828235,0.076,0.149,1.01185556867483e-30
"HHLA3",4.07810282500719e-35,1.25952167974212,0.229,0.138,1.04856179836585e-30
"TARS",4.09410634861591e-35,0.871470765041339,0.482,0.432,1.05267662435612e-30
"IPO8",4.31008782711939e-35,-0.579216727178473,0.106,0.188,1.10820978210894e-30
"C9orf64",4.44562610547777e-35,-0.413363649915356,0.19,0.295,1.14305938424044e-30
"CDKN2C",4.50808798567055e-35,1.33072154625078,0.273,0.181,1.15911958287561e-30
"ATP6AP1",4.55674570114157e-35,-0.304703810658195,0.505,0.632,1.17163045467752e-30
"ZKSCAN8",4.72037176631499e-35,-0.508869742309606,0.064,0.131,1.21370198855491e-30
"DCBLD2",5.38779705082786e-35,-0.368823259019797,0.153,0.251,1.38531037770886e-30
"ZNF34",5.72123106978538e-35,-0.987250172260386,0.068,0.134,1.47104293266322e-30
"JAK1",6.18791502926671e-35,0.78478172093871,0.461,0.398,1.59103671232506e-30
"CPSF6",6.38379377085672e-35,-0.264173146831263,0.432,0.563,1.64140105436268e-30
"PIGH",6.45589775733886e-35,-0.303422986534793,0.315,0.446,1.65994043136697e-30
"SDAD1",6.65517826924757e-35,-0.350793843831095,0.362,0.491,1.71117943658893e-30
"TCEA3",6.75478873595108e-35,0.661028974788936,0.611,0.623,1.73679127978774e-30
"GLCCI1",7.37894817382955e-35,-0.488340504425794,0.065,0.133,1.89727515445505e-30
"GSTM4",7.92972611548556e-35,0.809283781826325,0.437,0.37,2.03889117881365e-30
"SLC44A1",8.1116059831863e-35,-0.365520092481811,0.369,0.491,2.08565613039686e-30
"AKT3",8.49019614916834e-35,-0.812028246775812,0.044,0.1,2.18299923387416e-30
"TOB1",8.61983337879692e-35,0.631344641170634,0.633,0.601,2.21633155835626e-30
"GKAP1",8.75530172379656e-35,-0.475842391315333,0.207,0.315,2.25116317922257e-30
"RNF4",8.79440002690518e-35,-0.402075263411434,0.234,0.346,2.26121613491786e-30
"CNOT8",8.84540029391361e-35,-0.298096863514144,0.21,0.323,2.27432932357107e-30
"TGM3",8.96675883361543e-35,2.20214506612707,0.101,0.034,2.3055330312992e-30
"ANAPC11",1.10003295005172e-34,0.291465575231406,0.918,0.95,2.82840472117297e-30
"SEPT6",1.14006828309342e-34,1.03403825561179,0.298,0.206,2.9313435694898e-30
"ERMP1",1.16706670954283e-34,-0.483623289133067,0.074,0.144,3.00076192357652e-30
"ASCC3",1.27076658957692e-34,1.26626524329946,0.284,0.196,3.26739505512018e-30
"SLC25A10",1.33084954536953e-34,1.06110822011485,0.395,0.336,3.42188035105414e-30
"MLST8",1.34888426060895e-34,-0.373813961952963,0.346,0.478,3.46825121087773e-30
"C1QC",1.35099009168285e-34,0.553026781385273,0.4,0.314,3.47366572373494e-30
"HEATR6",1.40919476352767e-34,-0.794200574519153,0.077,0.147,3.62332157598236e-30
"ETHE1",1.52640112697514e-34,-0.331090465062638,0.467,0.6,3.92468257767849e-30
"SRD5A1",1.58339283314544e-34,1.13811696623026,0.279,0.19,4.07121965258357e-30
"MGP",1.67282040137235e-34,0.355338228381689,0.076,0.15,4.30115581600859e-30
"CCDC122",1.77959564581927e-34,-0.685113033199784,0.049,0.107,4.5756963245305e-30
"CLCN2",1.79083799411489e-34,-0.987989852477633,0.051,0.11,4.60460265046821e-30
"ATP6V0A2",1.79981849043783e-34,-0.492575027354982,0.091,0.168,4.62769330261376e-30
"PIK3AP1",1.93969131298723e-34,-0.398796763783204,0.194,0.3,4.98733430395276e-30
"SEC11C",2.09436926600235e-34,0.387293386669205,0.816,0.83,5.38504225674524e-30
"NTAN1",2.26242025968811e-34,-0.430080802368813,0.248,0.363,5.81713497171007e-30
"C12orf73",2.38688822668768e-34,-0.416088018297012,0.26,0.375,6.13716700845936e-30
"TMEM127",2.40657530412881e-34,-0.442835507136697,0.165,0.264,6.187786421976e-30
"B3GNT5",2.53933259281291e-34,1.48478801326136,0.223,0.141,6.52913196264057e-30
"FAM136A",2.60844667303223e-34,-0.265150447031332,0.561,0.678,6.70683808570048e-30
"RRAGB",2.74379325528301e-34,-0.647965053054295,0.085,0.159,7.05484121798368e-30
"HLA-DQB1",2.95024076243505e-34,1.02741607955154,0.416,0.355,7.58565904837301e-30
"UBL7-AS1",3.10669859776648e-34,-0.65870415282208,0.076,0.146,7.98794343457719e-30
"ITPKC",3.11463553553311e-34,-0.657050432410832,0.064,0.128,8.00835088896274e-30
"ALAD",3.19336612349969e-34,1.0729021157488,0.321,0.238,8.21078297674239e-30
"C16orf52",3.19715986846016e-34,-0.533283188990046,0.071,0.14,8.22053745378477e-30
"C12orf76",3.26477577492458e-34,-0.336102265870406,0.17,0.271,8.39439147248608e-30
"CMAS",3.43256678180846e-34,-0.328449026873332,0.424,0.554,8.82581570938592e-30
"FABP6",3.70515812577266e-34,2.35328738513052,0.117,0.047,9.52670257298666e-30
"CCDC34",3.81010144634752e-34,-0.269277911203182,0.414,0.55,9.79653283884875e-30
"GSK3B",3.93610108626488e-34,-0.419217863274918,0.27,0.388,1.01205031130042e-29
"ZNF131",3.93769578186781e-34,-0.302949459613392,0.302,0.426,1.01246033943385e-29
"TP53INP2",3.95768540678444e-34,-0.418768203365007,0.129,0.218,1.01760007179242e-29
"C2orf74",4.2944973455828e-34,1.31891162505445,0.173,0.089,1.10420115749625e-29
"UBE2M",4.39942641865073e-34,-0.319067170377378,0.221,0.332,1.13118052076348e-29
"UCP2",4.49811401545734e-34,0.918595613916306,0.188,0.099,1.15655507565439e-29
"UBA7",4.59828233428587e-34,1.6618342084322,0.124,0.05,1.18231035379158e-29
"NHSL2",4.76243345484329e-34,-0.480076841311154,0.085,0.158,1.22451688990931e-29
"FBXO6",4.92614555465388e-34,0.924911000684553,0.317,0.225,1.26661054501261e-29
"RGMB",5.11455232520177e-34,-0.845648286010994,0.058,0.12,1.31505369385588e-29
"CLCC1",5.13312115506349e-34,1.1721555355449,0.206,0.119,1.31982811138993e-29
"BCL6",5.35669946669827e-34,1.43254384607823,0.157,0.077,1.37731456687746e-29
"ZSCAN29",5.51285990170383e-34,-0.636193474762886,0.076,0.145,1.41746653792609e-29
"RABEP2",7.26622350456448e-34,-0.695875329832054,0.088,0.161,1.86829138749362e-29
"CXorf56",7.53251613277017e-34,-0.451024542764691,0.143,0.236,1.93676054805787e-29
"SLC27A4",7.78269551248622e-34,-0.699372877858761,0.096,0.172,2.00108667017046e-29
"HOMER2",7.83935879746045e-34,-0.493992045249274,0.148,0.242,2.01565593400303e-29
"LEMD3",7.85861447184128e-34,-0.287576396164333,0.094,0.172,2.02060695299983e-29
"CREB3L4",8.09845406004161e-34,-0.525733220774759,0.163,0.258,2.0822745079179e-29
"TXNRD1",8.788297030688e-34,1.02359229219915,0.526,0.496,2.2596469325305e-29
"RNF181",8.8782332946328e-34,0.326494763167882,0.842,0.859,2.28277134471599e-29
"SHPRH",9.0904625444216e-34,-0.460351111632919,0.158,0.254,2.33733972942168e-29
"MTBP",9.92468718183694e-34,-0.834835086860933,0.05,0.107,2.55183556819391e-29
"POLR2L",1.03067214812669e-33,0.26135125245598,0.959,0.97,2.65006422726336e-29
"NSFL1C",1.10433178344642e-33,-0.270605538434048,0.58,0.7,2.83945788159744e-29
"CTNNBIP1",1.22817656246588e-33,-0.359301883943141,0.282,0.409,3.15788757741226e-29
"ENTPD3-AS1",1.26178221741229e-33,0.933657691281507,0.314,0.223,3.24429443741048e-29
"SLC30A7",1.30574319920717e-33,1.06408131984119,0.28,0.191,3.35732691380148e-29
"CWC25",1.32343841111379e-33,-0.315858180967647,0.319,0.443,3.40282484265577e-29
"VASN",1.36368869582536e-33,-0.527842457443181,0.101,0.182,3.50631637470616e-29
"EMC3",1.41981615490119e-33,0.48942220905638,0.71,0.709,3.65063129748195e-29
"PDE8A",1.58421596272998e-33,-0.252634045439552,0.161,0.261,4.07333608337133e-29
"SPEF2",1.8578692623163e-33,-0.788462011828029,0.049,0.107,4.77695344726767e-29
"DDX39B",1.99029369742966e-33,-0.378908406424728,0.135,0.226,5.11744315483115e-29
"NCLN",2.08351556047324e-33,-0.475743700580415,0.255,0.372,5.35713520908879e-29
"NDUFS5",2.10604651989854e-33,0.364258670454324,0.909,0.942,5.41506681196312e-29
"CTB-171A8.1",2.39867309840011e-33,-0.534964584001502,0.095,0.173,6.16746827060635e-29
"NUDC",2.39885834664003e-33,0.353688108552034,0.851,0.866,6.16794458088085e-29
"GCAT",2.45669848516328e-33,0.811666811250098,0.478,0.438,6.31666314505183e-29
"DERL3",2.57941536400284e-33,1.97489979879652,0.118,0.048,6.6321927839241e-29
"ZNF268",2.68533993215615e-33,-0.449551050150805,0.109,0.19,6.90454603355991e-29
"COBL",2.72293233978771e-33,-0.368302657144453,0.147,0.241,7.00120363206215e-29
"AC079922.3",2.95709795413179e-33,-0.830454252853862,0.056,0.116,7.60329025966366e-29
"DHCR24",3.02692498382817e-33,0.537920399952485,0.691,0.685,7.78282951841898e-29
"PPP3CB",3.09180230960143e-33,-0.450132168652269,0.17,0.267,7.94964209844718e-29
"ARIH2OS",3.10941763860056e-33,-0.581490041139207,0.054,0.114,7.99493463236975e-29
"SNX21",3.2475522659616e-33,-0.729146652803589,0.099,0.175,8.35010638624047e-29
"RIN3",3.35019960958962e-33,-0.610533670510928,0.048,0.105,8.61403323617682e-29
"ZC3H3",3.59733057095129e-33,-0.596979303921966,0.164,0.258,9.24945636402997e-29
"DHX30",3.60679709439185e-33,-0.31707501735873,0.408,0.531,9.27379668910033e-29
"GRAMD3",3.629703686968e-33,1.41671125847109,0.119,0.048,9.33269411993212e-29
"STAG3",4.28551702713127e-33,-0.594120386794712,0.047,0.103,1.10189213801599e-28
"ZNF598",4.46336723881982e-33,-0.688709673084992,0.101,0.177,1.14762098444535e-28
"CYP7B1",4.69022328096522e-33,1.73702036791605,0.117,0.047,1.20595021000178e-28
"ADAL",5.20085280911319e-33,-0.402058482329802,0.179,0.279,1.33724327427918e-28
"ZNF606",5.29616335799138e-33,-0.780368606568499,0.05,0.108,1.36174952260674e-28
"PPARG",5.53759344528285e-33,1.09758547043948,0.241,0.152,1.42382602665113e-28
"HTATIP2",5.53866660864303e-33,0.523486639990721,0.678,0.687,1.4241019584143e-28
"NUP58",5.75083685229841e-33,-0.307150231823239,0.182,0.284,1.47865517146297e-28
"CRBN",6.48464770197626e-33,-0.389448347768442,0.362,0.483,1.66733261713214e-28
"C5orf51",6.72990179390388e-33,1.22698259958167,0.207,0.122,1.73039234924856e-28
"CPSF2",6.9356237672029e-33,-0.286197761604177,0.219,0.329,1.78328758302321e-28
"ERCC2",7.03486604649142e-33,-0.441986136369233,0.132,0.219,1.80880475787387e-28
"PLEKHH3",7.94493549634002e-33,-0.480218556889789,0.095,0.171,2.04280181481895e-28
"LIPG",8.19141266433826e-33,1.69008269583589,0.232,0.153,2.10617602425465e-28
"ZNF514",8.43663448702477e-33,-0.423590418720985,0.096,0.172,2.16922745930381e-28
"PTPN21",9.29252024118534e-33,-0.487164120624398,0.045,0.101,2.38929280441358e-28
"MYRF",9.71412055202753e-33,-0.477909448463505,0.063,0.126,2.49769467633732e-28
"TMEM55B",9.76496025282303e-33,-0.364605004117245,0.254,0.373,2.51076658020586e-28
"POFUT1",9.78249701424731e-33,-0.518714711224544,0.152,0.244,2.51527563230327e-28
"ZBED5-AS1",9.88825915870268e-33,1.14338355638806,0.223,0.134,2.54246919488563e-28
"ETFDH",1.09967633997871e-32,1.09325102268625,0.283,0.195,2.82748780535327e-28
"AP3S1",1.09984553443637e-32,0.453662670493132,0.748,0.749,2.82792283814279e-28
"SMG7",1.14211930820974e-32,-0.360761548463828,0.213,0.321,2.93661716526889e-28
"HEXA",1.18092999583174e-32,0.553034887985308,0.634,0.622,3.03640720528257e-28
"SHF",1.40626820046463e-32,-0.795997839653832,0.078,0.145,3.61579679703465e-28
"SHE",1.54347679810014e-32,-0.3876303960753,0.058,0.121,3.96858754327509e-28
"FH",1.58571874588913e-32,0.769938211034822,0.592,0.579,4.07720003943014e-28
"NTPCR",1.67332652094936e-32,-0.264126634372746,0.506,0.639,4.302457150665e-28
"TRIM5",1.72000451176833e-32,1.5418512128126,0.127,0.054,4.42247560065874e-28
"MORC4",1.75560787865823e-32,-0.579291816561525,0.123,0.207,4.51401897760604e-28
"AAED1",1.78316438923177e-32,-0.399459663489754,0.254,0.368,4.58487227759271e-28
"RABEP1",1.92724844993598e-32,-0.356504157116367,0.163,0.26,4.95534121447539e-28
"DENND4B",2.06292289350534e-32,-0.283587660312555,0.088,0.162,5.30418734378094e-28
"POGK",2.07591494839213e-32,-0.37140977421692,0.21,0.316,5.33759251530583e-28
"RAB5A",2.11341835067613e-32,-0.274415945271888,0.404,0.532,5.43402126325846e-28
"AMDHD1",2.12531947494388e-32,1.10613451915318,0.278,0.192,5.4646214339757e-28
"STARD3",2.13486843448808e-32,-0.35180439453967,0.357,0.481,5.48917371875576e-28
"FAM200A",2.18877429464636e-32,-0.574524290618112,0.064,0.127,5.62777646639471e-28
"ZNF791",2.32214270722262e-32,-0.296104429254927,0.159,0.255,5.9706933288108e-28
"TP53BP1",2.32372040866503e-32,-0.377588535066171,0.096,0.172,5.97474991475954e-28
"STXBP4",2.33403623671739e-32,-0.436981507299579,0.065,0.129,6.00127397184775e-28
"WHSC1",2.37579646363718e-32,-0.35402452150003,0.169,0.267,6.10864786730391e-28
"ARMC5",2.4603405936994e-32,-0.580811475716446,0.055,0.114,6.32602773451991e-28
"ABCF2",2.6438280422515e-32,-0.352447703578286,0.275,0.393,6.79781066223705e-28
"DENND5B",2.88247951000603e-32,-0.374636594994735,0.128,0.215,7.41143131612751e-28
"SFI1",2.99529902441043e-32,-0.474528941252923,0.063,0.126,7.70151285156409e-28
"CCNG2",3.1455565183864e-32,-0.412482994022535,0.12,0.205,8.08785492007511e-28
"GYG2",3.16618441892066e-32,-0.896877369550482,0.054,0.112,8.14089337792881e-28
"MLX",3.18268602755757e-32,0.671096340594898,0.513,0.472,8.18332231405602e-28
"GTPBP8",3.37550259282461e-32,-0.419723108601442,0.198,0.299,8.67909226667065e-28
"EPN2",3.59475998944915e-32,-0.576486683114714,0.073,0.141,9.24284688487165e-28
"ADCY6",3.95935706446687e-32,-0.578644579429506,0.055,0.114,1.01802988841572e-27
"TIMM23B",4.20085890710128e-32,-0.484425154603591,0.076,0.145,1.08012484219388e-27
"MBTD1",4.51702120368374e-32,-0.418796737201324,0.087,0.159,1.16141649189116e-27
"MLH1",4.87655020139934e-32,-0.444148937609653,0.182,0.28,1.2538585877838e-27
"TESK1",5.12158564873606e-32,-0.504509890774894,0.086,0.158,1.31686210200302e-27
"AGPAT4",5.18624551794188e-32,-0.44506281676018,0.089,0.163,1.33348744757322e-27
"PCYT2",5.50812438979451e-32,0.844687306247695,0.52,0.531,1.41624894310396e-27
"PTPRJ",5.69611871181956e-32,-0.499854528506073,0.091,0.165,1.46458604318305e-27
"MBOAT7",7.22011717729368e-32,-0.313522396722167,0.324,0.445,1.85643652862575e-27
"RAB3IL1",7.24891785477357e-32,-1.03717419235336,0.069,0.132,1.86384175881938e-27
"ZNF595",7.40576473728852e-32,-0.568017572959611,0.095,0.169,1.90417022925162e-27
"FYTTD1",7.90132652033699e-32,-0.294998534565954,0.382,0.507,2.03158907490905e-27
"TMED8",8.02220834339441e-32,-0.456610069005886,0.053,0.111,2.06267020925357e-27
"PEMT",8.09307823746971e-32,0.964062826977299,0.331,0.246,2.08089227641821e-27
"NDC80",8.31769176697481e-32,-0.31812573114069,0.112,0.192,2.13864490712456e-27
"ATP5H",8.53077662202918e-32,0.309965831393243,0.891,0.923,2.19343328505614e-27
"IL4R",8.80231058442631e-32,-0.256085360608278,0.119,0.204,2.26325009746769e-27
"RBBP4",8.90899285959475e-32,0.675718427260237,0.592,0.551,2.290680244059e-27
"VTI1A",9.18330140707785e-32,-0.401097124708336,0.109,0.188,2.36121045778786e-27
"SPRTN",9.3959218474243e-32,-0.457884699515465,0.182,0.281,2.41587942540974e-27
"ATXN2L",9.53989299492741e-32,-0.435455092588326,0.174,0.271,2.45289728685574e-27
"LYST",1.03578136153352e-31,1.18428695753146,0.192,0.108,2.66320103677499e-27
"MGST2",1.0840779446251e-31,0.477084855670985,0.764,0.769,2.78738121122006e-27
"URB1",1.10320630301794e-31,-0.703365720378262,0.059,0.119,2.83656404631973e-27
"PRMT9",1.24406417706071e-31,-0.462799285804401,0.098,0.173,3.19873781205851e-27
"SAP130",1.28828646684624e-31,-0.703963581033932,0.079,0.147,3.31244216355504e-27
"PARP16",1.32080393831238e-31,-0.626391813469356,0.089,0.162,3.3960510861888e-27
"MUC15",1.36297568765288e-31,-0.509147673422024,0.064,0.127,3.50448308809308e-27
"SCAMP1-AS1",1.4466920923909e-31,-0.604871271735368,0.071,0.136,3.71973470795548e-27
"MPST",1.48985803834657e-31,0.499589204816083,0.788,0.826,3.83072298819669e-27
"PARP3",1.51212382722645e-31,-0.545277640571413,0.094,0.168,3.88797278456465e-27
"EP400NL",1.58566577287972e-31,-0.513149843480071,0.105,0.183,4.07706383522834e-27
"SLC25A33",1.59146351766007e-31,1.06140593429844,0.507,0.516,4.09197099660756e-27
"RASSF1",1.65427409248881e-31,-0.379305320670781,0.185,0.283,4.25346954660723e-27
"TBX15",1.66326266500882e-31,2.30449729451471,0.106,0.042,4.27658096427067e-27
"TMEM177",1.66370734961851e-31,-0.443507251056,0.23,0.338,4.27772433733911e-27
"ZNF559",1.83151059862431e-31,-0.514238548190272,0.077,0.143,4.70918005118282e-27
"RHOB",1.9029031087884e-31,0.600175196381369,0.816,0.85,4.89274447331674e-27
"ETV6",1.98392606958254e-31,-0.516166430064642,0.067,0.131,5.10107071011061e-27
"FBXO45",2.05422867367918e-31,-0.30323317660648,0.136,0.222,5.28183276576391e-27
"RP11-10L12.4",2.24267988843002e-31,-0.914569692390621,0.057,0.114,5.76637852913127e-27
"SERPINA6",2.44975212774283e-31,0.720318088699446,0.724,0.713,6.29880267085236e-27
"UBTF",2.53455340345296e-31,-0.28784249982905,0.284,0.399,6.51684371095826e-27
"RP11-111M22.3",2.57604175113254e-31,-0.557775941277477,0.091,0.163,6.62351855051199e-27
"SPTY2D1",2.64852705796741e-31,-0.311351805612569,0.245,0.358,6.8098927714458e-27
"SMG5",2.72179621501158e-31,-0.384997405966159,0.186,0.285,6.99828242803779e-27
"SUSD4",2.78300427038746e-31,1.91504721788781,0.208,0.134,7.15566058002023e-27
"SLC30A6",2.84146509318337e-31,-0.452970114976559,0.119,0.201,7.30597504759307e-27
"DDX46",2.85776208647255e-31,-0.287518790887087,0.558,0.656,7.34787787673823e-27
"BRI3",3.53291836461205e-31,-0.252207954508001,0.539,0.654,9.08383969909051e-27
"CADM1",3.80201530006447e-31,0.912078904107491,0.502,0.473,9.77574173952576e-27
"ASB6",3.9450424410741e-31,-0.802426086013337,0.09,0.161,1.01434931244897e-26
"TMEM120B",4.02105852219174e-31,-0.633837071706135,0.089,0.16,1.03389456722594e-26
"MAN2A2",4.04722462079416e-31,-0.368441648618284,0.088,0.161,1.04062239449859e-26
"TWSG1",4.07621458654864e-31,-0.647311323599895,0.065,0.128,1.04807629449339e-26
"MAP3K11",4.18999948123062e-31,-0.348474808905489,0.328,0.451,1.07733266661402e-26
"NUP205",4.33989792661092e-31,-0.439222999424456,0.096,0.169,1.1158745548902e-26
"SNX18",4.40396269525683e-31,-0.394807803492212,0.174,0.271,1.13234688820444e-26
"CTNS",4.42422190893431e-31,-0.634130959872229,0.073,0.138,1.13755593722519e-26
"RP11-30J20.1",4.54792922243735e-31,-0.96195902236976,0.063,0.122,1.16936356167309e-26
"SLCO2B1",4.62530182268012e-31,0.934566641111175,0.237,0.152,1.18925760464751e-26
"FUT8",4.86550711184529e-31,-0.35700104639935,0.057,0.117,1.25101918859766e-26
"ZNF343",5.01857386393641e-31,-0.661375963731165,0.052,0.108,1.29037571189533e-26
"MTSS1L",5.18059994250078e-31,-0.44315909694983,0.121,0.203,1.3320358572158e-26
"ZNF212",5.24085563194044e-31,-0.600915694988789,0.095,0.168,1.34752880008453e-26
"ZNF445",5.40787588337053e-31,-0.580248565119271,0.074,0.14,1.39047304713223e-26
"RAB4B",5.71929220686992e-31,1.05388361584232,0.276,0.191,1.47054441223039e-26
"IKBIP",5.81178271845115e-31,-0.344947194145921,0.219,0.327,1.49432557256816e-26
"NCOA1",5.86519162687781e-31,-0.341658074988229,0.149,0.24,1.50805807110282e-26
"AMMECR1L",5.99626377829478e-31,-0.718369591190439,0.061,0.12,1.54175934267515e-26
"USP19",6.10284471844226e-31,-0.253219828355535,0.098,0.174,1.56916343400587e-26
"KIF13A",6.95204629569146e-31,-0.317938531056395,0.136,0.222,1.78751014354819e-26
"FUBP1",6.99283520927538e-31,0.95076931951476,0.35,0.27,1.79799778900889e-26
"INTS5",7.04736171366625e-31,-0.75544982574189,0.094,0.165,1.81201764381786e-26
"ATG13",7.44150552496799e-31,-0.521062558541439,0.166,0.258,1.91335990057977e-26
"AP1M1",7.46080921335061e-31,-0.294197448692286,0.311,0.437,1.91832326493671e-26
"APOPT1",8.10451316316571e-31,-0.266032384435475,0.466,0.587,2.08383242451317e-26
"SLC7A6",8.3965890541958e-31,-0.584110486964557,0.05,0.105,2.15893097761482e-26
"NACC2",8.41030856165039e-31,-0.333509582317493,0.104,0.181,2.16245853737155e-26
"ICE2",8.72700742772788e-31,-0.289616937897879,0.2,0.302,2.24388814981739e-26
"FZR1",8.86875080156543e-31,-0.441066279068456,0.139,0.226,2.2803332060985e-26
"SLC35E3",9.5493788908802e-31,-0.305036614714751,0.302,0.417,2.45533630042312e-26
"BOLA3",1.00411419029695e-30,0.553903546283594,0.691,0.683,2.58177840609151e-26
"CCDC97",1.01612225986169e-30,-0.512985112439683,0.14,0.225,2.61265355455637e-26
"LDLR",1.03308438016592e-30,-0.309250462531647,0.366,0.478,2.6562665582826e-26
"AP1B1",1.05252087481474e-30,-0.326782545558629,0.229,0.336,2.70624167332366e-26
"E2F3",1.07043848186597e-30,-0.457951378264251,0.132,0.216,2.75231142457379e-26
"MACROD1",1.10549074854787e-30,1.0461858404549,0.296,0.22,2.84243781266627e-26
"RNF168",1.14127880431137e-30,-0.282528355921831,0.279,0.394,2.93445606164539e-26
"PHACTR1",1.15243137082006e-30,-0.508555747149189,0.047,0.101,2.96313154065254e-26
"SS18",1.15892226131017e-30,-0.302022775699857,0.279,0.394,2.97982091828071e-26
"FIGNL1",1.22675898480511e-30,-0.455958713913092,0.072,0.138,3.15424270173089e-26
"TACC2",1.22887986751048e-30,-0.571330217352842,0.111,0.188,3.15969591534295e-26
"CBL",1.24023089001997e-30,-0.548357006956021,0.056,0.114,3.18888166441934e-26
"PPP1R10",1.3008517965183e-30,-0.372217154561068,0.293,0.409,3.34475013920784e-26
"RBAK",1.33122331649347e-30,-0.598570554551266,0.048,0.102,3.42284139136802e-26
"DUSP28",1.40447854388665e-30,1.73103664419788,0.129,0.059,3.61119523204136e-26
"FBXO33",1.47791583409414e-30,-0.440282163136047,0.088,0.158,3.80001719262285e-26
"MBNL1",1.55382790704966e-30,0.829334519951392,0.343,0.263,3.99520231460607e-26
"INSIG1",1.58481174409047e-30,0.954771996753478,0.68,0.707,4.07486795640543e-26
"PPARD",1.63127167376383e-30,-0.766945373718523,0.073,0.137,4.19432572758155e-26
"CCM2",1.64549995589852e-30,-0.330141314595009,0.311,0.43,4.23090948660629e-26
"MARCH2",1.66403275684152e-30,1.18886001055207,0.221,0.139,4.27856102439091e-26
"CHST9",1.68003188183866e-30,2.16905942118216,0.109,0.044,4.31969797458357e-26
"NFX1",1.78777937885936e-30,-0.449551691334586,0.149,0.236,4.59673833892319e-26
"DDX42",1.82868656493259e-30,-0.379523279542048,0.257,0.367,4.70191889575467e-26
"NLE1",1.85935306400055e-30,-0.332159755641503,0.177,0.278,4.78076859815822e-26
"MTMR10",1.96670519895902e-30,-0.580896241161848,0.09,0.162,5.05679240756342e-26
"RP11-295G20.2",1.9731810399317e-30,0.837111841566869,0.444,0.38,5.0734430898724e-26
"SPTBN1",2.11623707967563e-30,0.674771602108102,0.575,0.525,5.44126877926199e-26
"MGEA5",2.14202088241419e-30,-0.267611888021273,0.349,0.468,5.50756409286338e-26
"FTCDNL1",2.29095598491259e-30,-0.584905673505826,0.05,0.105,5.89050602840724e-26
"TRAPPC3",2.70948535047612e-30,0.567761051044443,0.632,0.629,6.96662873314421e-26
"TSPAN33",2.87661148257922e-30,-0.353808018628639,0.105,0.181,7.3963434440077e-26
"ZNF526",3.03790253176872e-30,-0.430791916610408,0.075,0.141,7.81105498968372e-26
"EDEM1",3.09789619624572e-30,1.3198631269411,0.16,0.084,7.96531069978701e-26
"ZNF446",3.10682921865957e-30,-0.738276997148961,0.073,0.137,7.98827928701748e-26
"C11orf71",3.29440756820067e-30,1.04599981316948,0.25,0.166,8.47058073935756e-26
"CREG1",3.49325889523797e-30,0.85890946532063,0.551,0.546,8.98186727143586e-26
"RP11-115C21.2",3.63705559276429e-30,-0.748994704490004,0.048,0.101,9.35159734011555e-26
"SLU7",3.64810982265944e-30,-0.269005422616823,0.363,0.486,9.38001997602195e-26
"TCEB3-AS1",3.89333678497134e-30,1.34832804824039,0.152,0.077,1.00105475415183e-25
"ULK1",3.92879721775576e-30,-0.524776904098857,0.109,0.186,1.01017234062936e-25
"ARHGAP11A",4.02088654998996e-30,-0.528646325293018,0.098,0.17,1.03385034973342e-25
"PSMA6",4.03842893911819e-30,1.09693558068862,0.404,0.34,1.03836084882607e-25
"IGHA1",4.14391223965359e-30,1.03890830329796,0.143,0.247,1.06548271505973e-25
"TGOLN2",4.34438462731005e-30,0.706359311283692,0.493,0.446,1.11702817537396e-25
"ELP4",4.39751968869021e-30,-0.321655374544436,0.129,0.212,1.13069026235603e-25
"PLIN5",4.62107255192752e-30,1.13424855562204,0.193,0.114,1.1881701745516e-25
"DNAJB12",4.83824275275812e-30,-0.39822006834438,0.255,0.364,1.24400897658917e-25
"ZNF408",5.14746170512642e-30,-0.496223685604095,0.148,0.235,1.32351535362211e-25
"LYRM2",5.31263916755182e-30,-0.264450390331601,0.398,0.525,1.36598578276092e-25
"MPDZ",5.36985474524382e-30,1.30450184784781,0.233,0.154,1.38069705209709e-25
"DHRS4L2",5.43447494051679e-30,0.693278464594413,0.584,0.55,1.39731219670568e-25
"MED19",5.6532995824139e-30,-0.315023270299115,0.337,0.456,1.45357638863026e-25
"XXbac-BPG252P9.10",5.718882736122e-30,-0.507153702589396,0.047,0.1,1.47043912911169e-25
"UBQLN2",6.44693756291836e-30,-0.419880690131036,0.208,0.309,1.65763658617757e-25
"UNK",6.93741747410321e-30,-0.271707524145865,0.225,0.331,1.78374878094142e-25
"HHAT",7.35752005051858e-30,-0.489793540488495,0.061,0.121,1.89176555538934e-25
"MED9",7.37107489611041e-30,-0.775065805271189,0.063,0.123,1.89525077728791e-25
"PRR4",7.61496799537214e-30,-0.38916258327384,0.087,0.158,1.95796057097008e-25
"RRP1B",8.01492751287263e-30,-0.434242881938483,0.193,0.29,2.06079816210981e-25
"ARPC5",8.09538548965072e-30,0.42415729086851,0.832,0.855,2.08148551709899e-25
"YOD1",8.35766878221778e-30,-0.348672596395143,0.098,0.172,2.14892379728384e-25
"IKBKG",8.44647683090869e-30,1.09202428065192,0.211,0.131,2.17175812276324e-25
"RIC8A",8.9075904729275e-30,-0.340813675973997,0.331,0.449,2.29031966239912e-25
"MAP4K2",8.93197588056841e-30,-0.621566302999246,0.089,0.158,2.29658963841175e-25
"TSN",9.31603944554701e-30,-0.263800300773378,0.481,0.593,2.39534006223905e-25
"DDTL",9.35759465654549e-30,-0.693613406922779,0.05,0.103,2.40602473809098e-25
"OTUD7B",9.42737066112484e-30,-0.378024443266372,0.247,0.351,2.42396554438842e-25
"NDUFA11",1.0259375541816e-29,0.276019986892907,0.887,0.904,2.63789063931172e-25
"CHAF1B",1.02953679268353e-29,-0.544267341085579,0.087,0.156,2.64714500134789e-25
"DSC2",1.03346713735349e-29,-0.39599308178608,0.144,0.23,2.6572507035633e-25
"DDHD1",1.04236102969478e-29,-0.317991637708453,0.121,0.203,2.68011867955122e-25
"ADGRG6",1.18696297985579e-29,1.30560514928473,0.23,0.149,3.05191921380521e-25
"ZDHHC21",1.20667697040491e-29,-0.460151914905706,0.1,0.173,3.1026078263051e-25
"GNAZ",1.22509485683971e-29,-0.365358303035152,0.105,0.18,3.14996389590625e-25
"ADD1",1.32656172503378e-29,-0.324605896296663,0.31,0.425,3.41085550740685e-25
"CTNNAL1",1.45665107665105e-29,-0.25501455228165,0.326,0.446,3.74534124828519e-25
"ZBED1",1.47672359498296e-29,-0.435271574335065,0.158,0.247,3.79695170742018e-25
"PSMD5-AS1",1.49459409113072e-29,-0.312133734383708,0.222,0.328,3.84290032711532e-25
"ZNF622",1.52998791314222e-29,-0.311759664472792,0.405,0.526,3.93390492227127e-25
"SCARB2",1.65065889960591e-29,0.818890593471048,0.509,0.475,4.2441741626667e-25
"CYLD",1.6546801610888e-29,-0.40908746931197,0.174,0.265,4.25451363019153e-25
"IFT81",1.67548503856675e-29,-0.313614244617951,0.126,0.211,4.30800713116283e-25
"NDUFV2",1.77408409505822e-29,0.342770454491864,0.864,0.861,4.56152502521369e-25
"MRPL30",1.86615616073871e-29,-0.332814405968689,0.25,0.359,4.79826072049137e-25
"MARVELD2",1.92154165157369e-29,-0.371919734366666,0.225,0.33,4.94066789452626e-25
"ALG6",2.31244159718501e-29,1.19445519624959,0.278,0.199,5.9457498346821e-25
"AP3S2",2.39552428785343e-29,-0.376120184221196,0.143,0.229,6.15937204892873e-25
"TIPARP-AS1",2.4676413866137e-29,1.35867497767935,0.158,0.084,6.34479953326113e-25
"PPIL2",2.50892661120091e-29,-0.327759155603286,0.156,0.246,6.45095210271977e-25
"ZNF24",2.53415750972998e-29,-0.28482736522363,0.389,0.503,6.51582578901774e-25
"DTD2",2.6147664894371e-29,-0.543567409495545,0.079,0.144,6.72308759764068e-25
"POLE4",2.83850456586115e-29,0.635334269495551,0.611,0.603,7.29836293974218e-25
"RAD54L2",3.02343211951321e-29,-0.457752112405462,0.128,0.209,7.77384866569237e-25
"CARS2",3.04389847002028e-29,-0.358622598144201,0.182,0.278,7.82647174611616e-25
"MEX3C",3.08484054849728e-29,-0.290837430575992,0.112,0.19,7.9317420182962e-25
"PROSER2",3.47301002091296e-29,-0.481890254878643,0.16,0.249,8.92980336577142e-25
"EXTL2",3.66216935862829e-29,-0.448686293116497,0.168,0.26,9.41616985490506e-25
"ASTE1",3.69545611655663e-29,-0.560123067385976,0.081,0.146,9.50175676689041e-25
"MIF-AS1",3.89671124718244e-29,-0.546509833988709,0.075,0.138,1.00192239587555e-24
"CEBPZ",3.90638402338599e-29,-0.250215221981854,0.428,0.548,1.00440946009301e-24
"PARP12",4.00521261753298e-29,-0.336091190557211,0.216,0.318,1.02982026822008e-24
"IKZF5",4.0256157919005e-29,-0.438986368098295,0.103,0.177,1.03506633241346e-24
"COBLL1",4.06523430922197e-29,1.24537073210327,0.238,0.161,1.04525304558715e-24
"MRRF",4.47963261901263e-29,-0.333578913401082,0.234,0.339,1.15180313900053e-24
"ZBTB8OS",4.62962290355332e-29,0.657467647957176,0.54,0.493,1.19036864096163e-24
"ATP13A1",4.65928457195958e-29,-0.367325013924549,0.159,0.249,1.19799524914225e-24
"EIF2AK2",5.04478716719189e-29,-0.251866959448643,0.314,0.432,1.29711567642838e-24
"PSME1",5.28468131379895e-29,0.304389288254899,0.909,0.935,1.35879725940399e-24
"AC074117.10",5.30678049899759e-29,-0.321489555615476,0.073,0.137,1.36447940190226e-24
"TOE1",5.46999940649951e-29,-0.399809433902694,0.125,0.204,1.40644624739915e-24
"UGGT2",5.90943558674731e-29,-0.36949065566962,0.12,0.2,1.51943407806447e-24
"ANXA1",5.94005776412122e-29,1.70566402117941,0.266,0.186,1.52730765231085e-24
"SULT1A1",6.09164733769866e-29,1.15720652822478,0.432,0.404,1.56628436346908e-24
"C1orf123",6.1440259317184e-29,0.664635797759708,0.49,0.435,1.57975194756343e-24
"PCIF1",6.15567817511827e-29,-0.257578945817174,0.231,0.337,1.58274797238641e-24
"ASB7",6.17851255527074e-29,-0.487197366917535,0.067,0.128,1.58861914821121e-24
"COL4A2",8.19766783303601e-29,-0.252924421391489,0.087,0.156,2.10778435323022e-24
"CARKD",8.28781427671546e-29,-0.329753909115061,0.121,0.201,2.13096280682908e-24
"PAICS",8.32521072107393e-29,-0.264557648421376,0.537,0.66,2.14057818060253e-24
"LSS",8.56917958885443e-29,1.16602045913757,0.228,0.148,2.20330745588625e-24
"DNAJA3",1.0031697939338e-28,-0.333114827228945,0.296,0.411,2.57935017416259e-24
"SP2",1.01376195997113e-28,-0.381390076838877,0.122,0.2,2.60658475147778e-24
"DCAF17",1.07426022440673e-28,-0.525877150973784,0.064,0.124,2.76213788899459e-24
"TNFRSF1B",1.21824334959217e-28,1.27258248550227,0.135,0.065,3.13234730047138e-24
"TACC1",1.26845286241001e-28,0.851671855355836,0.34,0.26,3.26144599982862e-24
"SENP2",1.28821770565018e-28,-0.324536425620093,0.209,0.309,3.31226536476775e-24
"MOCOS",1.3105357540731e-28,1.27783848829645,0.126,0.058,3.36964953087275e-24
"CAMSAP1",1.33962594918524e-28,-0.420752908636775,0.053,0.108,3.44444624054508e-24
"C14orf142",1.37847243370907e-28,-0.267872879875645,0.283,0.397,3.54432832155275e-24
"KLF9",1.38005768159341e-28,0.90416648690581,0.403,0.348,3.54840431091298e-24
"STX12",1.39456204030157e-28,0.878816614613285,0.312,0.23,3.5856979180234e-24
"ZNF329",1.60830861978014e-28,-0.62686014433134,0.051,0.103,4.1352831231787e-24
"OTULIN",1.71277351025928e-28,1.08871303846178,0.3,0.228,4.40388324957867e-24
"WDR89",1.91853573903114e-28,-0.515855067167903,0.073,0.136,4.93293909219687e-24
"LSM12",1.96828401440937e-28,-0.295037659484221,0.468,0.599,5.06085185784937e-24
"NCDN",1.98843242926247e-28,-0.64037152267666,0.058,0.114,5.11265746211967e-24
"EAF1",1.99461594661208e-28,-0.253664146041772,0.232,0.337,5.12855652192899e-24
"HOOK2",2.02455499788011e-28,-0.317833528124393,0.217,0.319,5.20553581054933e-24
"BTBD2",2.04323552342988e-28,-0.707361129705528,0.086,0.152,5.2535671778429e-24
"C14orf159",2.09154711405107e-28,-0.449083094044173,0.137,0.219,5.3777859396481e-24
"DDX31",2.18671662768617e-28,-0.654144355570589,0.071,0.131,5.62248579310669e-24
"AMMECR1",2.19052936482948e-28,-0.308056056286377,0.12,0.199,5.63228910284956e-24
"PLCB1",2.20827107328794e-28,1.37555327277799,0.218,0.142,5.67790658363796e-24
"OBFC1",2.23927604050124e-28,-0.383638567654562,0.156,0.242,5.75762655533679e-24
"MUS81",2.39942152855883e-28,-0.41146383288656,0.15,0.236,6.16939263423046e-24
"BDH2",2.41762099737561e-28,1.00115331246858,0.332,0.254,6.21618710845217e-24
"COPS4",2.50382925208039e-28,-0.337327216204411,0.375,0.487,6.43784577294909e-24
"GRIPAP1",2.75306559701168e-28,1.06458720297867,0.218,0.138,7.07868226303643e-24
"PIGG",2.80340157837259e-28,-0.551420622037211,0.13,0.209,7.20810613831159e-24
"OPA3",2.83760030766749e-28,-0.500435660019342,0.117,0.193,7.29603791107464e-24
"BRMS1",2.87277700451206e-28,-0.265830497653188,0.441,0.572,7.38648423400141e-24
"ADAMTSL4",2.9687734217035e-28,-0.43313518593171,0.095,0.165,7.63331022188403e-24
"SLC25A25",3.08497506825283e-28,-0.39770757178437,0.311,0.419,7.93208789549169e-24
"EPS15",3.52077498431403e-28,1.0032928610528,0.233,0.152,9.05261663966824e-24
"SNTB2",3.53912358605502e-28,-0.561503990773166,0.072,0.133,9.09979456446467e-24
"MTPN",3.57546648835457e-28,-0.254875346505568,0.452,0.571,9.19323943485728e-24
"LPIN3",3.79021006029678e-28,1.30359800806003,0.178,0.103,9.74538810703509e-24
"PPP1R3B",3.80000025285812e-28,1.50640356651666,0.171,0.098,9.7705606501488e-24
"VAMP8",3.87421495163407e-28,0.316470481992985,0.814,0.805,9.96138148364153e-24
"THAP5",3.93995107742244e-28,1.03892481531023,0.292,0.213,1.01304022102686e-23
"XAGE1A",3.96092043760541e-28,-0.585664173656002,0.051,0.104,1.0184318629171e-23
"FTSJ1",3.97020847174127e-28,-0.335412676515545,0.192,0.286,1.02082000225411e-23
"CAPN10-AS1",4.36021758543452e-28,-0.625359070340989,0.051,0.104,1.12109914556692e-23
"RBM45",4.69176534259696e-28,-0.451363706299852,0.134,0.214,1.20634670488853e-23
"DTNA",4.75117389356016e-28,1.21137450110854,0.193,0.116,1.22162183151219e-23
"PIK3C3",4.94383542131999e-28,-0.400657722810307,0.123,0.201,1.2711589635298e-23
"GCDH",4.97254782606804e-28,0.998253375287988,0.307,0.229,1.27854149703861e-23
"FAM58A",5.10977110061635e-28,-0.373097471681211,0.255,0.362,1.31382434539048e-23
"MSANTD3",5.27033249771622e-28,-0.276079193692836,0.133,0.215,1.3551078918128e-23
"OGDHL",5.36348382586913e-28,-0.297839625474857,0.083,0.151,1.37905896130747e-23
"DNAJC5",6.07533171025639e-28,-0.375245098181045,0.196,0.292,1.56208928934112e-23
"RTN4RL2",6.09539496048339e-28,-0.418108119993881,0.177,0.269,1.56724795223949e-23
"SUDS3",6.15172250904112e-28,-0.309206868666587,0.313,0.428,1.58173089152465e-23
"CENPJ",6.1604086135463e-28,-0.400332008531832,0.063,0.121,1.58396426271502e-23
"TTC13",6.71515379400522e-28,-0.553793856088142,0.1,0.171,1.72660034351462e-23
"ZPR1",7.38623878722737e-28,-0.264814180979404,0.41,0.544,1.8991497169719e-23
"HMGCS2",7.67653812566173e-28,0.872383348660948,0.768,0.795,1.97379148287014e-23
"NOP14-AS1",8.09516571377217e-28,-0.777033388841438,0.058,0.113,2.0814290083251e-23
"KISS1",8.15630793429319e-28,1.51283456509665,0.131,0.064,2.09714989606546e-23
"MRPL41",8.74453330564859e-28,0.399847932178092,0.736,0.86,2.24839440354836e-23
"ENTPD1-AS1",8.92299614307105e-28,-0.51314671571753,0.049,0.1,2.29428076830643e-23
"SAMD8",9.91053168766815e-28,-0.479857665193366,0.093,0.162,2.54819590753323e-23
"SLC12A9",1.01513940891294e-27,-0.289762686694686,0.162,0.252,2.61012644819696e-23
"APOOL",1.02871282120514e-27,1.04338298314832,0.305,0.23,2.64502640588266e-23
"ABHD10",1.04795176351721e-27,-0.370310337545119,0.168,0.257,2.69449357435545e-23
"ZNF563",1.06594367666795e-27,-0.715793803663632,0.107,0.178,2.74075438144864e-23
"ZBTB1",1.0835438575816e-27,-0.349300457275981,0.084,0.15,2.7860079666138e-23
"ECT2",1.12262748912529e-27,-0.341423118901577,0.136,0.217,2.88649980003896e-23
"FUBP3",1.17270044244707e-27,-0.278695316184854,0.269,0.377,3.01524737761991e-23
"ELK3",1.19129092485695e-27,-0.306579672636146,0.053,0.107,3.06304722599218e-23
"LRRC47",1.20832251791897e-27,-0.294402776148349,0.291,0.409,3.10683885807325e-23
"TTL",1.23153095677042e-27,-0.52554860146937,0.091,0.158,3.1665123960481e-23
"SEPSECS",1.25578960288528e-27,1.64400595571897,0.143,0.075,3.22888622693864e-23
"LRRC75A",1.34490491126057e-27,-0.453240695263252,0.094,0.162,3.45801950783317e-23
"CTD-2020K17.4",1.59007022841454e-27,1.53043770985711,0.129,0.062,4.08838857129946e-23
"HADH",1.74665747470094e-27,0.741586048504637,0.511,0.483,4.49100569895106e-23
"CXCL3",1.80021484219341e-27,0.478371917555492,0.328,0.469,4.62871240224771e-23
"MCEE",1.83462960680529e-27,1.07307899079167,0.225,0.146,4.71719964501775e-23
"GOPC",1.83736939632422e-27,0.992621283475408,0.245,0.166,4.72424419182884e-23
"FAM120B",1.87370656746517e-27,-0.52546556872507,0.069,0.128,4.81767432626644e-23
"TCERG1",1.9061915336481e-27,-0.367512853745102,0.273,0.382,4.90119967131598e-23
"RBM4B",1.92748239223522e-27,-0.325166466651009,0.18,0.274,4.95594272691519e-23
"GGCX",1.93009208796098e-27,0.705134849272368,0.54,0.503,4.96265277656526e-23
"SIKE1",1.99285707862553e-27,0.790997892785591,0.426,0.369,5.12403412056197e-23
"CARD8",1.99487847490449e-27,-0.284661013577237,0.146,0.23,5.12923153467443e-23
"TRAFD1",2.0117451327548e-27,-0.412649509133407,0.12,0.196,5.17259908533915e-23
"PER3",2.12814939999089e-27,1.42519518642983,0.157,0.087,5.47189773725657e-23
"TPD52",2.58770407190855e-27,0.488308681387777,0.704,0.685,6.65350470969127e-23
"MOB3A",2.71754929225934e-27,-0.391272084103769,0.074,0.135,6.98736274025723e-23
"TMEM167B",2.75149375702835e-27,0.844313387348102,0.341,0.267,7.0746407480713e-23
"SNHG12",2.88279776496104e-27,-0.527386781753995,0.077,0.139,7.41224961326783e-23
"SLC2A10",3.46533950978489e-27,-0.527570936172492,0.101,0.171,8.91008094755891e-23
"MLLT1",3.61441260980008e-27,-0.460829183393986,0.072,0.131,9.29337770231796e-23
"CCAR2",3.74495555437675e-27,-0.366063457258785,0.094,0.163,9.62902972141351e-23
"EXD3",3.79441149035287e-27,-0.502250814463924,0.101,0.171,9.75619082399529e-23
"CD2",4.06155211156191e-27,0.900362173619147,0.126,0.059,1.0443062789248e-22
"CXCL8",4.15540454935062e-27,0.691391827989721,0.361,0.295,1.06843761772903e-22
"AARS2",4.84484331068253e-27,-0.737106392083422,0.061,0.117,1.24570611204269e-22
"E2F1",4.88617006183716e-27,-0.633396241353312,0.068,0.126,1.25633204629957e-22
"GART",5.08220674943489e-27,-0.267425262821616,0.31,0.422,1.3067369994147e-22
"RBBP9",5.10964234893644e-27,-0.466816130833675,0.117,0.191,1.31379124075854e-22
"MAP3K3",5.17804299111186e-27,-0.501524930836476,0.06,0.116,1.33137841387468e-22
"AMOTL1",5.23776210931908e-27,-0.467756798009838,0.049,0.1,1.34673339354812e-22
"SGK3",5.4816614407998e-27,1.15833672929356,0.154,0.083,1.40944478965845e-22
"FOLR2",5.7931562454153e-27,1.33904665920125,0.136,0.068,1.48953633382118e-22
"SLMAP",6.104200442939e-27,-0.262826425608611,0.214,0.311,1.56951201788848e-22
"AGTPBP1",6.39205798794118e-27,-0.656543522367802,0.053,0.105,1.64352594985944e-22
"IL13RA1",6.56915466231642e-27,0.80393249181564,0.379,0.315,1.6890610467748e-22
"PDE12",6.83514099058624e-27,-0.333320906029057,0.175,0.264,1.75745145149953e-22
"PXMP4",7.34972855037494e-27,-0.343914030137138,0.281,0.392,1.88976220487241e-22
"GPR107",7.48746975786749e-27,-0.446276180534005,0.112,0.185,1.92517822414289e-22
"ATP8B1",7.55297146692099e-27,1.3117332945237,0.195,0.121,1.94202002357472e-22
"GAGE10",8.50234660320641e-27,-0.322142063514149,0.075,0.136,2.18612335861643e-22
"ZNF322",9.79512753185439e-27,-0.382588944184303,0.226,0.324,2.5185231909904e-22
"RNPC3",9.83128203961505e-27,1.51708857543737,0.119,0.055,2.52781923802582e-22
"CDK5RAP2",1.04766856187665e-26,1.02855401016832,0.295,0.225,2.69376540629724e-22
"SMIM8",1.13113517819291e-26,-0.284711720665456,0.224,0.323,2.90837477016962e-22
"ABHD8",1.15608884287679e-26,-0.296633387148665,0.203,0.301,2.97253563280479e-22
"ORC3",1.25247658104629e-26,-0.331171736923708,0.244,0.345,3.22036778518622e-22
"FAM222A",1.27931899262488e-26,-0.644728757607817,0.061,0.116,3.28938499383708e-22
"ZNF740",1.35881356777144e-26,-0.633831790402533,0.053,0.105,3.49378144545393e-22
"BRWD1",1.42298400286326e-26,0.936199389664253,0.371,0.309,3.65877646816201e-22
"NUMA1",1.44662404321046e-26,-0.289687333498399,0.185,0.274,3.71955973990273e-22
"NBR1",1.45812530023989e-26,-0.341763600825689,0.361,0.475,3.74913177197682e-22
"UBE2W",1.48251397156871e-26,0.831654470012457,0.369,0.301,3.81183992369747e-22
"CDK14",1.53915668015403e-26,1.55818071631059,0.11,0.048,3.95747965601203e-22
"FBXW2",1.5505344688944e-26,-0.302796305711288,0.269,0.378,3.98673422642128e-22
"FRMD8",1.58276088558507e-26,-0.318270768330803,0.126,0.203,4.06959478901634e-22
"DCAF16",1.63997665432611e-26,-0.354584271210114,0.094,0.16,4.2167079736033e-22
"OSER1",1.67739336653226e-26,-0.258660392048436,0.484,0.605,4.31291382402775e-22
"AKAP11",1.70132078972375e-26,-0.318113274885471,0.093,0.162,4.3744360145377e-22
"TMEM69",1.72020253683666e-26,0.921959013955624,0.336,0.263,4.42298476271442e-22
"PNPLA2",1.72103577880437e-26,-0.291085558648815,0.297,0.413,4.42512719446179e-22
"KDM1A",1.9112552160554e-26,-0.341660134251473,0.192,0.284,4.91421941152165e-22
"FAM174A",1.96225906046959e-26,0.919099154593499,0.301,0.23,5.04536049627941e-22
"XKR8",1.99251027160115e-26,-0.360701429682113,0.138,0.219,5.12314241034088e-22
"APEX2",2.0882070549454e-26,-0.330168382574721,0.234,0.334,5.3691979796756e-22
"ZNF324",2.1664703608476e-26,-0.665984398755977,0.065,0.122,5.57042859181134e-22
"PPP1R9B",2.17249461846329e-26,-0.636576059073101,0.068,0.125,5.58591816299282e-22
"CAD",2.27354615445558e-26,-0.403138382111536,0.082,0.145,5.84574187233618e-22
"PALLD",2.33451530981953e-26,0.969462424390915,0.242,0.166,6.00250576460799e-22
"MAU2",2.36839093087748e-26,-0.603074132823519,0.084,0.146,6.08960676147216e-22
"CEP83",2.37659679327236e-26,-0.38789919293368,0.108,0.181,6.1107056748619e-22
"KIF1B",2.71357998427106e-26,-0.257637041143076,0.177,0.27,6.97715685555776e-22
"BRCA1",3.19309387802748e-26,-0.514329686614154,0.108,0.178,8.21008297918426e-22
"HECA",3.21018227355519e-26,-0.328432863671413,0.094,0.162,8.25402066176509e-22
"BBS4",3.21237487339546e-26,-0.306559486358525,0.149,0.233,8.25965827447441e-22
"ZNF398",3.66530319760217e-26,-0.701177200790462,0.052,0.103,9.42422758167469e-22
"DHX57",3.79346378465987e-26,-0.508937554783869,0.082,0.144,9.75375408311747e-22
"EXOSC10",4.05058667263159e-26,-0.340521069347937,0.22,0.314,1.04148684526704e-21
"RDH14",4.16013495490649e-26,-0.314936252815439,0.32,0.434,1.06965389960556e-21
"VPS39",4.22289493100407e-26,-0.513618875512813,0.078,0.139,1.08579074465977e-21
"SPX",4.44191654561814e-26,1.57283740684655,0.105,0.045,1.14210558220934e-21
"MBD3",4.76589833724551e-26,-0.415610509032804,0.135,0.212,1.22540778047256e-21
"MAP2K6",4.89955852515556e-26,1.15798529423898,0.142,0.075,1.259774487988e-21
"ACOT7",5.91530805710581e-26,1.00057296661476,0.31,0.239,1.52094400764305e-21
"PRIM1",6.0275659502036e-26,-0.304985433542938,0.229,0.324,1.54980775711635e-21
"TOP3B",6.21280093705398e-26,-0.585445844429237,0.069,0.126,1.59743537693532e-21
"KIFC2",6.27472648209412e-26,-0.641543202712095,0.086,0.147,1.61335767307604e-21
"PRRG4",6.51161859541511e-26,-0.376187862872473,0.215,0.311,1.67426737325313e-21
"NMRK1",6.97505616638019e-26,0.780943869633032,0.326,0.25,1.79342644149967e-21
"INPP5K",7.02704032672044e-26,-0.440723534071183,0.086,0.15,1.80679260880636e-21
"TIMM50",7.06288513819227e-26,-0.264323152001793,0.479,0.603,1.816009026732e-21
"CLN8",7.98215435956876e-26,-0.28093822549985,0.141,0.222,2.05237152893232e-21
"RNF38",8.10410768483122e-26,-0.350793336138994,0.102,0.171,2.0837281679238e-21
"POLR1E",8.11088391064206e-26,-0.404012829146708,0.162,0.244,2.08547047110429e-21
"CNOT6",8.30896994451591e-26,-0.285077342143835,0.12,0.193,2.13640235213393e-21
"LRRC40",8.53100945442329e-26,1.08306654229981,0.235,0.159,2.19349315092132e-21
"NOC3L",8.96613108061411e-26,-0.336481865649815,0.174,0.261,2.3053716234475e-21
"ARMC1",8.97234050003528e-26,0.787792131914404,0.412,0.356,2.30696818936907e-21
"EFCAB14",9.14300956101396e-26,0.88536675179402,0.273,0.197,2.35085061832791e-21
"CEP131",9.27286410669918e-26,-0.468005965313131,0.099,0.167,2.38423881911449e-21
"PROSER3",9.58111478490157e-26,-0.425453437223821,0.055,0.108,2.46349623349389e-21
"AC009403.2",9.93495560094745e-26,1.06489454322982,0.279,0.205,2.55447578411561e-21
"ARFGEF3",1.07485947987336e-25,-0.273025522182161,0.099,0.168,2.76367869465038e-21
"KAT2A",1.09487336701495e-25,-0.37581871207042,0.203,0.299,2.81513840126885e-21
"KANSL1-AS1",1.15576650276003e-25,1.32537409192299,0.147,0.08,2.9717068318966e-21
"AMN1",1.2262404898586e-25,-0.270055942070351,0.136,0.214,3.15290954752443e-21
"LRBA",1.27892393957065e-25,-0.354538224532079,0.137,0.214,3.28836923342406e-21
"TSC22D4",1.29822049712106e-25,-0.276038088984662,0.355,0.465,3.33798454219768e-21
"RBM48",1.39402819115638e-25,-0.414003503216988,0.111,0.182,3.58432528510129e-21
"LINS1",1.56036335029795e-25,-0.504409972477563,0.091,0.156,4.01200624628608e-21
"PGLYRP2",1.58388305166564e-25,1.54920872872304,0.198,0.129,4.07248010244269e-21
"C12orf4",1.63426806900266e-25,-0.525995034049172,0.067,0.122,4.20203005901964e-21
"HTRA1",1.73727972933634e-25,1.73234103197401,0.189,0.123,4.46689364006959e-21
"SBNO2",1.78712794302106e-25,-0.758805267855898,0.051,0.101,4.59506336709574e-21
"ANXA9",1.83530980162923e-25,0.847913568966957,0.313,0.241,4.71894856194907e-21
"PAPOLG",1.89702682903484e-25,-0.396868854717112,0.078,0.139,4.87763538281439e-21
"PNPO",1.96148596315134e-25,-0.378358163510332,0.242,0.342,5.04337270845474e-21
"GTPBP6",1.98327179886634e-25,0.917854092432038,0.321,0.258,5.09938844924512e-21
"MRPS36",2.02865287558135e-25,0.479092415056633,0.628,0.621,5.21607227369476e-21
"PRPS2",2.07922197279983e-25,0.986054676173766,0.282,0.206,5.34609553646292e-21
"PBLD",2.15204321595377e-25,1.13237925200324,0.266,0.196,5.53333351686034e-21
"RP11-37B2.1",2.23710398489708e-25,-0.616793583583096,0.084,0.145,5.75204176596738e-21
"MPP5",2.26768378558066e-25,-0.425662746567627,0.166,0.25,5.83066854948499e-21
"HYAL3",2.35139026523392e-25,-0.630717078583699,0.119,0.19,6.04589464996946e-21
"ZNF558",2.35664187157837e-25,-0.383255781415709,0.054,0.105,6.05939758020232e-21
"TRIM25",2.52441200487732e-25,-0.362226247644127,0.127,0.201,6.49076814694057e-21
"JMJD8",2.54660872008182e-25,1.19310166121455,0.194,0.123,6.54784034107437e-21
"TMEM143",2.70891309613178e-25,-0.612538365293527,0.084,0.146,6.96515735277403e-21
"PUS7",3.21139370575265e-25,-0.512210338319541,0.113,0.183,8.25713549623122e-21
"SMAD1",3.53704843644954e-25,-0.500074654082179,0.093,0.158,9.09445893979906e-21
"JHDM1D-AS1",3.57817182915493e-25,1.49150298203542,0.137,0.074,9.20019540712315e-21
"F11R",3.73562397517047e-25,-0.278662742180281,0.316,0.421,9.6050363649583e-21
"XYLT2",3.79220234380121e-25,-0.566001496703215,0.124,0.196,9.75051066638167e-21
"HCFC2",3.83492025494006e-25,1.5300876095008,0.137,0.073,9.86034695950187e-21
"CLASP1",4.07421782181689e-25,-0.263614918772427,0.072,0.13,1.04756288634556e-20
"ANKZF1",4.14541177889732e-25,-0.350061505159594,0.23,0.326,1.06586827659008e-20
"WDYHV1",4.68868092405139e-25,-0.259626555235219,0.31,0.417,1.20555363919209e-20
"ST20",4.81695920121638e-25,0.985206908424348,0.327,0.259,1.23853654981675e-20
"C1GALT1",5.23046788673316e-25,-0.254401655989768,0.267,0.371,1.34485790303683e-20
"TPMT",5.49382575437105e-25,0.770976972578817,0.457,0.408,1.41257247796388e-20
"TNFAIP1",5.71899158865018e-25,-0.289815123752192,0.296,0.402,1.47046711727373e-20
"ABCC5",5.73079308518201e-25,-0.441755920471785,0.097,0.162,1.473501518062e-20
"ALKBH1",6.16270667449708e-25,-0.522366732524444,0.077,0.136,1.58455514014669e-20
"IL1R1",6.26849558719589e-25,1.16090251214767,0.157,0.089,1.61175558537981e-20
"WDSUB1",6.26982069709199e-25,-0.397863215653417,0.116,0.188,1.61209629763629e-20
"NUP85",6.3408854638716e-25,-0.279628678307171,0.26,0.364,1.63036847047067e-20
"IGKC",6.57888022680352e-25,2.17984932737801,0.704,0.823,1.69156168391572e-20
"MOB3B",7.10416555538374e-25,-0.406512685422907,0.076,0.135,1.82662304760027e-20
"OGFOD3",7.37230876726958e-25,0.922105454994144,0.322,0.261,1.89556803024036e-20
"FYB",7.38409098556132e-25,0.728417248870029,0.113,0.051,1.89859747420753e-20
"DGCR14",7.43299058805848e-25,-0.428772768815994,0.141,0.218,1.9111705400016e-20
"LRRC57",7.48781244248378e-25,-0.327223039494613,0.131,0.207,1.92526633521143e-20
"EPB41",8.16798442823734e-25,1.06878513366004,0.213,0.14,2.10015215618839e-20
"FAM173A",8.98382169453904e-25,-0.253347113489054,0.424,0.558,2.30992023409988e-20
"NUFIP2",1.01360971831706e-24,-0.263255676323326,0.321,0.425,2.60619330773683e-20
"IMMP2L",1.014233385812e-24,0.853968335848613,0.41,0.358,2.60779688159982e-20
"BID",1.02308458319804e-24,0.512982544057444,0.655,0.657,2.6305550803188e-20
"TBL3",1.08655821228008e-24,-0.280380499112889,0.235,0.331,2.79375847541454e-20
"SETD1A",1.10494909441123e-24,-0.597239234484039,0.065,0.118,2.84104511155014e-20
"PLA2G12B",1.17645946627333e-24,-0.365901170968373,0.284,0.384,3.02491257968199e-20
"NR5A2",1.24408101259609e-24,-0.261189467616627,0.156,0.24,3.19878109958707e-20
"UHRF1BP1L",1.24450089259119e-24,1.11339210204272,0.184,0.115,3.19986069503047e-20
"LRRC58",1.27032958762455e-24,-0.259551061919365,0.325,0.428,3.26627143570024e-20
"LYSMD1",1.31809554800862e-24,-0.475225274264949,0.098,0.163,3.38908727303977e-20
"PHLDB2",1.33200306997907e-24,-0.417132158276813,0.148,0.227,3.42484629353018e-20
"POLB",1.34253902395652e-24,1.22435501907067,0.162,0.095,3.45193633839699e-20
"TRIQK",1.35382707963905e-24,0.852669483089442,0.326,0.255,3.48096018716793e-20
"FAM126B",1.37836336053193e-24,-0.313373851280908,0.152,0.233,3.54404787259969e-20
"FOS",1.39223846425456e-24,0.448946666236624,0.789,0.907,3.57972353929132e-20
"CCDC61",1.39782378157563e-24,-0.443067349759903,0.075,0.133,3.59408450718726e-20
"SOWAHC",1.49902227576277e-24,-0.319739133403649,0.247,0.345,3.85428607544124e-20
"MFSD1",1.60157503531087e-24,0.743134418908813,0.377,0.311,4.1179697307913e-20
"WDR45",1.62618014100255e-24,0.665752384732764,0.477,0.433,4.18123437854576e-20
"FBXW7",1.7546649204405e-24,-0.332037812225664,0.124,0.197,4.51159444343662e-20
"POMT1",1.7845046644791e-24,-0.438241611477494,0.14,0.216,4.58831839330865e-20
"CDKN2D",1.80665113433354e-24,-0.415204436715613,0.083,0.143,4.64526139659839e-20
"TONSL",1.80791396632738e-24,-0.478638293194201,0.106,0.173,4.64850839022095e-20
"ZNF865",1.80793281385322e-24,-0.645652350017952,0.062,0.115,4.6485568509794e-20
"PHC2",1.88927041702111e-24,-0.25328217790518,0.173,0.259,4.85769209624468e-20
"CDK5RAP3",1.99246016754188e-24,0.723228587360771,0.475,0.442,5.12301358278368e-20
"ACYP2",2.01427060965398e-24,0.922659761541905,0.3,0.231,5.17909259154232e-20
"GRB14",2.25404464191455e-24,0.991569760610439,0.308,0.239,5.7955995832907e-20
"ZCCHC8",2.26682122605829e-24,-0.268826443965338,0.181,0.267,5.82845073644109e-20
"ZBED4",2.41564213793515e-24,-0.332846414316199,0.057,0.107,6.21109906505886e-20
"SLC41A3",2.54197861503418e-24,-0.327076051352815,0.276,0.379,6.53593541497587e-20
"SLC25A17",2.87023403337556e-24,-0.284906514332148,0.234,0.329,7.37994574661525e-20
"PHF13",2.87451853726701e-24,-0.565829338286542,0.091,0.153,7.39096206302095e-20
"PXYLP1",2.92912677662917e-24,-0.401791725685353,0.082,0.141,7.53137076806893e-20
"TRAK1",2.99472811576666e-24,-0.423391968142893,0.08,0.139,7.70004493125923e-20
"STK16",3.20061191648167e-24,-0.263092909480279,0.381,0.488,8.22941335965766e-20
"ARFIP1",3.54068489087646e-24,-0.330872643751697,0.196,0.286,9.10380899142156e-20
"DTL",3.70878279450561e-24,-0.361226828029976,0.092,0.154,9.53602232123283e-20
"USP37",3.90295761563949e-24,-0.264653826967292,0.104,0.172,1.00352846213323e-19
"SLF2",4.18890496685992e-24,-0.420938805269008,0.121,0.192,1.07705124507902e-19
"KLF11",4.30304461034883e-24,-0.306957548878684,0.237,0.333,1.10639883021289e-19
"GPR155",4.36485007090696e-24,1.46438840726914,0.118,0.059,1.1222902502316e-19
"CRYM",4.70204830076346e-24,-0.291471131600698,0.221,0.314,1.2089906590923e-19
"TAF15",4.86701775518615e-24,-0.250372787066712,0.415,0.529,1.25140760521346e-19
"FAM13B",4.8748489970949e-24,-0.324686930893308,0.089,0.151,1.25342117413304e-19
"SEC63",4.88311673241909e-24,0.521808717247838,0.584,0.564,1.2555469742396e-19
"ATG7",5.14226871784609e-24,-0.417638761264457,0.111,0.179,1.32218013273259e-19
"SGPP1",5.18564544914858e-24,-0.325097447881661,0.107,0.178,1.33333315788508e-19
"WDHD1",5.28664122222278e-24,-0.297917384748528,0.059,0.11,1.35930119105792e-19
"CLDN15",5.39935683352562e-24,0.991870292974121,0.254,0.184,1.38828262903611e-19
"XRN1",5.4885488763255e-24,1.14746206332228,0.244,0.172,1.41121568708081e-19
"DIABLO",5.72457796376044e-24,1.10543804881659,0.252,0.181,1.47190348604208e-19
"PITPNC1",5.89142085808869e-24,1.08270993952034,0.17,0.102,1.51480213103176e-19
"MED12",5.9014709468476e-24,-0.420435493905556,0.08,0.139,1.51738620985346e-19
"TCF7",5.98528172406306e-24,-0.320557580774907,0.142,0.219,1.53893563689109e-19
"FBXO34",5.99695629298997e-24,-0.498659462384591,0.085,0.146,1.54193740205358e-19
"AGGF1",6.13090630394441e-24,-0.272077579246232,0.325,0.432,1.57637862887019e-19
"MAPK7",6.27813607501581e-24,-0.557555264677268,0.07,0.125,1.61423434760806e-19
"CDC25B",6.30546072341736e-24,-0.310536616532664,0.249,0.346,1.62126006120507e-19
"RAB20",6.38885410760839e-24,0.971435656450276,0.339,0.28,1.64270216814827e-19
"BOLA2B",7.06872651322844e-24,1.04965718931427,0.247,0.174,1.8175109610813e-19
"SGMS2",7.67673635358313e-24,1.41687806494983,0.11,0.052,1.9738424512333e-19
"TCAIM",9.61230378535433e-24,0.704913551425779,0.401,0.34,2.4715155492903e-19
"MAPRE3",9.71611866957327e-24,-0.510288973733151,0.087,0.149,2.49820843232068e-19
"AKIP1",9.77043273307584e-24,0.834044832700463,0.333,0.266,2.51217366432846e-19
"RAPGEF1",9.78667306948775e-24,-0.303855754478414,0.118,0.188,2.51634937962669e-19
"PIK3R4",1.00198046183062e-23,-0.439902216777275,0.08,0.138,2.57629216345889e-19
"GLUD1",1.00240358261407e-23,0.558785427497804,0.621,0.63,2.57738009161729e-19
"RWDD2B",1.02427637436114e-23,-0.413028163470754,0.135,0.209,2.63361941375736e-19
"PTPN23",1.07704761956622e-23,-0.398407509693539,0.12,0.19,2.76930483942865e-19
"DCBLD1",1.08807530435887e-23,-0.340772484441638,0.1,0.167,2.79765922256754e-19
"PRKAB1",1.18800715286532e-23,-0.266797369441188,0.187,0.272,3.05460399144731e-19
"SNX30",1.31224947300954e-23,-0.511487924338065,0.054,0.103,3.37405584500213e-19
"DIRC2",1.36822506799565e-23,-0.724528024951788,0.076,0.133,3.51798029483041e-19
"FLJ37453",1.52393876926471e-23,-0.61488874773088,0.078,0.135,3.91835136353343e-19
"RNMTL1",1.53294525217819e-23,-0.350507854220865,0.159,0.239,3.94150883240057e-19
"PIN4",1.53945884258979e-23,0.433658279862905,0.707,0.703,3.95825657606687e-19
"CROT",1.62423097769466e-23,1.07981707606508,0.291,0.228,4.17622268984852e-19
"PLXNA2",1.78116561348021e-23,-0.472054520001113,0.054,0.103,4.57973302538031e-19
"VANGL1",1.95600424125971e-23,-0.738737260141919,0.071,0.126,5.02927810512695e-19
"OTUD5",2.10214874252479e-23,-0.299881871982599,0.138,0.213,5.40504484677974e-19
"B9D2",2.29003600558944e-23,-0.351257350289843,0.106,0.173,5.88814057757158e-19
"NUP35",2.40645233086656e-23,-0.256980267181775,0.168,0.249,6.1874702331241e-19
"RP11-347P5.1",2.43026458225888e-23,1.82921229608622,0.147,0.085,6.24869629390403e-19
"SIDT2",2.5244227049063e-23,-0.48748174585379,0.062,0.113,6.49079565885508e-19
"SLC36A4",2.57138012490635e-23,1.09958490499397,0.156,0.091,6.61153257715921e-19
"MAGT1",3.07504170211508e-23,0.780978458316627,0.424,0.37,7.90654722447831e-19
"EPC2",3.53181665693904e-23,-0.475201714199333,0.073,0.129,9.08100698832165e-19
"DNAJC14",3.72127813402114e-23,-0.404414263145107,0.158,0.238,9.56815033819515e-19
"ARHGAP1",4.03895668320275e-23,-0.353499297675323,0.155,0.233,1.03849654238509e-18
"CXCL2",4.3728842458968e-23,0.839645073825396,0.546,0.516,1.12435599730498e-18
"ZC3H6",4.43705885620669e-23,-0.391222719981771,0.082,0.14,1.14085657310786e-18
"PNPT1",4.44009457684707e-23,-0.258005623849915,0.257,0.354,1.14163711759892e-18
"PTPN6",4.50356403374419e-23,-0.269736956637308,0.178,0.26,1.15795638435631e-18
"POLE2",4.90410008386483e-23,-0.480559217830794,0.122,0.192,1.26094221356333e-18
"TRAC",4.93992458787016e-23,0.917116947053664,0.157,0.09,1.27015341003317e-18
"OMA1",4.95519598584937e-23,0.9569552889548,0.246,0.174,1.27407999188159e-18
"C2orf72",5.06068396486818e-23,1.37490394149152,0.178,0.111,1.30120306104691e-18
"CIC",5.22070305010791e-23,-0.304757786567387,0.091,0.152,1.34234716824375e-18
"PAQR9-AS1",5.4379695296519e-23,1.27820731166386,0.226,0.161,1.3982107254641e-18
"IGLC3",5.66783616201394e-23,3.31469307138112,0.23,0.183,1.45731403397703e-18
"ZBTB8A",5.67974193876743e-23,-0.425860567291414,0.057,0.107,1.46037524729588e-18
"DYM",5.72023276907235e-23,-0.296065898588448,0.224,0.317,1.47078624958388e-18
"CLPB",6.44075766023071e-23,0.963642626056961,0.147,0.082,1.65604760959852e-18
"MICAL3",6.69269800981289e-23,-0.267560012794097,0.126,0.197,1.72082651228309e-18
"PARPBP",6.91655930920443e-23,-0.273583497880197,0.116,0.184,1.77838572958264e-18
"STAT2",7.03858001120074e-23,1.08906167518359,0.215,0.147,1.80975969247993e-18
"CDC25C",7.09600760159276e-23,-0.43247941727992,0.081,0.138,1.82452547452153e-18
"CTB-50L17.14",7.65335050265697e-23,1.60304994017332,0.107,0.052,1.96782948124316e-18
"CYFIP1",7.67740933867698e-23,-0.264814072029404,0.236,0.326,1.97401548916063e-18
"CAPZA1",9.68383926458666e-23,0.559879740874865,0.654,0.642,2.48990875171052e-18
"ZC3H7B",1.1169256494236e-22,-0.250380891169236,0.113,0.181,2.87183922979796e-18
"IFIT3",1.14557256983816e-22,1.38789679987158,0.12,0.061,2.94549619156788e-18
"CCBL1",1.14905016322766e-22,1.16740690169808,0.165,0.099,2.95443777969095e-18
"MYO5B",1.14951858803322e-22,1.45137933957255,0.175,0.11,2.95564219355101e-18
"KCTD3",1.29331446388826e-22,0.861925225689546,0.383,0.332,3.3253701495495e-18
"SIN3B",1.36557368875232e-22,-0.497478508714786,0.075,0.131,3.51116306851996e-18
"TPRA1",1.37396216776841e-22,-0.370011463661862,0.284,0.384,3.53273152576614e-18
"USP46",1.42535986526032e-22,-0.456118134942281,0.12,0.189,3.66488528555733e-18
"PIGB",1.5353631883964e-22,-0.526545031629314,0.087,0.145,3.94772583000483e-18
"MGAT4A",1.56361599920268e-22,1.20812369946656,0.22,0.154,4.02036945714994e-18
"RBFA",1.58138250744813e-22,0.93230235410919,0.304,0.242,4.06605070315062e-18
"RNF111",1.59012293700938e-22,-0.311820552721157,0.114,0.182,4.08852409563851e-18
"PPA2",1.59722132950984e-22,0.760836619922083,0.595,0.591,4.10677548243571e-18
"IBA57",1.65294991669939e-22,-0.580534170869786,0.092,0.152,4.25006482581746e-18
"FAM3C",1.65303093097629e-22,0.821936094865829,0.565,0.567,4.25027312972624e-18
"PRRC1",1.71913212080403e-22,0.944158300403592,0.289,0.222,4.42023250901132e-18
"VPS29",1.73173283008616e-22,0.422221261863097,0.805,0.806,4.45263145271753e-18
"SORT1",1.7330657001219e-22,-0.350623169124731,0.136,0.21,4.45605852815342e-18
"SENP1",1.80326609051691e-22,-0.355791347041277,0.057,0.107,4.63655777193707e-18
"CLN3",1.88726816184729e-22,0.69651737441424,0.519,0.487,4.85254389774174e-18
"EPOR",1.8911376554734e-22,-0.412015818025854,0.066,0.118,4.86249313975319e-18
"LENG1",1.93412116527385e-22,0.811202202495202,0.29,0.221,4.97301234015213e-18
"RBM47",2.05395803661867e-22,0.762222857178864,0.423,0.377,5.28113690375393e-18
"ZNF250",2.09351623112016e-22,-0.925385111054029,0.053,0.1,5.38284893345616e-18
"MON1A",2.09558000016252e-22,-0.540312943368519,0.101,0.163,5.38815529641787e-18
"DUSP10",2.13805924951493e-22,0.782876120590482,0.409,0.351,5.4973779423528e-18
"PDP2",2.20599873475431e-22,-0.407363128554136,0.086,0.145,5.67206394680028e-18
"CPTP",2.29700758402732e-22,0.990281926072263,0.277,0.215,5.90606590005104e-18
"SEPT8",2.29949397706834e-22,-0.314041289540453,0.114,0.181,5.91245891383812e-18
"RITA1",2.44553046939249e-22,-0.28860772934719,0.315,0.419,6.28794794290197e-18
"CYP4V2",2.89172206183335e-22,1.08812838382094,0.175,0.109,7.43519576538591e-18
"MCM3AP",2.98822059412874e-22,-0.351324576521186,0.123,0.193,7.68331279162381e-18
"RAB37",3.41987622756038e-22,-0.626744720008812,0.063,0.113,8.79318575630324e-18
"ATAD5",3.54726512819779e-22,-0.366091737002141,0.109,0.174,9.12072809762217e-18
"C2orf49",3.99035153865856e-22,-0.302011663865467,0.206,0.294,1.02599918761989e-17
"TM9SF1",4.11597951600263e-22,-0.302466766971071,0.087,0.147,1.0583006531546e-17
"RPS6KC1",4.12470468964021e-22,-0.440745980951054,0.111,0.177,1.06054406980029e-17
"SLC2A6",4.23004604089654e-22,-0.263207486469319,0.097,0.161,1.08762943803532e-17
"FANCA",4.23927210715232e-22,-0.439268869519616,0.112,0.176,1.090001644191e-17
"MLKL",4.84500238722341e-22,-0.829559418206645,0.061,0.109,1.24574701380288e-17
"RGS12",5.09451601846246e-22,1.00521422420518,0.212,0.146,1.30990195866707e-17
"HDHD3",5.23327478062777e-22,0.67808534286304,0.497,0.484,1.34557961159501e-17
"C16orf70",5.42122778227482e-22,-0.328999496697432,0.164,0.243,1.3939060873785e-17
"AC005355.2",5.49834860069202e-22,-0.509548878081091,0.099,0.16,1.41373539220993e-17
"MYO5C",5.60770650640744e-22,-0.440318292478377,0.076,0.132,1.44185349692748e-17
"FITM2",5.68591897134624e-22,-0.455226105436487,0.096,0.156,1.46196348591255e-17
"ZDHHC11",5.72249154373677e-22,-0.452801060518266,0.066,0.118,1.4713670257256e-17
"DHX8",5.89524101646764e-22,-0.289672509680137,0.168,0.246,1.51578437015416e-17
"MED26",6.01717599580674e-22,-0.49635576980394,0.077,0.132,1.54713629204183e-17
"PPP1R7",6.21907848098602e-22,0.577346469123233,0.548,0.522,1.59904945903113e-17
"ZNF260",6.5106449055522e-22,-0.41175330602179,0.069,0.122,1.67401701811558e-17
"TMEM192",6.8886177548952e-22,0.711713811274143,0.313,0.249,1.77120139713865e-17
"BCL11A",6.98290648947607e-22,-0.379881304668238,0.073,0.127,1.79544491657409e-17
"PXK",7.20537321687749e-22,-0.354456215517919,0.14,0.212,1.85264556152354e-17
"TXNL4A",7.81386046512085e-22,0.517426419454562,0.603,0.616,2.00909980279187e-17
"PTGR2",8.46006165893483e-22,0.900436435151176,0.222,0.154,2.17525105374532e-17
"LYPLA1",8.85944266706161e-22,0.388804369998743,0.674,0.684,2.27793989855488e-17
"C3orf17",9.28605422951565e-22,-0.32381458618064,0.226,0.315,2.38763026349306e-17
"LRCH3",9.6367087537482e-22,-0.320935965490778,0.118,0.185,2.47779055476374e-17
"KATNAL1",9.80896720757345e-22,-0.507364430057528,0.058,0.107,2.52208164841128e-17
"POFUT2",1.11694908120874e-21,-0.587475733733668,0.082,0.138,2.87189947760391e-17
"AREG",1.15416080877273e-21,0.78696739503084,0.156,0.237,2.96757827151645e-17
"FAM162A",1.26132842186532e-21,0.394676402157719,0.808,0.825,3.24312763830011e-17
"DDX55",1.28143945945868e-21,-0.303197112628665,0.215,0.303,3.29483713816017e-17
"MAST4",1.32566104147251e-21,1.09587043614085,0.184,0.119,3.40853966983413e-17
"ZNF557",1.33050252574856e-21,-0.59149134092219,0.061,0.111,3.4209880942047e-17
"FAM120C",1.37865089246456e-21,-0.641997662312892,0.07,0.122,3.54478717470487e-17
"PKN2",1.58108972267682e-21,0.877385156425756,0.328,0.266,4.06529789494664e-17
"GLCE",1.59743127727116e-21,1.09068301566903,0.218,0.153,4.10731530011962e-17
"FAM149B1",1.64472572808867e-21,-0.553342501547582,0.063,0.113,4.2289187920616e-17
"ANAPC2",1.69025891463778e-21,-0.386298695288854,0.174,0.251,4.34599372131667e-17
"XXbac-BPG252P9.9",1.69621326244648e-21,-0.479901642278992,0.092,0.151,4.36130354040239e-17
"SPC24",1.71502032913398e-21,-0.311149097299336,0.088,0.145,4.40966027026928e-17
"SH2D4A",1.71932503339462e-21,1.21183070686041,0.194,0.129,4.42072852586424e-17
"APOA4",1.89799997422057e-21,0.991930998851275,0.147,0.227,4.88013753371594e-17
"RASSF3",2.00682715992753e-21,1.3817533319325,0.228,0.166,5.15995399360566e-17
"TMEM150C",2.03349272022516e-21,1.22102992593542,0.105,0.051,5.22851648224293e-17
"SIK2",2.12466908394508e-21,1.17879797376509,0.113,0.057,5.46294914863958e-17
"GPKOW",2.15895120017254e-21,-0.311591475135473,0.277,0.372,5.55109532588364e-17
"VPS11",2.81805660230541e-21,1.13342653078209,0.133,0.074,7.24578713584767e-17
"SCFD2",2.90907127386137e-21,-0.449373888598714,0.065,0.115,7.47980405935236e-17
"CCL4",3.22825902706129e-21,0.604884081491405,0.447,0.411,8.30049961037999e-17
"PRKRIP1",3.32309078731795e-21,-0.315788280131321,0.254,0.345,8.54433103235192e-17
"ATG16L1",3.36967576161546e-21,-0.436707013783398,0.092,0.151,8.66411031826566e-17
"TNKS",3.96843144192675e-21,-0.308461574304718,0.07,0.122,1.02036309234821e-16
"KAT7",4.01335542234045e-21,-0.251331319795731,0.194,0.274,1.03191394619218e-16
"CHST15",4.18936389776724e-21,1.20556448876984,0.113,0.058,1.07716924539391e-16
"MS4A4A",4.47218215199561e-21,0.763760344086615,0.119,0.062,1.14988747492111e-16
"ZNF583",4.81716905577386e-21,-0.599467353069494,0.056,0.103,1.23859050762058e-16
"PVRL3",5.04205759954544e-21,-0.331761176043501,0.182,0.261,1.29641384999512e-16
"VPS13B",5.06977203750975e-21,-0.267149016134577,0.1,0.161,1.30353978628451e-16
"SLC2A3",5.28765746024687e-21,-0.290287283112924,0.111,0.176,1.35956248617867e-16
"RP11-798K3.2",5.47512576114611e-21,0.775148108545055,0.436,0.381,1.40776433570589e-16
"BHLHE40",5.55545742494798e-21,0.77060662267703,0.329,0.265,1.42841921310262e-16
"ZNF280D",5.75128473777103e-21,-0.251892107763191,0.267,0.361,1.47877033177569e-16
"STAP2",5.95109704198791e-21,0.752513712992667,0.422,0.382,1.53014607143593e-16
"MED11",6.0694067968767e-21,1.07498461046547,0.248,0.184,1.56056587561294e-16
"WWC1",6.14912593492348e-21,-0.423937900466542,0.068,0.119,1.58106326038752e-16
"TRAF6",6.15314302235786e-21,-0.342507539141939,0.075,0.128,1.58209613390865e-16
"BTAF1",6.29637705340591e-21,-0.446936449347185,0.076,0.13,1.61892446797173e-16
"ARNTL",6.36066793641918e-21,-0.543064552353993,0.078,0.132,1.6354549398121e-16
"B3GAT3",6.57225922096004e-21,0.689763558440377,0.404,0.361,1.68985929089325e-16
"PCSK7",6.57980210946006e-21,-0.282268180810034,0.243,0.332,1.69179871838437e-16
"DHCR7",7.19129294710673e-21,0.827228734668374,0.516,0.502,1.84902524256008e-16
"WWP1",7.31962679017553e-21,0.664347779841906,0.446,0.408,1.88202244028993e-16
"ADAT2",7.52842892470594e-21,-0.564006100050888,0.085,0.14,1.93570964512039e-16
"EIF4G1",7.552993265174e-21,0.510774304855218,0.566,0.547,1.94202562834154e-16
"ARHGDIB",7.99233780482815e-21,0.965875429097377,0.313,0.243,2.05498989637741e-16
"MFSD14B",8.45964523910269e-21,-0.303461218622371,0.107,0.169,2.17514398387808e-16
"ALDH5A1",8.78374705262759e-21,1.05922315020511,0.276,0.217,2.25847704217161e-16
"PNISR",8.90705481247356e-21,0.54118781312448,0.626,0.603,2.2901819333832e-16
"MDM2",9.83318869075058e-21,0.938495651106984,0.3,0.238,2.52830947616579e-16
"ZBTB11-AS1",1.10694083646806e-20,-0.862259514592536,0.06,0.107,2.84616627872668e-16
"ZFP36L1",1.1934120237449e-20,0.551065978730668,0.744,0.728,3.0685009954529e-16
"ZNF786",1.21901807295315e-20,-0.546595234382703,0.06,0.108,3.13433926917714e-16
"CRLF3",1.36185115634724e-20,-0.295633422363475,0.122,0.188,3.50159169320002e-16
"LAPTM4A",1.55815451309772e-20,0.355703826594953,0.894,0.915,4.00632688407686e-16
"CASD1",1.61082433896324e-20,-0.300578404584685,0.085,0.141,4.14175154034228e-16
"MANBA",1.62054233551962e-20,1.14157419408524,0.121,0.065,4.16673845308804e-16
"NOL8",1.69801494487919e-20,-0.253239953215371,0.195,0.276,4.36593602627337e-16
"DAZAP2",1.70715250046097e-20,0.408288109934401,0.756,0.743,4.38943050918524e-16
"RIOK3",1.91026838325024e-20,0.681957329135886,0.401,0.353,4.91168206701302e-16
"IL1R2",1.95555568357541e-20,1.15918115425546,0.18,0.117,5.02812477360911e-16
"MKL2",2.14498174582407e-20,-0.476531187281727,0.065,0.114,5.51517706486284e-16
"TMCO1",2.17677673972257e-20,0.27989903805678,0.848,0.882,5.59692835317467e-16
"ETV2",2.17929896972726e-20,1.40666307153896,0.105,0.053,5.60341351096272e-16
"C5orf28",2.22117529899275e-20,0.954872581963572,0.252,0.188,5.71108592877017e-16
"KTI12",2.2538187290674e-20,-0.492167181694163,0.15,0.221,5.7950187161781e-16
"DDO",2.33911247860599e-20,1.31640283815833,0.102,0.05,6.01432600499172e-16
"PLBD2",2.44974281935086e-20,-0.392942580376855,0.157,0.23,6.29877873711493e-16
"RASAL2",2.49533945330041e-20,-0.335903992757492,0.091,0.149,6.41601680232602e-16
"C5orf45",2.63174165742243e-20,1.12403597831049,0.202,0.142,6.76673414956455e-16
"MS4A6A",2.71738507444386e-20,0.547351945313511,0.161,0.098,6.98694050341005e-16
"FAN1",2.95728727539897e-20,-0.312997053424477,0.09,0.147,7.60377704250584e-16
"ZBTB38",3.1523169361784e-20,0.82792229980293,0.326,0.27,8.10523730630191e-16
"STX4",3.32168530123069e-20,0.865970677486631,0.387,0.334,8.54071724652435e-16
"TBC1D14",3.3681693872566e-20,-0.301828550149359,0.105,0.166,8.66023712851417e-16
"GNG11",3.44514359480221e-20,0.441205859127518,0.077,0.13,8.85815321095545e-16
"PCNXL3",3.48131966841503e-20,-0.356764865418763,0.065,0.114,8.95116913142873e-16
"RASA1",3.48173694434714e-20,-0.270133434945173,0.096,0.154,8.95224203130538e-16
"CCDC150",3.66211039435361e-20,-0.57414015545612,0.056,0.102,9.41601824596201e-16
"ANKH",3.7023903708814e-20,0.958215571736222,0.236,0.172,9.51958612161026e-16
"PAFAH2",3.71893355562722e-20,-0.558157580103473,0.089,0.144,9.56212195822871e-16
"NARFL",3.84325354327113e-20,-0.276023071248177,0.174,0.251,9.88177351045872e-16
"EGFR-AS1",3.91928757889573e-20,-0.761295851313752,0.059,0.105,1.00772722228567e-15
"CXCL6",4.79410761604724e-20,1.2814297276159,0.074,0.129,1.23266095023807e-15
"RTN4IP1",4.88759429771305e-20,-0.395958890190461,0.112,0.174,1.25669824582798e-15
"PCYOX1",5.02073190911948e-20,0.673052477902137,0.41,0.364,1.2909305884728e-15
"SCG5",5.16352186156038e-20,1.18889853759021,0.143,0.087,1.3276447410444e-15
"MIER1",5.62516480300727e-20,0.848011822511394,0.343,0.287,1.44634237414923e-15
"UHMK1",6.00220929076733e-20,0.718175230273907,0.475,0.446,1.54328805284209e-15
"PPM1K",6.00543519272795e-20,-0.283368282605782,0.117,0.181,1.54411749675421e-15
"RP11-713M15.2",6.0931902454303e-20,-0.849332080160782,0.083,0.135,1.56668107590504e-15
"HLA-F",6.59425237573129e-20,0.770080737327643,0.375,0.325,1.69551417084803e-15
"FLVCR2",6.69953461272818e-20,-0.694141999469006,0.067,0.115,1.72258433962467e-15
"GLI4",6.70155278807912e-20,-0.309980319135163,0.19,0.272,1.7231032528709e-15
"UXT",6.97382661659305e-20,0.286690437194022,0.788,0.806,1.79311029965841e-15
"ODF3B",7.38641072313305e-20,1.03120465190687,0.182,0.121,1.89919392513197e-15
"NR1H2",7.53688685078024e-20,0.645277855503229,0.441,0.404,1.93788434707261e-15
"QSER1",8.85229463890797e-20,-0.267169603789661,0.103,0.163,2.27610199755602e-15
"CC2D1A",8.90851775428646e-20,-0.329586528756537,0.169,0.244,2.29055808498214e-15
"KANSL3",1.15123949899401e-19,-0.454886917580009,0.103,0.161,2.9600669998134e-15
"LRP12",1.31360916430428e-19,-0.255439848871944,0.085,0.14,3.37755188325917e-15
"ASB3",1.38852819007369e-19,-0.515448364470994,0.086,0.14,3.57018368231747e-15
"FAM109A",1.44635271369638e-19,-0.274619975154016,0.087,0.143,3.71886209745613e-15
"ATAD3A",1.59256135630522e-19,-0.290823218822285,0.245,0.337,4.09479375933198e-15
"ROGDI",1.72244066664054e-19,-0.28320922189787,0.276,0.368,4.42873944206615e-15
"C1orf122",1.83470702290165e-19,0.6282495400876,0.497,0.484,4.71739869728471e-15
"GRPEL2",1.89138340968254e-19,-0.337597785932699,0.125,0.189,4.86312502297575e-15
"CTA-292E10.6",1.89507299227966e-19,-0.275153756935154,0.093,0.15,4.87261167774945e-15
"KLHDC4",1.95800283544274e-19,-0.379150266253658,0.138,0.206,5.03441689049037e-15
"NMD3",2.29554392410708e-19,0.550756188663362,0.513,0.481,5.90230253766413e-15
"TMEM79",2.34713547329059e-19,-0.482209129838584,0.075,0.125,6.03495472892476e-15
"NACC1",2.38462180407109e-19,-0.321115602826817,0.129,0.194,6.13133958262758e-15
"ANKRD13A",2.43329359946179e-19,-0.293050734830589,0.135,0.203,6.25648450293615e-15
"G0S2",2.4591209721639e-19,0.551966792982368,0.576,0.571,6.32289184362783e-15
"SLC4A7",2.84004886572067e-19,1.41182709204379,0.133,0.079,7.30233364354099e-15
"WDR41",2.85693163380041e-19,-0.253241169360186,0.283,0.374,7.34574261682761e-15
"ZDHHC24",2.85782583440521e-19,-0.43330052322314,0.169,0.242,7.34804178542268e-15
"C3orf62",3.06376185763767e-19,-0.409849348251473,0.061,0.107,7.87754448835797e-15
"PDE3B",3.39506111006603e-19,1.26611159564162,0.133,0.078,8.72938112620179e-15
"DCPS",3.40712601642526e-19,0.694613045886763,0.44,0.407,8.76040241343264e-15
"DLD",3.73180250740909e-19,0.565500872078882,0.612,0.606,9.59521060705025e-15
"TMEM74",3.87086181898771e-19,-0.709612987359738,0.058,0.102,9.9527599089812e-15
"LHFPL2",3.96770032756477e-19,-0.498309485440192,0.071,0.12,1.02017510822345e-14
"UNG",4.15457044552592e-19,-0.352051769535361,0.271,0.356,1.06822315295362e-14
"FAT1",4.16955567873536e-19,1.16498930215951,0.162,0.104,1.07207615611644e-14
"MFSD12",4.58675781573637e-19,-0.363272683917448,0.107,0.165,1.17934716958214e-14
"ZNHIT6",4.63895825873662e-19,-0.288091113160671,0.128,0.193,1.19276894748636e-14
"ZNF281",4.69483106883455e-19,0.686307212735549,0.447,0.409,1.20713496441874e-14
"ENTHD2",4.98636000991888e-19,-0.283021387806571,0.115,0.176,1.28209288575034e-14
"POLI",5.04271622266337e-19,-0.433223571484042,0.072,0.122,1.29658319517121e-14
"ZKSCAN5",6.41321971985414e-19,-0.384710844576817,0.057,0.102,1.6489670543689e-14
"LARP1B",6.59468817946421e-19,0.976568673163554,0.229,0.167,1.69562622470384e-14
"ZBED3",7.21643906346879e-19,-0.388361839345354,0.109,0.168,1.85549081199909e-14
"B4GALNT1",7.29263539392834e-19,-0.464181265729002,0.075,0.124,1.87508241248686e-14
"RBSN",7.43363087759976e-19,-0.403527049711432,0.116,0.177,1.91133517124845e-14
"SYNE2",7.50851860857563e-19,0.86897221602049,0.242,0.177,1.93059030463697e-14
"DDX20",7.69963612235042e-19,-0.408174343832318,0.101,0.158,1.97973043977874e-14
"NUCB1",8.32933689546658e-19,0.39142188500255,0.725,0.736,2.14163910256237e-14
"CDC42",8.77777663943421e-19,0.412640093933544,0.851,0.865,2.25694192953132e-14
"MBD5",9.76981542113347e-19,-0.505724957454114,0.075,0.125,2.51201494108184e-14
"C10orf10",1.0842244753493e-18,1.10300335716571,0.479,0.493,2.78775797101812e-14
"SAMD4A",1.15419137812142e-18,-0.491135618960452,0.108,0.166,2.96765687142579e-14
"NR2C2",1.17289509424644e-18,-0.330478024889927,0.087,0.14,3.01574786632644e-14
"AP4E1",1.29462095451594e-18,-0.406625067756544,0.072,0.121,3.32872939825138e-14
"VPS8",1.35377056522959e-18,-0.290536950725485,0.136,0.202,3.48081487731833e-14
"TSC1",1.37109304323237e-18,-0.281085119075712,0.111,0.171,3.52535443275908e-14
"ZRANB2",1.3966985809854e-18,0.650972258105961,0.461,0.424,3.59119139142966e-14
"RBCK1",1.41559281652266e-18,0.70216933664136,0.667,0.704,3.63977224984307e-14
"ALG14",1.47213008545263e-18,0.779297020126209,0.392,0.346,3.7851408757158e-14
"RINL",1.5089652855497e-18,0.929215173188808,0.123,0.069,3.87985154220538e-14
"APOL2",1.61257300572206e-18,0.933711772089864,0.259,0.197,4.14624771231256e-14
"INTS4",1.69616678072358e-18,-0.436847739268413,0.113,0.171,4.36118402659648e-14
"BBS10",1.73068305753636e-18,-0.378719445597082,0.056,0.1,4.44993227753749e-14
"ZYG11B",1.78774689152446e-18,0.915587592056875,0.236,0.176,4.59665480748769e-14
"ROCK2",1.79551005060615e-18,0.813712325356374,0.275,0.215,4.61661544211854e-14
"PLOD2",1.81854198717787e-18,0.684858354471248,0.464,0.41,4.67583515743174e-14
"XAGE1B",1.95603375984141e-18,-0.334537595067867,0.057,0.1,5.02935400330423e-14
"FAM174B",2.00356110805793e-18,-0.524135546802969,0.062,0.107,5.15155632103856e-14
"AIF1",2.09439268493661e-18,0.323878600713646,0.347,0.284,5.38510247150901e-14
"STK10",2.18717314144656e-18,-0.417159960376899,0.061,0.105,5.62365958128741e-14
"SLC18B1",2.34527189247859e-18,1.27648600634021,0.213,0.155,6.03016308994095e-14
"EBNA1BP2",2.35817127932896e-18,0.516723864943037,0.575,0.562,6.06332999341063e-14
"TMEM168",2.38623842562692e-18,-0.281092458935098,0.115,0.176,6.13549623997193e-14
"ZNF189",2.40370978173801e-18,1.36418998334728,0.165,0.11,6.18041859080477e-14
"TOLLIP",2.62287693795744e-18,0.645603218243111,0.466,0.458,6.74394118287616e-14
"GPAA1",2.62317023734068e-18,0.425149506544528,0.646,0.675,6.74469531425035e-14
"RP11-421L21.3",2.81232473859343e-18,1.26595427507746,0.139,0.085,7.23104936787143e-14
"CD53",3.05130875178288e-18,1.00613508319934,0.135,0.079,7.84552506258413e-14
"CHCHD6",3.15368957010048e-18,-0.282273732419889,0.247,0.331,8.10876662264236e-14
"ELMO1",3.18344203349659e-18,0.728706329610682,0.219,0.155,8.18526615652642e-14
"ATG12",3.41313512618099e-18,0.542224563358817,0.568,0.568,8.77585303643655e-14
"GAMT",3.59209995891331e-18,0.597222163248788,0.711,0.8,9.23600741435791e-14
"PLA1A",3.66899959811991e-18,0.758602305916855,0.297,0.241,9.43373176668591e-14
"C5orf30",3.86725582825241e-18,-0.298916859448056,0.098,0.153,9.9434881856026e-14
"NEDD4L",4.09123846434188e-18,0.81422346623843,0.357,0.309,1.05193923395159e-13
"INTS2",4.09646883600875e-18,-0.295738498662736,0.068,0.115,1.05328406711457e-13
"ARL6IP4",4.21167145999886e-18,0.278368459227614,0.844,0.892,1.08290496579491e-13
"TCEB3",4.2841059556069e-18,0.730660812309674,0.363,0.314,1.10152932330565e-13
"TPM1",4.51167353224908e-18,0.628248166121725,0.729,0.744,1.16004149861188e-13
"LRRC14",4.53789885940091e-18,0.976288366780541,0.15,0.094,1.16678455472916e-13
"MINCR",4.55813231885199e-18,1.16304185602981,0.268,0.22,1.17198698182322e-13
"C11orf1",4.87217360306107e-18,0.746848448854903,0.255,0.196,1.25273327681906e-13
"MTFR1L",5.77394709953156e-18,0.696967419634237,0.363,0.314,1.48459727823156e-13
"CYB561D2",5.83846316131862e-18,0.616467127499136,0.403,0.357,1.50118564803824e-13
"C19orf12",5.93367320620057e-18,0.981804443381954,0.351,0.314,1.52566605477829e-13
"MRPS33",6.09671823248164e-18,0.342836893906421,0.756,0.766,1.56758819193568e-13
"NOTUM",7.0647439287121e-18,-0.313148042321186,0.092,0.146,1.81648695895046e-13
"RAD54B",7.86069358619732e-18,-0.618276255010653,0.061,0.104,2.02114153488306e-13
"UBXN8",8.31161269556127e-18,1.03952348631171,0.195,0.138,2.13708185628271e-13
"SMG9",8.40768081004653e-18,-0.365936421005174,0.141,0.205,2.16178288987916e-13
"CUEDC2",8.41987603479923e-18,0.55971528024719,0.475,0.446,2.16491852606758e-13
"RIOK2",8.51564069977908e-18,-0.272912366783395,0.215,0.293,2.1895415367272e-13
"AKR1D1",8.80639605317442e-18,1.2531052637026,0.115,0.065,2.26430055319221e-13
"MSRA",8.85768662138113e-18,0.984780958857115,0.199,0.142,2.27748838408952e-13
"ANO10",8.91715520341047e-18,-0.317541745503073,0.167,0.237,2.2927789459009e-13
"ARHGEF12",9.16365477044175e-18,0.965397917923182,0.313,0.263,2.35615891457598e-13
"ATP11C",1.01817636599666e-17,1.06526608495618,0.147,0.094,2.61793507225061e-13
"TTC28",1.02989925099698e-17,-0.282972375646013,0.077,0.126,2.64807695416342e-13
"HGSNAT",1.06794159950827e-17,1.12384879359584,0.136,0.084,2.74589144065567e-13
"PRMT3",1.1769855040405e-17,-0.430890103994736,0.124,0.184,3.02626512798894e-13
"BOK",1.18759631081328e-17,0.989301038121869,0.219,0.162,3.05354763436311e-13
"RNF43",1.25448169497134e-17,1.10356918423852,0.164,0.108,3.2255233341103e-13
"GNE",1.32150361524331e-17,1.10462500684512,0.117,0.067,3.39785009551359e-13
"YTHDF3-AS1",1.37091094823841e-17,1.12898180941454,0.123,0.072,3.52488623011059e-13
"RP5-940J5.9",1.50987676091855e-17,-0.388465460303304,0.148,0.213,3.88219512767378e-13
"MIA3",1.57111087803276e-17,0.813443068532801,0.383,0.346,4.03964028959784e-13
"COMMD8",1.59810732149464e-17,0.690295034445332,0.442,0.408,4.10905354502701e-13
"E2F5",1.71737573746232e-17,-0.363212093023876,0.067,0.113,4.41571649616311e-13
"CTU2",1.72112807008619e-17,-0.326386133384177,0.162,0.229,4.4253644938056e-13
"RICTOR",1.77268527048991e-17,0.980765385758168,0.268,0.211,4.55792836748365e-13
"RABEPK",1.97235031602078e-17,0.73645371652898,0.334,0.287,5.07130713255262e-13
"CAV1",2.03535819133009e-17,1.52427937772446,0.296,0.252,5.23331298154793e-13
"MITD1",2.15615010707752e-17,0.784901753987884,0.407,0.364,5.54389315531772e-13
"ARL15",2.17876193039802e-17,-0.511903423472556,0.072,0.119,5.6020326754394e-13
"CEP68",2.18585475636916e-17,-0.281790013180429,0.096,0.149,5.6202697495764e-13
"ABCD3",2.2851590785461e-17,0.772428707224144,0.408,0.369,5.87560102275774e-13
"DCUN1D4",2.32465178299764e-17,0.945743088993823,0.229,0.171,5.97714466444353e-13
"G6PC",2.37396297532425e-17,1.25985959548093,0.329,0.289,6.10393360215372e-13
"RHOD",2.40052534573812e-17,0.944730039282547,0.318,0.276,6.17223076896185e-13
"HCLS1",2.51068233275593e-17,1.0716968972767,0.102,0.054,6.45546641398206e-13
"KBTBD3",2.75008078907753e-17,1.02407093998323,0.182,0.124,7.07100772487616e-13
"MKRN2",2.88362351384317e-17,-0.337627808291481,0.198,0.271,7.41437277879355e-13
"FGFR2",2.88517760697875e-17,0.640456584245385,0.125,0.199,7.41836866306375e-13
"NUDT22",3.11914858677082e-17,0.654410469732464,0.437,0.402,8.01995484630512e-13
"NFYC",3.20519880213986e-17,0.773913368062404,0.407,0.369,8.24120716006201e-13
"SRGAP2C",3.44295109521937e-17,1.09958309297651,0.14,0.088,8.85251585602804e-13
"TBCD",3.45001032067778e-17,-0.257300355889852,0.237,0.32,8.87066653652671e-13
"C5orf63",3.50810198204425e-17,-0.328289708326622,0.132,0.193,9.02003181623216e-13
"MT-ND4L",3.77034303913539e-17,0.386524045861129,0.727,0.686,9.69430602222493e-13
"NLK",3.77115200614829e-17,-0.311591220530181,0.083,0.132,9.69638603820847e-13
"GBA",3.82723479595091e-17,0.69903577864921,0.373,0.331,9.84058610734898e-13
"PIP4K2B",3.87486354908472e-17,-0.336870355866245,0.093,0.144,9.96304915740664e-13
"CHD2",3.90529804795418e-17,0.852777185076761,0.275,0.218,1.00413023408998e-12
"ZNF507",3.97249265938588e-17,-0.331025009219736,0.089,0.14,1.0214073125813e-12
"GANC",4.33208135250534e-17,0.874233550403059,0.133,0.081,1.11386475735617e-12
"SPCS2",4.33289349424395e-17,0.260280482433828,0.867,0.892,1.11407357524e-12
"LENG8",4.62480404969497e-17,0.93124861954192,0.195,0.137,1.18912961725757e-12
"GLT1D1",4.62842317771449e-17,1.45725181747934,0.104,0.057,1.19006016745395e-12
"PRKAA2",4.72681519461725e-17,1.04293244984461,0.225,0.172,1.21535872283999e-12
"TCTEX1D2",4.75764943616372e-17,1.1271395698921,0.224,0.169,1.22328682302641e-12
"NARS2",5.35731255651114e-17,-0.332760633800205,0.199,0.273,1.37747220453014e-12
"CHN2",5.54553947424936e-17,-0.309693482906978,0.186,0.257,1.425869109619e-12
"EEPD1",5.99968390278656e-17,-0.33213989531875,0.142,0.206,1.54263872508448e-12
"PET100",6.53466099335555e-17,0.396760040411392,0.757,0.77,1.68019203461158e-12
"AGPAT5",6.59845824338826e-17,1.27799513688092,0.16,0.107,1.69659558353999e-12
"COX16",7.10054547009991e-17,0.902797749478463,0.449,0.428,1.82569225127209e-12
"B4GALT7",7.41177275257736e-17,0.664820064816883,0.336,0.287,1.90571501014269e-12
"PNPLA8",8.11008150858234e-17,0.755501199303054,0.375,0.33,2.08526415748669e-12
"AC016831.7",8.51535042124434e-17,1.2223155273432,0.111,0.063,2.18946690031034e-12
"ARHGEF10L",9.80881359820225e-17,1.32374282112864,0.141,0.091,2.52204215236976e-12
"H3F3C",9.83294093462623e-17,1.22290011790222,0.129,0.078,2.5282457731111e-12
"WDR44",1.05877263620547e-16,1.42796504444699,0.122,0.073,2.72231620221151e-12
"DOCK7",1.12938700975032e-16,1.03193020570675,0.168,0.113,2.90387987947002e-12
"UBR1",1.16161638723283e-16,-0.267486072116902,0.092,0.144,2.98674805485306e-12
"CD40",1.25510660591711e-16,0.780462158347003,0.314,0.268,3.22713010513408e-12
"TRIB1",1.48428830810452e-16,0.65600037461148,0.485,0.471,3.81640209779835e-12
"METTL14",1.50794907097575e-16,-0.258230866919838,0.14,0.202,3.87723865129284e-12
"HMGXB3",1.5490614504258e-16,-0.33795878523914,0.16,0.225,3.98294680133482e-12
"BTN2A2",1.75881357457569e-16,-0.252707308986506,0.09,0.14,4.52226146294902e-12
"SPPL2A",1.82400597430592e-16,0.524945364210145,0.588,0.596,4.68988416113538e-12
"ETS2",1.92853706840998e-16,0.710238613075042,0.469,0.441,4.95865451029573e-12
"CTD-2256P15.2",2.11176517070504e-16,0.973896473301775,0.104,0.058,5.42977060691679e-12
"ZMIZ2",2.21923424121097e-16,-0.453944960589956,0.088,0.137,5.70609508100164e-12
"TRIM3",2.29309516438761e-16,-0.660039590674283,0.072,0.116,5.89600628667341e-12
"ACP6",2.30007175935548e-16,-0.29384601449672,0.161,0.227,5.9139445076548e-12
"CD3E",2.36576602500936e-16,1.06756841757623,0.102,0.056,6.08285760350407e-12
"SNCG",2.41526601203838e-16,1.17283343202211,0.138,0.209,6.21013197015309e-12
"SCMH1",2.55025829194509e-16,-0.278037761426456,0.071,0.117,6.55722412024921e-12
"TMEM52",2.60495870694926e-16,0.983114708428944,0.188,0.135,6.69786982730793e-12
"LYSMD4",3.05470572053246e-16,-0.465671458461502,0.072,0.117,7.85425934863306e-12
"IGFBP2",3.18062781214702e-16,1.55985453372809,0.364,0.374,8.17803023059242e-12
"OCRL",3.6006107579849e-16,-0.270657003441131,0.079,0.126,9.25789038093077e-12
"ATP6V0E2",3.66797073245122e-16,0.738367994087255,0.383,0.359,9.43108634727858e-12
"SMIM7",3.90782645676222e-16,0.461985775428131,0.579,0.574,1.0047803385627e-11
"TMED7",3.93315420395023e-16,0.65060525596138,0.413,0.379,1.01129260891968e-11
"LINC-PINT",3.96048451997301e-16,1.25704942539034,0.123,0.075,1.01831977977546e-11
"PRKACB",4.27866262278641e-16,1.05153761720841,0.161,0.108,1.10012973357084e-11
"PIGV",4.97967659744004e-16,0.907073654285226,0.16,0.107,1.28037444673378e-11
"TIGD6",5.02116412933411e-16,-0.511577139324018,0.066,0.109,1.29104172093439e-11
"FOXK2",5.08185718905856e-16,-0.355026434061556,0.158,0.222,1.30664712045074e-11
"LINC00998",5.27119694658122e-16,0.669406840754645,0.591,0.592,1.35533015890496e-11
"TTC37",5.37736141936856e-16,0.773664240540782,0.301,0.25,1.38262716814804e-11
"PTP4A2",5.45185296343177e-16,0.495333065345979,0.534,0.517,1.40178043395758e-11
"STAT1",5.46944842281292e-16,0.647246820758889,0.48,0.451,1.40630457847366e-11
"RSRP1",6.07746033037219e-16,0.548686754731412,0.485,0.448,1.5626366001453e-11
"RNF19B",6.1065361792863e-16,-0.397462196450505,0.084,0.131,1.57011258241809e-11
"DCAF4L2",6.47156004624154e-16,0.927456649359299,0.299,0.256,1.66396751908962e-11
"MS4A7",6.51010888148528e-16,0.715333974876003,0.1,0.055,1.67387919560749e-11
"STAU2",6.56449501634665e-16,0.662841265085364,0.333,0.283,1.68786295860305e-11
"CHML",7.24326622445557e-16,1.18005494338443,0.194,0.143,1.86238861163202e-11
"SOCS6",7.28620149651751e-16,1.01679382499105,0.217,0.162,1.87342812878458e-11
"MR1",7.54455397199054e-16,0.985176247718975,0.118,0.07,1.93985571727821e-11
"EBLN2",7.89647751010085e-16,-0.271173451685986,0.082,0.129,2.03034229739713e-11
"SNX19",8.30057190389888e-16,-0.569318306860897,0.059,0.1,2.13424304793048e-11
"PLXND1",8.48669818653497e-16,-0.285201922015013,0.074,0.12,2.18209983772187e-11
"SNX11",8.85877808996272e-16,-0.356068910551942,0.133,0.192,2.27776902249121e-11
"FAM173B",9.22730000746674e-16,1.00839170082529,0.137,0.088,2.37252337791985e-11
"ITGA1",1.02648283748136e-15,0.819229627718726,0.205,0.15,2.63929267173208e-11
"IFNAR2",1.04927744476151e-15,0.657039344232874,0.283,0.231,2.6979021659708e-11
"ZBTB11",1.16383426684235e-15,-0.293064393492387,0.141,0.202,2.99245066690505e-11
"NKG7",1.2030805525853e-15,0.958954236505528,0.224,0.168,3.09336071680731e-11
"AGFG2",1.27282433398859e-15,0.754240526473424,0.208,0.152,3.27268592755147e-11
"LARP4",1.30680787443111e-15,0.685655715490113,0.389,0.347,3.36006440673726e-11
"NFRKB",1.36202802382114e-15,-0.287918582921255,0.127,0.184,3.50204645484891e-11
"RABGAP1L",1.41567456205385e-15,1.01241724569593,0.204,0.152,3.63998243395286e-11
"NOXA1",1.41945869166341e-15,-0.670281730383201,0.06,0.1,3.64971218800497e-11
"PTCD2",1.5092728113777e-15,-0.563189161810576,0.076,0.121,3.88064225261434e-11
"SH3RF2",1.52791153968503e-15,-0.391404656396071,0.092,0.14,3.92856615083816e-11
"TAB3",1.58020653542434e-15,1.05058730637832,0.147,0.097,4.06302704388307e-11
"SUV39H1",1.67529605278352e-15,-0.327889163693879,0.083,0.129,4.30752121091699e-11
"AP5Z1",1.74675409251766e-15,-0.260051544795359,0.183,0.25,4.49125412268141e-11
"HAUS5",1.74886048463478e-15,-0.256041587982794,0.109,0.163,4.49667007809295e-11
"MRPL19",1.93813484136897e-15,0.478682890433035,0.585,0.584,4.9833323041279e-11
"ZNF746",2.02020035317844e-15,-0.516884845987163,0.075,0.119,5.1943391480924e-11
"DHDDS",2.12024239357051e-15,0.831095943964836,0.224,0.169,5.4515672423485e-11
"RAP1GDS1",2.27179232059008e-15,0.837509555063683,0.224,0.169,5.84123241470123e-11
"ALAS1",2.53839242363301e-15,0.612843436026187,0.527,0.536,6.52671459964519e-11
"AASDH",2.87567612410458e-15,-0.29237701612174,0.16,0.222,7.39393845029771e-11
"APBB3",2.99749371372922e-15,1.01463923754168,0.126,0.078,7.70715583674057e-11
"DAP",3.32118655892926e-15,0.723811034282384,0.516,0.532,8.53943488031890e-11
"CALCOCO1",3.50051641187696e-15,0.922913473200424,0.173,0.12,9.00052779821805e-11
"WDR13",3.5894274197987e-15,0.744959688093183,0.43,0.405,9.22913578178641e-11
"GMEB2",3.59728702576257e-15,-0.307435943719535,0.061,0.101,9.24934440064071e-11
"ZNF226",3.82870623737927e-15,0.837110577691665,0.223,0.167,9.84436947754959e-11
"ZMAT1",3.88867863266408e-15,-0.26696377134446,0.066,0.108,9.99857050030588e-11
"ATXN7L1",3.90205728818709e-15,1.01721527280146,0.135,0.086,1.00329696993866e-10
"TMEM87B",3.93032144089301e-15,-0.36403083793611,0.079,0.124,1.01056424888241e-10
"PIK3R3",4.04035064837663e-15,-0.361436974981853,0.06,0.1,1.0388549587106e-10
"HAUS7",4.24079850502416e-15,1.17138982304787,0.178,0.128,1.09039411161181e-10
"TRBC2",4.3056284517806e-15,0.814739001973093,0.153,0.102,1.10706318752183e-10
"KLF16",4.34829141717895e-15,-0.449056744723163,0.066,0.107,1.11803268918505e-10
"ZNF600",4.35864179102791e-15,-0.323516147505459,0.091,0.14,1.1206939773091e-10
"PTPRK",4.41189244149081e-15,0.917983281782304,0.287,0.239,1.13438578455612e-10
"LINC00969",4.96460381135341e-15,0.624271690418916,0.336,0.288,1.27649893197519e-10
"CEBPG",5.50000343500338e-15,0.587244953197885,0.532,0.528,1.41416088320807e-10
"GSTO1",5.64884637107844e-15,0.317888809520405,0.865,0.907,1.45243137893169e-10
"C15orf48",5.83071197278321e-15,1.44441848375119,0.315,0.284,1.49919266244202e-10
"CTD-2186M15.3",6.78505438935341e-15,-0.712821878570145,0.061,0.1,1.74457318459055e-10
"EPHA1",6.82929283357907e-15,1.19657531890254,0.116,0.071,1.75594777336985e-10
"KTN1",7.36974455517017e-15,0.352754151314556,0.758,0.767,1.89490872002535e-10
"TIMM10",7.81576112509352e-15,0.400525396800143,0.592,0.597,2.00958850048405e-10
"CACFD1",7.97569675021633e-15,0.99147855417716,0.2,0.149,2.05071114841562e-10
"POP4",8.12211907157523e-15,0.941353530360856,0.466,0.473,2.08835925568342e-10
"PROX1",8.35542976878557e-15,0.674510432408391,0.497,0.48,2.14834810215015e-10
"ARL6IP1",8.41443045155983e-15,0.471619597869391,0.772,0.783,2.16351835770506e-10
"LRRCC1",9.12810752478401e-15,1.27398567922919,0.151,0.102,2.34701900677246e-10
"PARP10",9.55703357098889e-15,0.727716108421713,0.244,0.194,2.45730447177266e-10
"ME2",9.94174572788233e-15,0.735368212983288,0.247,0.195,2.5562216615531e-10
"TLK1",1.03078824965176e-14,0.621048894200602,0.418,0.378,2.65036274750461e-10
"ZNF691",1.04731263457624e-14,-0.434623529229826,0.109,0.16,2.69285024602244e-10
"SUCLG2",1.13864620912371e-14,0.352633403458341,0.631,0.624,2.92768713289889e-10
"RP11-644F5.11",1.14000145865902e-14,0.912515497105556,0.133,0.086,2.93117175050408e-10
"CTB-58E17.1",1.141747159303e-14,-0.399224861712697,0.068,0.109,2.93566029599989e-10
"FKBP7",1.30438338239037e-14,1.05217981769846,0.14,0.093,3.35383055280212e-10
"ANKRD52",1.31577285828827e-14,-0.348357622775337,0.077,0.121,3.3831151732308e-10
"LIX1L",1.35387206605244e-14,0.821638106838634,0.214,0.161,3.48107585623403e-10
"KIAA1919",1.44167133211625e-14,-0.284095965374423,0.087,0.134,3.7068253291373e-10
"C1RL",1.49017316959591e-14,1.00116848014018,0.17,0.12,3.831533253665e-10
"VSIG2",1.50657533979138e-14,0.827202296436008,0.062,0.105,3.8737065136716e-10
"RHBDF2",1.54934609561012e-14,1.25443605256943,0.135,0.089,3.98367868103273e-10
"STPG1",1.81018634168265e-14,-0.464186577722421,0.079,0.123,4.65435112173442e-10
"CDR2",1.91210196645136e-14,-0.306377948519594,0.088,0.134,4.91639657613974e-10
"SHTN1",1.93929512742415e-14,0.677987360018535,0.36,0.321,4.98631563163298e-10
"OSCP1",2.14276158253143e-14,-0.458928536936185,0.071,0.113,5.5094685810048e-10
"NUDT2",2.15965431116466e-14,0.736177495296478,0.35,0.316,5.55290316486658e-10
"EHBP1",2.1666920578263e-14,1.07142769969552,0.217,0.171,5.57099861908299e-10
"MSMO1",2.21058953869542e-14,0.575455164099978,0.643,0.662,5.68386782189367e-10
"TBC1D10A",2.42193279361839e-14,-0.258017549344378,0.112,0.164,6.22727359895159e-10
"SMPD1",2.62409180059706e-14,0.611950927083463,0.295,0.244,6.74706483769517e-10
"TPCN2",2.67023248346149e-14,-0.31152146151191,0.072,0.114,6.86570176147617e-10
"EPS15L1",2.67676992452133e-14,-0.322829856346636,0.141,0.198,6.88251082992924e-10
"UBE4A",2.86148201969703e-14,0.745119330429021,0.257,0.206,7.357442569045e-10
"CCSAP",3.10380522591589e-14,-0.251891634581322,0.095,0.144,7.98050399687494e-10
"SERP2",3.12099619676825e-14,-0.80910610926925,0.064,0.102,8.02470542113052e-10
"SESN3",3.1838528763991e-14,1.27305509727632,0.143,0.097,8.18632251579737e-10
"TADA2A",3.33337008897047e-14,-0.3716596704368,0.083,0.126,8.57076117276086e-10
"GADD45A",4.00249769751966e-14,0.430147570957656,0.502,0.488,1.02912220798625e-09
"MKNK1",4.08797611289084e-14,1.01542446822038,0.233,0.182,1.05110041814649e-09
"TRIM21",4.27143126480035e-14,-0.384373663172831,0.072,0.114,1.09827040680547e-09
"PRRT3",4.44206578962039e-14,-0.27175749434757,0.07,0.111,1.1421439558272e-09
"SLC26A2",4.52915947024883e-14,-0.273144311509674,0.085,0.13,1.16453748299038e-09
"BRF2",4.83049226708954e-14,-0.323383631238246,0.086,0.131,1.24201617171406e-09
"COPS5",4.90096741082727e-14,0.461738100729765,0.594,0.614,1.26013674067191e-09
"LDLRAD4",5.3552164122265e-14,0.754400315021436,0.109,0.065,1.37693324391168e-09
"TMEM161B",5.36465680469384e-14,1.07638815047819,0.139,0.093,1.37936055762288e-09
"SLC46A3",5.56873504338823e-14,1.05672278201859,0.107,0.065,1.43183315435598e-09
"PAQR7",5.97280040315549e-14,-0.334553459314481,0.091,0.136,1.53572643965934e-09
"MFSD9",6.70562656485138e-14,-0.466089221608165,0.068,0.108,1.72415070235459e-09
"FAM184A",6.98677978408951e-14,0.851480765180143,0.101,0.059,1.79644081808510e-09
"DDX51",7.03940531759293e-14,-0.354821228781041,0.068,0.107,1.80997189525949e-09
"YPEL3",7.05583248306398e-14,0.641030295714354,0.258,0.207,1.81419564804541e-09
"CD44",7.97325939420914e-14,0.303847262706751,0.223,0.168,2.05008445543905e-09
"SDF4",7.97442889504287e-14,0.431348627760674,0.591,0.629,2.05038515749342e-09
"RAB11FIP2",9.42453846080434e-14,-0.289309602395877,0.095,0.141,2.42323732904201e-09
"BTN3A1",1.04153629314619e-13,1.06394212087066,0.105,0.063,2.67799811693749e-09
"ATG4C",1.09604897193954e-13,0.92645593501005,0.185,0.135,2.81816111665095e-09
"GPSM2",1.12617331970668e-13,-0.251512521381152,0.095,0.141,2.89561683962982e-09
"COX18",1.19462416217425e-13,-0.529798174088534,0.079,0.121,3.07161764578242e-09
"ZNF140",1.30228085296574e-13,-0.3525879381407,0.096,0.143,3.34842452914551e-09
"MUT",1.32050151798562e-13,0.672451727600605,0.415,0.388,3.39527350304462e-09
"SGSH",1.40380395647576e-13,-0.468013446890611,0.067,0.106,3.60946073289046e-09
"MARK4",1.46420648723586e-13,-0.420152498426621,0.091,0.136,3.76476771998085e-09
"VPS37A",1.49545751663948e-13,0.90232199505659,0.276,0.233,3.84512036678342e-09
"TMEM45A",1.50284010008704e-13,1.51127189943006,0.29,0.25,3.86410246534379e-09
"UGT3A2",1.59146496612539e-13,-0.576472013861777,0.09,0.135,4.09197472090161e-09
"EPSTI1",1.66544246438568e-13,0.742909501887457,0.291,0.248,4.28218566442845e-09
"ANAPC16",1.84354128887853e-13,0.29548338334878,0.843,0.834,4.74011336196448e-09
"SUSD3",1.87116547645433e-13,-0.264237637221598,0.199,0.264,4.81114067305937e-09
"KLHL21",1.91721491552201e-13,-0.379081247994661,0.117,0.165,4.9295429907902e-09
"FNIP1",1.92861727091235e-13,-0.251676813641895,0.41,0.486,4.95886072696983e-09
"SEC31A",2.00831348773722e-13,0.588574516838515,0.413,0.383,5.16377563966993e-09
"TRAPPC11",2.11161701785933e-13,-0.420233183140867,0.081,0.123,5.42938967631992e-09
"MAP7",2.16068778975336e-13,0.793880063314794,0.222,0.173,5.55556044501385e-09
"USP16",2.23581661131159e-13,0.4659387509301,0.552,0.551,5.74873167100435e-09
"POLR2J3",2.29858893116874e-13,0.724422743829641,0.494,0.482,5.91013185982106e-09
"C4orf19",2.38265525578592e-13,1.00985008077439,0.139,0.095,6.12628319367675e-09
"SSFA2",2.77905368833149e-13,0.897233294296353,0.235,0.189,7.14550284343792e-09
"RANBP6",2.96686839403803e-13,-0.269063248575808,0.07,0.11,7.62841201475057e-09
"MPHOSPH9",3.032610419616e-13,0.927901234104581,0.158,0.112,7.79744791091666e-09
"AC007325.4",3.23060298816696e-13,1.08392870694977,0.258,0.214,8.30652640317489e-09
"ARHGAP18",3.30377998832574e-13,-0.250041299099334,0.149,0.204,8.49467910598313e-09
"VRK2",3.35016080061601e-13,0.89887866186576,0.227,0.179,8.61393345054389e-09
"GPBP1L1",3.85601638729601e-13,0.574333718183163,0.438,0.41,9.9145893350155e-09
"EML3",4.09148180491825e-13,-0.533203385409748,0.083,0.125,1.05200180168058e-08
"STAG2",4.12538781845977e-13,0.77362251809277,0.321,0.28,1.06071971588238e-08
"P3H1",4.23587368847286e-13,0.874448490526027,0.198,0.149,1.08912784278014e-08
"MYL5",4.50065637147258e-13,0.789146320090288,0.153,0.106,1.15720876623303e-08
"STIM2",4.58790745496083e-13,1.08931606207442,0.148,0.103,1.17964276481953e-08
"ZNF684",4.737510149646e-13,1.07761963964448,0.115,0.073,1.21810860967698e-08
"RAC2",4.87613048584363e-13,0.343732970639779,0.126,0.181,1.25375067052012e-08
"CEPT1",4.89310039932439e-13,0.768005777533702,0.231,0.181,1.25811397467429e-08
"CCL5",4.96333733736716e-13,0.853303296197972,0.226,0.176,1.27617329618384e-08
"OSBPL9",5.09606349124338e-13,0.734244285215678,0.433,0.411,1.3102998448685e-08
"IBTK",5.12428055900191e-13,0.680033353826077,0.392,0.36,1.31755501733057e-08
"ELOVL2",5.13378566631627e-13,0.941325324667375,0.234,0.188,1.31999897052324e-08
"YIF1B",5.29130436423388e-13,0.465715118031929,0.524,0.527,1.36050017813181e-08
"RNF169",5.4514234052067e-13,-0.302064596727239,0.097,0.142,1.40166998594675e-08
"KPTN",5.8350000833104e-13,-0.371233544966416,0.141,0.195,1.50029522142077e-08
"NLN",6.25637997109882e-13,0.82544081362838,0.21,0.163,1.60864041816893e-08
"TRBC1",6.29456182760458e-13,0.460513681809652,0.104,0.063,1.61845773711369e-08
"SCYL2",6.50631791329353e-13,0.937425960247282,0.25,0.206,1.67290446186603e-08
"TKFC",6.54246831962508e-13,0.90326386880073,0.38,0.365,1.682199454342e-08
"SRP9",6.57812752078268e-13,0.299269830017922,0.883,0.904,1.69136814814364e-08
"EXO5",6.61215116801609e-13,-0.520818346180808,0.069,0.108,1.7001163083203e-08
"TDRKH",7.4939444406988e-13,-0.264865095286317,0.083,0.125,1.92684299459248e-08
"AGT",8.74032355999147e-13,0.445678398260747,0.927,0.961,2.24731199374501e-08
"RECQL5",9.62305884952103e-13,-0.439591176623798,0.088,0.13,2.47428089138885e-08
"IQCB1",1.00582197403941e-12,-0.266915576873988,0.16,0.217,2.58616945965013e-08
"FAM122B",1.07480963450027e-12,0.987813324050935,0.134,0.09,2.76355053222708e-08
"AGPAT3",1.0998866400793e-12,0.781224868512426,0.193,0.146,2.82802852897189e-08
"DMRTA1",1.13582967160669e-12,0.900684523783679,0.102,0.062,2.92044525163513e-08
"STX10",1.17642980694876e-12,0.615796070446691,0.436,0.425,3.02483631962664e-08
"POLR3B",1.17835536861827e-12,-0.293064041640452,0.065,0.102,3.02978732379128e-08
"SMARCE1",1.19220230912544e-12,0.450904119111045,0.624,0.642,3.06539057722332e-08
"MIR22HG",1.2223948602105e-12,1.3566211052532,0.113,0.073,3.14302166457325e-08
"RUFY3",1.23990242115818e-12,1.02740627345252,0.174,0.129,3.18803710528192e-08
"APIP",1.28670011058797e-12,0.639261494423887,0.471,0.467,3.30836332434379e-08
"RNF157",1.37315108636843e-12,-0.375286600795905,0.087,0.129,3.53064607327051e-08
"GLRX2",1.49677794810824e-12,0.596378176505616,0.436,0.424,3.8485154601759e-08
"ABHD4",1.50564842922928e-12,-0.321617843845682,0.102,0.148,3.87132324123433e-08
"SP5",1.76446404824185e-12,1.02912035662627,0.103,0.063,4.53678996083943e-08
"MED29",2.03626465035157e-12,0.618356330781032,0.364,0.327,5.23564366898395e-08
"FOXRED1",2.06585440620674e-12,0.69832885852733,0.274,0.231,5.31172484923877e-08
"KIAA1147",2.06586675579939e-12,1.2556956700733,0.134,0.092,5.31175660251139e-08
"SLC23A1",2.12241038256217e-12,0.843898622029636,0.142,0.098,5.45714157564385e-08
"DAPK2",2.2858256313988e-12,1.08201160624594,0.113,0.073,5.87731486345259e-08
"SLC35D1",2.44422766324147e-12,0.747167681276161,0.211,0.165,6.28459816772648e-08
"PPP2R5B",2.46043416089732e-12,-0.30867402176428,0.081,0.122,6.3262683144992e-08
"PKD1",2.49288447404172e-12,-0.304915940464851,0.065,0.103,6.40970455965606e-08
"PRKAA1",2.64083179597444e-12,0.736674198109543,0.327,0.292,6.79010671380948e-08
"CHFR",2.64175540529487e-12,-0.275046774010075,0.107,0.153,6.79248149809416e-08
"CALM2",2.72918142548511e-12,0.298984042337686,0.962,0.976,7.01727128120733e-08
"MAGI3",2.73985280931900e-12,0.998960862566886,0.148,0.104,7.04470954332103e-08
"PROSC",2.75618763093857e-12,0.747318637002174,0.31,0.271,7.08670963666925e-08
"DEAF1",2.83229549169928e-12,-0.274189166040591,0.135,0.185,7.2823981682572e-08
"YARS",3.21086352626982e-12,0.547575795123175,0.382,0.349,8.25577229874497e-08
"TTC33",3.65685566091529e-12,0.909324673506684,0.206,0.161,9.40250727534539e-08
"DHODH",3.86581506768359e-12,-0.257878670154092,0.198,0.259,9.93978370202804e-08
"INTS12",4.03256597659216e-12,1.05852747385433,0.248,0.205,1.03685336390138e-07
"BLOC1S3",4.22811968723753e-12,-0.289793077039613,0.113,0.159,1.08713413398251e-07
"ASS1",4.26758903041963e-12,0.34976478791854,0.653,0.689,1.09728249150149e-07
"RP11-390P2.4",4.31894185619691e-12,-0.408523829323967,0.068,0.106,1.11048633006535e-07
"WDR5B",5.07503033090201e-12,-0.377722671663377,0.076,0.115,1.30489179868152e-07
"ARHGAP35",5.22768462083374e-12,0.824415889276884,0.227,0.183,1.34414226970877e-07
"IFIT5",5.72207003879275e-12,-0.346954238648506,0.125,0.174,1.47125864837439e-07
"NMI",5.7892746806008e-12,0.637956174878986,0.385,0.355,1.48853830587608e-07
"GMFG",5.83779164864117e-12,0.736073530512414,0.202,0.153,1.50101298869862e-07
"ARSG",6.32723018386808e-12,-0.388198520786276,0.075,0.113,1.62685742487616e-07
"STYX",6.58223073021208e-12,0.796207600222625,0.258,0.214,1.69242316535213e-07
"AMDHD2",6.77975189823193e-12,0.684061931081797,0.205,0.16,1.74320980807339e-07
"MTERF2",6.86056162093166e-12,0.95740820333511,0.237,0.196,1.76398760397395e-07
"SSSCA1",7.16427568570067e-12,0.585768025789746,0.433,0.413,1.84207856430736e-07
"ZCWPW1",7.18463283968095e-12,1.06623126089108,0.122,0.08,1.84731279573877e-07
"IGHG3",7.20202188602238e-12,0.475971073878806,0.267,0.222,1.85178386733407e-07
"LRRC23",7.2965415629277e-12,-0.32846299510242,0.132,0.182,1.87608676665997e-07
"UBE2K",8.60540408030885e-12,0.486912606918968,0.569,0.581,2.21262149712901e-07
"LRTOMT",8.64137702185307e-12,-0.381439192479592,0.087,0.128,2.22187085985886e-07
"VPRBP",9.20820353858618e-12,-0.324826999449841,0.104,0.149,2.36761329384128e-07
"MOV10",1.09746944455186e-11,0.708326670922694,0.24,0.194,2.82181343583175e-07
"RP5-827C21.4",1.18397553236993e-11,0.791687574031391,0.118,0.077,3.04423788882955e-07
"RILP",1.19365694825982e-11,0.861059956874094,0.216,0.174,3.06913074536565e-07
"MTHFD1",1.21826012023644e-11,0.585065600240229,0.402,0.369,3.13239042115193e-07
"CD47",1.32538779337136e-11,0.44355314947849,0.569,0.584,3.40783709431645e-07
"SARDH",1.45755452481845e-11,0.808096314865345,0.227,0.185,3.74766419421319e-07
"NCK1-AS1",1.47757231015864e-11,-0.367602312793685,0.088,0.129,3.7991339238799e-07
"WIZ",1.53299486641458e-11,-0.318516431160822,0.093,0.133,3.94163640052517e-07
"CPSF3L",1.54919016650829e-11,0.513275706777339,0.449,0.437,3.98327775612611e-07
"SLC38A2",1.59206464240155e-11,0.461579986259898,0.582,0.588,4.09351660854287e-07
"CCDC68",1.71139084821359e-11,1.17798349408241,0.13,0.09,4.40032814892679e-07
"USP47",1.72529428450253e-11,0.572545359502788,0.353,0.316,4.43607666431291e-07
"STK17B",1.74586753553964e-11,0.773190853316803,0.239,0.196,4.48897460737952e-07
"NBPF14",1.78023623182594e-11,0.735017827649392,0.204,0.159,4.57734339927086e-07
"RORA",1.85545086730913e-11,0.752886448716593,0.368,0.346,4.77073527002525e-07
"LRRFIP1",1.89491599975699e-11,0.418718327828217,0.533,0.521,4.87220801857518e-07
"CAMLG",1.91283987160943e-11,0.456562969721625,0.559,0.572,4.91829387788218e-07
"TSTD1",1.92670544328697e-11,0.266088235480345,0.783,0.791,4.95394503577947e-07
"RP6-65G23.3",1.93714224110249e-11,-0.257993600771984,0.065,0.1,4.98078013032271e-07
"RAB28",1.96063269719161e-11,0.79315289233596,0.198,0.154,5.04117879101908e-07
"STOML1",1.99325212854389e-11,0.727349590764227,0.139,0.097,5.12504987291206e-07
"MSANTD4",1.99631587244086e-11,-0.261823613185919,0.095,0.138,5.13292737121993e-07
"CD58",2.02861819966527e-11,0.869515216022597,0.256,0.213,5.21598311497934e-07
"C21orf58",2.0957559931997e-11,-0.375422126745576,0.069,0.105,5.38860780971506e-07
"WDR4",2.16156191823214e-11,0.757922328515821,0.188,0.145,5.55780800415847e-07
"ARHGEF26",2.18548170961807e-11,0.90433216102939,0.21,0.17,5.61931057176999e-07
"OCIAD1",2.2628132155859e-11,0.307888477035714,0.713,0.718,5.81814533991446e-07
"MAPRE2",2.35116328825392e-11,0.787634623747762,0.225,0.179,6.04531104675848e-07
"CCPG1",2.55903725160107e-11,0.631197421676723,0.436,0.419,6.57979658131668e-07
"SLC9A3R2",2.6005123649357e-11,0.463602469196766,0.221,0.301,6.68643739272268e-07
"BBC3",2.74948506218245e-11,-0.345267075283711,0.117,0.161,7.0694759918835e-07
"PRKAB2",2.96406108780031e-11,0.662138899008569,0.379,0.353,7.62119386895215e-07
"FAM69A",3.21265866461736e-11,0.897239117853096,0.107,0.069,8.26038795846415e-07
"NINJ2",3.31600507718587e-11,0.885516229450472,0.247,0.207,8.5261122544603e-07
"SLC1A4",3.78655427864102e-11,1.03244054314071,0.102,0.065,9.73598836124179e-07
"CST7",3.81390732596601e-11,1.12151625317232,0.135,0.095,9.8063185165238e-07
"SLC12A7",3.93522176827749e-11,0.723420876025269,0.228,0.186,1.01182422105951e-06
"LEPROT",4.32784587121046e-11,0.426389176666675,0.581,0.581,1.11277573040563e-06
"MRPL24",4.37018691147977e-11,0.291687275401273,0.702,0.742,1.12366245867968e-06
"HSD3B7",4.57980571500237e-11,0.890740074735968,0.39,0.372,1.17755964544141e-06
"UVRAG",4.62601573105038e-11,-0.267689424143732,0.135,0.183,1.18944116476767e-06
"MTCH2",4.67928947649174e-11,0.294053215622418,0.756,0.811,1.20313891019556e-06
"FBXO44",4.76644951917828e-11,0.80589454604021,0.215,0.173,1.22554950037112e-06
"ZBTB7B",4.82336930625247e-11,0.702986787182109,0.206,0.163,1.24018471602363e-06
"CAP2",5.24657003631134e-11,0.635054388413198,0.268,0.226,1.34899808773637e-06
"UCHL5",5.33525221605634e-11,0.599042818436229,0.402,0.379,1.37180004979241e-06
"JADE2",5.52154673205105e-11,-0.265795649464206,0.097,0.138,1.41970009574497e-06
"FAM213A",5.80628847745571e-11,0.406018764649453,0.717,0.744,1.49291289332341e-06
"SLC39A11",5.81995175882962e-11,0.810211351102845,0.299,0.265,1.49642599623027e-06
"NBPF15",6.09769275227274e-11,1.05323975324023,0.123,0.085,1.56783876046437e-06
"ANKRD49",6.26595300481267e-11,0.762536608151604,0.208,0.164,1.61110183659743e-06
"GZMA",6.63566151106371e-11,0.646290066666637,0.134,0.094,1.7061612877247e-06
"ACTR6",6.63843203522907e-11,0.678553457658965,0.35,0.319,1.7068736448981e-06
"CDC27",7.12849409155991e-11,0.503400365287729,0.314,0.273,1.83287840082188e-06
"RNF214",7.37633728564018e-11,-0.307719287685743,0.114,0.158,1.8966038428838e-06
"MTMR12",7.38268663417074e-11,0.92322939119099,0.146,0.105,1.89823638737798e-06
"PER1",7.90132440578135e-11,0.968413933005115,0.256,0.217,2.0315885312145e-06
"CALCOCO2",8.00607034157741e-11,0.476444621531299,0.51,0.503,2.05852080622638e-06
"HACL1",9.21201628806187e-11,0.69595652751706,0.399,0.38,2.36859362798647e-06
"PRRT3-AS1",9.78317330990117e-11,0.883070296143708,0.117,0.079,2.51544952144179e-06
"TSHZ2",9.86539928393914e-11,0.671736605624079,0.346,0.315,2.53659146388643e-06
"PAPSS2",1.01291782768678e-10,0.795452804868222,0.204,0.162,2.60441431854826e-06
"RP11-539L10.3",1.04242181950961e-10,0.893275924221142,0.14,0.1,2.68027498232312e-06
"CCZ1B",1.04607304908253e-10,1.06477057727999,0.144,0.104,2.68966302380099e-06
"TSPAN13",1.06531131194467e-10,0.44622774037863,0.385,0.361,2.73912844527214e-06
"HLA-DPB1",1.0667712394352e-10,0.412108699960352,0.6,0.631,2.7428822108358e-06
"PHYHD1",1.18086321074482e-10,0.700778524554695,0.252,0.212,3.03623548746708e-06
"SFXN1",1.20101457639219e-10,0.500439538626845,0.447,0.434,3.08804867881961e-06
"CARHSP1",1.21168370055924e-10,0.405323220362347,0.769,0.809,3.11548113087791e-06
"GPN3",1.44567005415665e-10,0.476137726290396,0.509,0.501,3.71710684324758e-06
"RBM24",1.49921704149971e-10,-0.364177959591522,0.084,0.12,3.85478685710405e-06
"AZIN1-AS1",1.51842752940198e-10,-0.337375258382311,0.083,0.12,3.90418086359836e-06
"GPNMB",1.52686883076885e-10,0.309419086440622,0.268,0.225,3.92588513767288e-06
"OTUD6B-AS1",1.60606908783776e-10,0.490073215605163,0.572,0.588,4.12952483864844e-06
"TRPT1",1.62275307667362e-10,0.557302145266704,0.334,0.298,4.17242271074322e-06
"TMEM187",1.69148081639361e-10,1.14137411233735,0.116,0.08,4.34913547511125e-06
"RABL3",1.72063537421328e-10,0.770188823921476,0.198,0.157,4.42409767417719e-06
"RAD23A",1.85286652795172e-10,0.340461437366804,0.679,0.715,4.76409041666947e-06
"BACH1",1.89648451470762e-10,0.73042501549941,0.224,0.182,4.87624098421624e-06
"CCDC88B",1.99024272399735e-10,0.783793544105126,0.142,0.103,5.11731209194198e-06
"ARRDC1",2.02137795319196e-10,0.601831478921347,0.277,0.237,5.19736699324716e-06
"FYN",2.05090675963734e-10,0.388070491465113,0.158,0.218,5.27329146037954e-06
"SPICE1",2.17100804531707e-10,-0.257465414561693,0.08,0.116,5.58209588611924e-06
"LMO7",2.20910198821774e-10,0.88515824926721,0.27,0.233,5.68004303210546e-06
"RP11-51J9.5",2.27475942894365e-10,1.09318273963012,0.112,0.076,5.84886144369992e-06
"FNBP1L",2.31769115215858e-10,0.670979977624016,0.338,0.309,5.95924749043015e-06
"PTMA",2.48102414157827e-10,0.286898655056764,0.996,1,6.37920927282604e-06
"GLIPR1",2.70430174100451e-10,0.841070227858342,0.124,0.085,6.95330063647079e-06
"HSDL2",2.8237389223684e-10,0.451218590518218,0.492,0.486,7.26039751719363e-06
"LAP3",2.93318303834852e-10,0.474413833642352,0.562,0.578,7.5418002282017e-06
"NFXL1",3.07811930956855e-10,-0.265133432149255,0.101,0.141,7.91446036876266e-06
"RNLS",3.95593479542211e-10,0.935560100946061,0.164,0.126,1.01714995459893e-05
"RP11-452F19.3",3.9661205256661e-10,0.796026103087441,0.231,0.19,1.01976890955927e-05
"FN3K",4.09001748796039e-10,0.77740489460533,0.186,0.146,1.05162529650438e-05
"OXR1",4.51620162188771e-10,0.576351332279535,0.323,0.289,1.16120576101977e-05
"KIAA0040",4.62489013995825e-10,-0.296898000332917,0.096,0.135,1.18915175278607e-05
"MACF1",5.00269566100399e-10,0.790858340569544,0.272,0.237,1.28629310835735e-05
"PCM1",5.15110417927591e-10,0.811684326195525,0.35,0.328,1.32445190657542e-05
"B9D1",5.81896047982658e-10,0.963505979939292,0.202,0.166,1.49617111857301e-05
"C11orf54",6.03134217835214e-10,0.540717617583147,0.431,0.41,1.5507787008979e-05
"ERBB2IP",6.43505873762399e-10,0.747900445105534,0.324,0.292,1.65458230261788e-05
"FAHD2A",6.71869266825697e-10,0.572282049243692,0.402,0.379,1.72751025886223e-05
"MAN1B1",7.71693980270409e-10,0.555395509184085,0.327,0.296,1.98417956207128e-05
"CDK2AP1",7.84710801054641e-10,1.05155928491345,0.106,0.072,2.01764841167169e-05
"ZEB1",8.5776455904068e-10,0.745764432858793,0.164,0.124,2.2054842342054e-05
"PSD4",1.04260304998874e-09,0.803806656828344,0.114,0.079,2.68074096213105e-05
"WBP2",1.08690125933572e-09,0.388026246635051,0.581,0.611,2.794640518004e-05
"KATNBL1",1.12121280385108e-09,0.693841882400314,0.341,0.314,2.88286236126188e-05
"RP11-166P13.3",1.18729691537614e-09,0.925645761853253,0.116,0.08,3.05277782881513e-05
"HIF1A",1.32127625918167e-09,0.639047082566992,0.347,0.451,3.39726551760792e-05
"XIAP",1.35074046028157e-09,0.68362801939914,0.309,0.276,3.47302387147597e-05
"CTD-2336O2.1",1.35960528277264e-09,0.865061394926057,0.165,0.126,3.495817103065e-05
"HSD17B12",1.59497247721996e-09,0.460239538625746,0.511,0.504,4.10099323342796e-05
"CBLC",1.84177447054044e-09,0.728021010890151,0.12,0.084,4.73557051865358e-05
"ANKRA2",1.88141717374398e-09,0.719709023516256,0.231,0.193,4.83749983713052e-05
"DHTKD1",1.93260450309975e-09,0.563501619448959,0.412,0.404,4.96911269837007e-05
"APOBEC3B",1.94430824810853e-09,-0.341505062068991,0.075,0.108,4.99920536753665e-05
"ADCK5",1.99220775762622e-09,0.774230445088687,0.189,0.15,5.12236458640853e-05
"COQ10A",2.16460764682503e-09,0.64574035175934,0.282,0.253,5.56563918151651e-05
"CRADD",2.27430429719194e-09,0.621437064031434,0.269,0.232,5.84769120893991e-05
"RP11-465N4.4",2.28227809757582e-09,0.738103511801596,0.147,0.109,5.86819344448696e-05
"KIAA0232",2.55421898047546e-09,0.724697452893359,0.252,0.217,6.5674078425985e-05
"ZFP62",2.72584922496697e-09,-0.298866511552196,0.099,0.136,7.00870352723506e-05
"VAMP2",2.87180226858718e-09,0.578893384018454,0.443,0.43,7.38397799299135e-05
"AKAP12",3.20079784646528e-09,1.32980049302904,0.208,0.178,8.22989142283152e-05
"DLAT",3.39212312593575e-09,0.667701940324419,0.257,0.224,8.721826981406e-05
"SLC9B2",3.50665514210387e-09,0.647372292743371,0.135,0.098,9.01631170137746e-05
"SCOC",3.65757815658123e-09,0.432226729604569,0.536,0.536,9.40436495620166e-05
"RELB",3.68350370112881e-09,-0.304986907178909,0.203,0.254,9.4710247163424e-05
"RP11-983P16.4",3.7304634263676e-09,0.906823610343253,0.124,0.089,9.59176756187638e-05
"PARP14",3.82069817643972e-09,0.580228044396544,0.315,0.286,9.82377915126182e-05
"MOGAT3",3.82596327243488e-09,0.966724819900383,0.209,0.173,9.83731676608455e-05
"SERPINE1",4.03019418229334e-09,0.962287922304981,0.239,0.207,0.000103624352815126
"RP11-620J15.3",4.05691343427727e-09,0.686572449173183,0.218,0.179,0.000104311358222137
"NAGS",4.08018921487953e-09,1.00897371155434,0.188,0.156,0.000104909825092983
"SFT2D2",4.26653194234405e-09,0.745434399969604,0.279,0.247,0.00010970106930155
"USP40",4.2932911461249e-09,1.00698331839766,0.123,0.089,0.000110389101949163
"RPF1",4.53068172885726e-09,0.550881775838903,0.494,0.491,0.000116492888612378
"CLDN14",4.62350010409604e-09,0.742370681121872,0.169,0.132,0.000118879434676517
"TMEM218",4.67446287069389e-09,0.606605931110965,0.24,0.202,0.000120189789331281
"ARID5B",4.71118325643423e-09,0.857397325668117,0.223,0.19,0.000121133943889437
"EZH1",4.85805814455639e-09,0.883123173126093,0.104,0.071,0.000124910391012834
"CHURC1",4.93124432029832e-09,0.362800534358147,0.682,0.695,0.000126792153963511
"ANO6",5.15548962823266e-09,0.742841013687237,0.256,0.222,0.000132557949321118
"SLAIN2",5.28717809385786e-09,0.722703813515286,0.257,0.224,0.000135943923149273
"S100A14",5.62267185681585e-09,0.280347369210025,0.242,0.305,0.000144570138782449
"PCSK6",5.92191677121281e-09,1.02499522980566,0.222,0.189,0.000152264324021424
"ZNF780A",6.18083704510162e-09,0.700134435462591,0.141,0.104,0.000158921682103653
"ZHX1-C8orf76",6.73502929956414e-09,-0.278693007222512,0.073,0.105,0.000173171073350393
"DNAJC3",7.34308569755774e-09,0.502228594112188,0.574,0.577,0.000188805419455605
"GDF15",7.65434336551753e-09,0.298838619077,0.422,0.552,0.000196808476614187
"HNRNPH1",7.95861823898394e-09,0.665791773832163,0.709,0.741,0.000204631992160755
"FAM195A",8.29597803506766e-09,0.324748985164675,0.659,0.707,0.00021330618723766
"EFHD2",8.83878699308880e-09,0.574788869246968,0.279,0.246,0.000227262891166299
"RALY-AS1",8.86298101328307e-09,0.919572658345521,0.156,0.122,0.000227884967813534
"PLPP3",9.78654762154684e-09,0.737053054233993,0.283,0.259,0.000251631712445212
"GMPPB",9.78810536148762e-09,0.637350752405589,0.225,0.187,0.00025167176505457
"SFXN5",1.23957795753443e-08,0.679967279748814,0.251,0.218,0.000318720284441254
"RP11-195F19.5",1.28330684317853e-08,0.692965700950505,0.139,0.103,0.000329963855518064
"USO1",1.36297818164745e-08,0.463535780261681,0.391,0.374,0.000350448950065193
"TTC31",1.71264321867529e-08,0.965614402465597,0.136,0.103,0.000440354824385791
"GPR180",1.76171739795008e-08,1.03538228136915,0.143,0.11,0.000452972777360924
"PEX13",1.82590386252709e-08,0.536341264836783,0.352,0.327,0.000469476401132965
"NUDT16",1.89243615489038e-08,0.491334672107437,0.444,0.451,0.000486583184145416
"DCK",2.00807884008523e-08,0.724641608199673,0.247,0.213,0.000516317231362713
"CXCR4",2.00860807390486e-08,1.44758601795415,0.406,0.384,0.000516453307962417
"ZKSCAN1",2.13824004204671e-08,0.557150249801173,0.446,0.433,0.000549784279611051
"AGMAT",2.26237787698919e-08,0.642494484514389,0.412,0.42,0.000581702599731461
"TRIO",2.31096024998845e-08,0.922996525878089,0.127,0.094,0.000594194099477029
"TRAM2-AS1",2.41612972078923e-08,-0.337720400339795,0.071,0.101,0.000621235273809326
"HADHA",2.70428847647402e-08,0.292790916405844,0.73,0.757,0.000695326653071
"INAFM1",2.83197879385882e-08,0.595463530158534,0.116,0.084,0.00072815838747698
"BCAS3",3.12165450013012e-08,-0.319652379265918,0.093,0.127,0.000802639805073457
"TM7SF2",3.33562190888681e-08,0.729929538784488,0.484,0.617,0.000857655105212977
"GOLGA4",3.49058786591197e-08,0.313223279243237,0.592,0.588,0.000897499952083287
"PDLIM5",3.63294973756264e-08,0.700107992651233,0.342,0.322,0.000934104036522107
"MRPS28",4.49461052432948e-08,0.376495255643254,0.584,0.602,0.0011556542580156
"NSUN3",4.5361565735319e-08,0.625940893415102,0.101,0.071,0.00116633657818652
"C5orf24",4.57305594998597e-08,0.533486521980402,0.417,0.415,0.00117582414586039
"SAMD12",4.74734333720196e-08,-0.306019777185158,0.096,0.129,0.00122063691886137
"GPAT4",5.3262150193344e-08,0.724590781270135,0.235,0.205,0.00136947640577126
"KIAA1522",5.35047797290151e-08,1.0626206208057,0.12,0.089,0.00137571489639244
"SGK1",5.43579156214228e-08,1.02789989284749,0.378,0.365,0.00139765072645802
"CHCHD10",5.62745184191076e-08,0.483209152381605,0.777,0.938,0.0014469304175921
"IRF2",5.87050945726628e-08,0.582857480131439,0.269,0.235,0.0015094253916523
"CYHR1",5.93330677744246e-08,0.503582882883496,0.428,0.434,0.001525571838616
"JPX",6.34347497812832e-08,0.543767001349854,0.377,0.355,0.00163103428637635
"ESCO1",6.41071140812489e-08,0.742511588268989,0.215,0.183,0.00164832211725707
"PKLR",6.4361348078833e-08,0.609023920291733,0.216,0.182,0.00165485898180296
"SIRT2",6.75155546828502e-08,0.526975559538032,0.351,0.325,0.00173595994200545
"GFOD1",6.7658250652794e-08,0.873742910147094,0.102,0.072,0.00173962894078464
"ELOVL6",6.87390771067372e-08,0.81967228768258,0.245,0.216,0.00176741915056843
"THAP6",8.0293854005744e-08,0.869683295280205,0.122,0.09,0.00206451557419569
"PARD6A",8.03325208722438e-08,-0.269195399792721,0.092,0.124,0.00206550977666713
"YIPF6",8.03814228333524e-08,0.44299671780112,0.484,0.484,0.00206676714389116
"NRDC",8.08135820025704e-08,0.463783469041595,0.509,0.524,0.00207787882045009
"GALNT1",8.33867620098568e-08,0.626450051683622,0.307,0.284,0.00214404042479744
"SRPRA",9.13393651023237e-08,0.524729042576771,0.36,0.338,0.00234851775551095
"C9orf72",9.2104244905232e-08,0.747569113277153,0.111,0.08,0.00236818434500332
"DUSP6",1.04231279707944e-07,1.10051382758792,0.299,0.283,0.00267999466385066
"RGS14",1.19419843078446e-07,0.514009628473027,0.47,0.489,0.003070523005233
"TAF13",1.20954158365809e-07,0.697172910067825,0.201,0.167,0.00310997331990167
"SEC24A",1.33867345914289e-07,0.832260514745809,0.193,0.162,0.0034419971981482
"MYCL",1.39988482166441e-07,1.14560054856492,0.108,0.08,0.00359938385346354
"EPB41L5",1.48509273637006e-07,0.7399837085676,0.281,0.26,0.0038184704437547
"FAM73A",1.58641554771088e-07,0.74634857187274,0.191,0.158,0.0040789916562742
"SLC25A15",1.62130616457549e-07,0.868884448262838,0.131,0.101,0.00416870241035649
"LRRC8D",1.63948116950352e-07,0.559411192705244,0.156,0.121,0.00421543398302746
"KLB",1.67964488360899e-07,0.673706007622517,0.223,0.193,0.00431870292473543
"CCNC",1.69689868327371e-07,0.323532559150251,0.605,0.62,0.00436306589443337
"PGPEP1",1.71444732908764e-07,0.723198189708698,0.22,0.189,0.00440818697255014
"AMZ2",1.74092625415911e-07,0.497920468948676,0.384,0.369,0.00447626958469389
"COCH",1.79036947934996e-07,1.27555598886462,0.115,0.088,0.00460339800530461
"PGRMC2",1.79116275614436e-07,0.435326930950554,0.478,0.492,0.00460543767859838
"CCDC88A",1.79709201482827e-07,0.641427505703625,0.272,0.244,0.00462068298852646
"PPP1CB",1.864260203117e-07,0.46685507309696,0.678,0.693,0.00479338583425442
"MAT2B",2.02938313107629e-07,0.475635888416844,0.421,0.415,0.00521794990662336
"ELOVL1",2.41696403163831e-07,0.563913867541109,0.381,0.371,0.00621449791814842
"PNKP",2.42161765397442e-07,0.623743881911523,0.336,0.318,0.00622646331189904
"DENND1A",2.50540478923814e-07,-0.308656335352925,0.085,0.115,0.00644189679408912
"VDAC3",2.56243946929205e-07,0.39006616147282,0.607,0.634,0.00658854436344373
"LINC00152",2.63599171693562e-07,0.366070548333958,0.6,0.628,0.00677766190258487
"PSD3",2.87517744668793e-07,0.88778971568764,0.108,0.08,0.007392656250924
"C19orf70",3.58224888855171e-07,0.309745862205939,0.678,0.719,0.00921067834224415
"PPTC7",3.65353649378004e-07,0.686195017886694,0.162,0.131,0.00939397303280724
"DEGS1",3.66279327633365e-07,1.09258440396572,0.421,0.428,0.00941777407210907
"CLDND2",3.68087706713829e-07,0.853616145134629,0.151,0.12,0.00946427111502596
"EVL",3.73230365205062e-07,0.446383397549332,0.199,0.253,0.00959649915015256
"DGCR6",4.10114142925451e-07,0.997055682575585,0.141,0.112,0.0105448548428992
"RP11-126K1.2",4.19262568350098e-07,0.696797600735883,0.1,0.071,0.0107800791574177
"PAPD7",4.37815629730514e-07,0.726893228542889,0.118,0.089,0.011257115471631
"PANK3",4.70780334139113e-07,0.578695531626088,0.356,0.343,0.0121047039513849
"NADK",5.19261410385803e-07,0.636770166508271,0.282,0.263,0.0133512493838398
"GSR",5.22357949455744e-07,0.645406553371922,0.143,0.113,0.0134308675964061
"SLC12A2",5.27508774774803e-07,0.454682989148934,0.201,0.26,0.0135633056170097
"GFM1",5.32282623721527e-07,0.470097479016667,0.399,0.388,0.0136860508211279
"ELP5",5.46074431382038e-07,0.593774310913471,0.348,0.34,0.014040665779695
"EPAS1",5.58511049313293e-07,0.659225390765869,0.27,0.241,0.0143604360999434
"VCPIP1",5.64738655029064e-07,0.569410834477742,0.165,0.133,0.0145205602981073
"MAP3K2",5.72591595455531e-07,0.611107782152738,0.31,0.289,0.0147224751023526
"SCPEP1",5.73570682119658e-07,0.563311532700157,0.503,0.523,0.0147476493786606
"SH3D19",6.84656498249264e-07,0.656590255830349,0.18,0.151,0.0176038878829851
"AP1AR",7.08102334230449e-07,0.855469869104954,0.107,0.08,0.0182067272177333
"DHRS7",7.10690693156878e-07,0.37049740974257,0.748,0.77,0.0182732791024497
"BCL10",7.17620398632012e-07,0.882637207529167,0.293,0.271,0.0184514556896263
"IKBKB",7.34386837830246e-07,0.791539828678908,0.101,0.074,0.0188825543742913
"RPN1",7.64678784678767e-07,0.281475216199065,0.721,0.742,0.0196614209116604
"NUCB2",7.8735612196966e-07,0.319160943987939,0.616,0.712,0.0202445006080839
"TRIM16L",7.92596687072278e-07,0.931033990581735,0.262,0.243,0.0203792460180024
"BICC1",8.08696965009558e-07,0.511325265267446,0.106,0.143,0.0207932163643258
"CREB3L2",8.1238021664572e-07,0.569916857465104,0.223,0.192,0.0208879201303948
"BSDC1",8.2391950036026e-07,0.484879153603413,0.363,0.345,0.021184618193263
"SNTB1",8.41644042120948e-07,0.506400607282221,0.38,0.379,0.0216403516110138
"IGFBP4",8.99104237198778e-07,0.513345859193202,0.517,0.545,0.023117768146855
"KCNK1",9.02047098891062e-07,0.871517803460236,0.132,0.104,0.023193435006687
"SLC20A2",9.29310563774497e-07,0.657956876682187,0.266,0.243,0.0238944332157699
"MSTO1",9.31102548889371e-07,0.703664051028545,0.202,0.172,0.0239405087370435
"ZNF721",9.59219786820652e-07,0.661476286040918,0.225,0.196,0.0246634591587326
"MSH3",1.05266318731382e-06,0.616260163985169,0.207,0.177,0.027066075872213
"CCDC125",1.08479103478763e-06,0.592285836748703,0.133,0.104,0.0278921470864596
"MINA",1.1474379400494e-06,0.55293621647754,0.367,0.363,0.0295029243145502
"ZBTB41",1.14766851423276e-06,0.905736744860272,0.106,0.079,0.0295088528379526
"FAM76B",1.25231189861258e-06,0.677994168000381,0.118,0.089,0.0321994435371267
"NCEH1",1.25369979905438e-06,1.08362324580957,0.102,0.077,0.0322351292332862
"CD46",1.27469312504697e-06,0.515862861485909,0.559,0.575,0.0327749096312077
"FRMD4B",1.34464876502893e-06,0.836427190148576,0.209,0.183,0.0345736090464239
"PARP8",1.37725153107069e-06,0.386121758588962,0.106,0.14,0.0354118913668897
"SZRD1",1.38922674764603e-06,0.420797294606446,0.408,0.4,0.0357197981354748
"ARL4A",1.43572754894054e-06,0.329899103166796,0.599,0.709,0.0369154267383591
"S100A9",1.53499802880771e-06,1.48277741035391,0.229,0.282,0.0394678693167038
"WDR55",1.56293176322721e-06,0.481107138950191,0.245,0.218,0.040186101496098
"POLK",1.61392601707339e-06,0.715879193984314,0.186,0.157,0.0414972657509909
"ATAD2",1.84555326854132e-06,0.407284693925113,0.361,0.331,0.0474528656407344
"TBC1D9",1.93136817036745e-06,0.808357501911544,0.113,0.086,0.0496593383964879
"ELK4",1.94435319483085e-06,0.715138520724748,0.246,0.218,0.0499932093454909
"SH3BP5",1.98854070856025e-06,0.592042460090405,0.171,0.142,0.0511293586985011
"SH3GLB1",1.99722788339148e-06,0.391865607127004,0.483,0.481,0.0513527233377616
"FAM177A1",1.99822010443276e-06,0.30959132582403,0.698,0.714,0.0513782353251751
"ASAH1",2.01752913689366e-06,0.475322604307213,0.553,0.563,0.0518747091678097
"NGRN",2.03989750695249e-06,0.619155747517954,0.219,0.192,0.0524498446987624
"CAPN1",2.08178076236745e-06,0.471803549592802,0.429,0.519,0.0535267469619919
"TMEM160",2.0904860087219e-06,0.386434648384443,0.579,0.656,0.0537505762562576
"PRLR",2.14348442847591e-06,0.559795092647942,0.151,0.12,0.0551132716249727
"CLDN23",2.16760480774856e-06,-0.42173394057755,0.081,0.108,0.0557334548168308
"PSMB2",2.36103412600834e-06,0.271028522796787,0.83,0.882,0.0607069094479265
"B3GNTL1",2.53500359458479e-06,0.641011137821413,0.125,0.098,0.0651800124239641
"AMFR",2.58247927094983e-06,0.978157806216148,0.275,0.253,0.0664007070146621
"THTPA",2.79585687503515e-06,0.670700378501969,0.168,0.14,0.0718870719709039
"ARRDC2",2.84865076355004e-06,0.906449646176344,0.184,0.158,0.0732445084323986
"KIAA1033",3.12252785429401e-06,0.488330316106796,0.329,0.31,0.0802864361896076
"SERPINA11",3.17134037150364e-06,0.762987547136915,0.279,0.263,0.0815415036321016
"ZBTB17",3.211621660373e-06,0.527454238169041,0.167,0.138,0.0825772161315107
"SHISA4",3.49677011506456e-06,0.63202869239738,0.196,0.172,0.08990895319854
"THAP1",3.62913670491166e-06,0.608320037976216,0.224,0.197,0.0933123629566885
"LAPTM5",3.63247788864516e-06,0.399615572457862,0.318,0.292,0.0933982714728442
"WSB2",3.82796220863627e-06,0.754686869991079,0.244,0.219,0.0984245643084559
"WDR92",3.89412628343927e-06,-0.351483664926318,0.093,0.121,0.10012577499979
"RRAS",3.94320889614902e-06,0.68774519266165,0.195,0.167,0.101387787137784
"LIMD1",4.03140071629266e-06,0.785659630639177,0.119,0.092,0.103655375217317
"RHOBTB3",4.11759198493681e-06,0.499482900401545,0.405,0.405,0.105871525116695
"KDM4C",4.12650342685508e-06,0.254543881347384,0.082,0.109,0.106100656111298
"ARFGEF1",4.30863562938098e-06,0.64269453276248,0.224,0.197,0.110783639302644
"CLMN",4.4069268878153e-06,0.610633579573311,0.245,0.222,0.113310904139507
"SNX22",4.47902461067365e-06,0.67732331322954,0.164,0.136,0.115164680789641
"TRIM69",4.76066064301268e-06,0.409640140080281,0.197,0.167,0.122406106453142
"WARS2",4.84351426519834e-06,0.487396986796033,0.185,0.155,0.12453643878678
"WASL",5.18000887195386e-06,0.467844427096469,0.439,0.439,0.133188388115678
"USF3",5.20570943204082e-06,0.729287260602014,0.166,0.139,0.133849200916634
"DBP",5.40032600892407e-06,0.637936541639316,0.251,0.229,0.138853182341456
"MMP9",5.42823082815684e-06,0.883637999595803,0.125,0.164,0.139570671053569
"BMPR2",5.60293231277004e-06,0.25070563281503,0.149,0.19,0.144062595625943
"SPAG7",5.81153515397298e-06,0.423948131221322,0.416,0.41,0.149426191878953
"TSTA3",5.83772655167823e-06,0.342062697913031,0.676,0.703,0.150099625096751
"SLC16A10",6.17906959695099e-06,-0.297008751612964,0.098,0.127,0.158876237476804
"CCL3L3",6.23379692962182e-06,1.06017308021987,0.327,0.334,0.160283386654436
"TTYH3",6.52759756030848e-06,0.250104681698259,0.114,0.148,0.167837588470652
"VPS41",6.62613964648699e-06,0.597367305174669,0.194,0.166,0.170371302590473
"DNAJB9",6.70563170532334e-06,0.483895522220716,0.619,0.644,0.172415202407274
"GGPS1",6.71140744764457e-06,0.522365073886112,0.418,0.422,0.172563708293837
"HS2ST1",6.76587256076647e-06,0.572721353584742,0.263,0.241,0.173964115282427
"FAM160A2",7.04735516989931e-06,0.719435366497193,0.172,0.146,0.181201596128451
"DMAP1",7.73394339755395e-06,0.568120465210415,0.355,0.343,0.198855152637907
"SLC46A1",7.8943275259536e-06,0.616590676418389,0.201,0.177,0.202978949347319
"C1orf115",8.49640070651267e-06,0.48123004409468,0.319,0.302,0.218459454965854
"TMCO6",8.66891551961051e-06,0.622649392790159,0.155,0.129,0.222895155840225
"SLC7A2",8.91023800806292e-06,1.13653483708583,0.177,0.156,0.229100039663314
"TRAPPC6B",9.08849548116576e-06,0.270993825201779,0.178,0.224,0.233683395811734
"ZDHHC12",9.47959616467467e-06,0.481895004142992,0.486,0.505,0.243739376586115
"MNS1",9.94574741975288e-06,0.712444595179047,0.111,0.086,0.255725057656686
"FNIP2",1.05979050301639e-05,0.973295006465641,0.274,0.261,0.272493334135573
"QTRT1",1.10099978647368e-05,0.603182642735489,0.302,0.286,0.283089065098111
"OGT",1.10154936605181e-05,0.763567288507743,0.192,0.167,0.283230372999242
"RNF14",1.10569746049479e-05,0.538658910486308,0.276,0.254,0.284296931042421
"HIBCH",1.12124766967105e-05,0.394561858581288,0.502,0.504,0.28829520082582
"SIPA1L2",1.2152680243975e-05,0.816124720454811,0.121,0.096,0.312469714433085
"CD52",1.21587878699141e-05,0.744224146784152,0.294,0.362,0.31262675371123
"TPGS1",1.28764202943669e-05,0.596883839473422,0.129,0.103,0.331078518608763
"UBE3A",1.36382040569635e-05,0.560631184277144,0.359,0.35,0.350665502712645
"ZNF680",1.42153714154072e-05,0.822280272967266,0.188,0.166,0.365505629832951
"G6PD",1.42535543462274e-05,0.608049356775063,0.428,0.535,0.366487389350198
"MRPS17",1.42679869448242e-05,0.419190676913598,0.459,0.463,0.366858480325321
"THAP3",1.42926809350032e-05,0.574348191021451,0.21,0.184,0.367493412200802
"RP11-467L13.7",1.44916018649995e-05,0.310692023647771,0.154,0.192,0.372608067152867
"TTLL7",1.47489091596789e-05,0.64874391338375,0.118,0.094,0.379223952313664
"PEX6",1.48345238136295e-05,0.802928820060496,0.167,0.142,0.381425276296041
"PQLC2",1.51264785043235e-05,0.541648677665179,0.231,0.209,0.388932015303165
"GPHN",1.53433269238928e-05,0.681454295005326,0.154,0.131,0.394507621867131
"SMC2",1.57939013050538e-05,0.252627889241987,0.297,0.359,0.406092790355544
"DUS4L",1.59080589665845e-05,0.542605775460225,0.162,0.135,0.40902801214882
"HEXB",1.66390091470679e-05,0.311271541753517,0.672,0.748,0.42782220318941
"AKAP9",1.68401992442909e-05,0.418204770152917,0.564,0.57,0.432995202969209
"RRBP1",1.72023147795778e-05,0.312904633215824,0.693,0.684,0.442305917612505
"EEA1",1.81869503840325e-05,0.556214977680483,0.268,0.25,0.467622868274245
"PHYKPL",1.83112061194208e-05,0.494307444619628,0.26,0.237,0.470817731742547
"OAS1",1.9112715706422e-05,0.46810792004052,0.256,0.228,0.491426146243522
"TOMM40L",2.18413703161646e-05,0.754819487394977,0.129,0.105,0.561585313569224
"C12orf45",2.28675555454038e-05,0.449799864524647,0.402,0.394,0.587970588183422
"HPS3",2.28967039606875e-05,0.606654595954059,0.192,0.167,0.588720052237196
"MANEA",2.37183829049791e-05,0.6988174138647,0.168,0.144,0.609847061252823
"SLC25A40",2.50035180108751e-05,0.679260989069244,0.13,0.106,0.64289045509562
"GPC6",2.56315597867051e-05,0.86088877759839,0.168,0.146,0.659038665235762
"VPS4B",2.6234297281159e-05,0.489767531528458,0.362,0.352,0.674536251693161
"TRIM33",2.7264243390748e-05,0.67978386783851,0.294,0.278,0.701018226062913
"FAAH",2.78448699741408e-05,0.703711466689745,0.197,0.174,0.715947296775108
"HLA-E",2.80502480012051e-05,0.356005718147713,0.749,0.768,0.721227976606985
"RAPGEF4",2.86066656163179e-05,-0.324584142615248,0.077,0.101,0.735534586326766
"TMEM234",2.86970774910571e-05,0.496346330728154,0.158,0.132,0.73785925645006
"EYA3",2.93941779823438e-05,0.889788111565429,0.133,0.11,0.755783104282024
"ERCC1",3.04330755714193e-05,0.374159929629692,0.44,0.439,0.782495239092334
"CAB39",3.15470597456488e-05,0.787909834172142,0.204,0.183,0.811138000180121
"DCTN6",3.43116374881672e-05,0.741347744059653,0.372,0.369,0.882220823095756
"RRAGC",3.48985135465918e-05,0.46110534536159,0.358,0.351,0.897310580309969
"DECR2",3.73649623856468e-05,0.458896486615828,0.428,0.431,0.96072791285975
"ZCCHC10",3.91412303588645e-05,0.410810905204767,0.465,0.47,1
"WDR3",3.98603851154184e-05,0.330359435564152,0.188,0.23,1
"CCS",4.01379887105275e-05,0.356328319847808,0.503,0.513,1
"RTN4",4.13977918180208e-05,0.288460491455684,0.771,0.812,1
"NIT1",4.34193307038152e-05,0.356497908411602,0.414,0.414,1
"MIB1",4.42093838825743e-05,0.264869158045015,0.173,0.213,1
"PDZD8",4.42990471318988e-05,0.582076552338513,0.273,0.253,1
"FNDC4",4.47249094674493e-05,0.675320107323482,0.214,0.195,1
"CTD-3252C9.4",5.07185649472658e-05,0.72434414680284,0.174,0.218,1
"RBP5",5.21699908693646e-05,0.254394927486764,0.542,0.645,1
"RIN2",5.53440236701717e-05,0.366036775719856,0.098,0.126,1
"AC016700.5",5.56851746743699e-05,0.602254089829689,0.109,0.086,1
"RNF152",5.72590847218394e-05,0.964934852051716,0.129,0.106,1
"BEST1",5.86501097466537e-05,0.459809283548797,0.352,0.344,1
"ACSF2",5.96166498353613e-05,0.568476524402997,0.245,0.23,1
"LDLRAP1",6.14824633185188e-05,0.56278264636236,0.18,0.156,1
"RBM41",6.28691805742669e-05,0.644694873358092,0.143,0.119,1
"TXNDC16",6.6893674073165e-05,0.321259762353678,0.1,0.128,1
"LEPROTL1",7.08093356634549e-05,0.49935533295956,0.511,0.532,1
"TNFRSF11B",7.11424686929698e-05,1.58993440108462,0.131,0.112,1
"SNX17",7.18388466769887e-05,0.383441748220642,0.587,0.621,1
"ENO3",7.24795862545382e-05,0.413672870228357,0.121,0.154,1
"ARRDC3",7.32664187792686e-05,0.460042587043495,0.345,0.331,1
"CD37",7.62152386120321e-05,0.77036717845693,0.113,0.09,1
"PTBP2",7.75323016192964e-05,0.6406751185802,0.137,0.114,1
"TMEM2",8.00833548701275e-05,0.601924656574122,0.279,0.264,1
"HSD17B8",8.10120108809501e-05,0.6313249302043,0.421,0.438,1
"LYSMD3",8.40163244653417e-05,0.642143917510436,0.156,0.133,1
"IFIH1",8.60557499132845e-05,0.605636109360177,0.109,0.087,1
"NBAS",8.87951862155995e-05,0.723906975242361,0.147,0.124,1
"RDH5",9.42790767703349e-05,0.972889808666988,0.15,0.129,1
"NOTCH2",9.60777182874849e-05,0.768849524710011,0.154,0.132,1
"MTHFD2L",0.000102564382215409,0.313460151403151,0.32,0.381,1
"POLR3H",0.000112083909343634,0.519020061878467,0.234,0.216,1
"PRPF31",0.000124408890723945,0.290032444240032,0.526,0.551,1
"LINC01023",0.000129494767777563,0.536889770170119,0.101,0.08,1
"USP38",0.000135067045043249,0.646094228302577,0.119,0.098,1
"ATP5S",0.00013946108477144,0.680997651017366,0.254,0.239,1
"IDS",0.000141010980508134,0.349736487339037,0.214,0.258,1
"ALG13",0.000144026738599972,0.711174921318856,0.445,0.457,1
"RAB33B",0.00014539267318097,0.781639487048495,0.13,0.108,1
"ING5",0.000145464690022705,0.709463706031037,0.132,0.111,1
"PPIE",0.000147004803856877,0.428396231011681,0.451,0.467,1
"ADRB2",0.000147050779372414,0.532168619199369,0.157,0.134,1
"POMGNT1",0.000147720861147271,0.551871645354271,0.276,0.261,1
"ARAF",0.000148373651156346,0.482007758202335,0.317,0.303,1
"SUGCT",0.000148964707151593,0.476098434872938,0.184,0.162,1
"ZDHHC18",0.000169783356120943,0.699534877017613,0.103,0.083,1
"NEK7",0.000170088077043365,0.542092936420362,0.188,0.167,1
"KCTD9",0.000174148588992404,0.795867382695652,0.133,0.113,1
"CASK",0.000178255737209866,0.40777050140463,0.125,0.155,1
"SLC19A2",0.000204626770991826,0.755155300464282,0.141,0.121,1
"CASC10",0.000205426768737346,0.716467032159294,0.162,0.141,1
"SH3BGRL2",0.000209718234177858,0.601901232546175,0.202,0.181,1
"PLEKHA4",0.000220660244997171,0.856688622614153,0.118,0.098,1
"SS18L1",0.000232729725468529,0.581178572031059,0.139,0.118,1
"SLC17A5",0.000236588404979833,0.424884408396055,0.293,0.276,1
"PHF8",0.000236726708395763,0.273437090752341,0.113,0.14,1
"GNG5",0.000236884768548509,0.31045418296284,0.858,0.896,1
"SSH2",0.000241480496474512,0.631088479249871,0.214,0.195,1
"AC013461.1",0.00024527211120483,0.472037024633822,0.321,0.312,1
"SPRYD3",0.000247244671194497,0.593558188033232,0.115,0.094,1
"LCP1",0.00024785004815038,0.55799984139914,0.167,0.143,1
"RP11-680F8.1",0.000255290283638895,0.363835106479449,0.161,0.198,1
"ZZZ3",0.00025964058218118,0.56782896042,0.214,0.195,1
"OSGIN2",0.00026641279619953,0.446298059305283,0.175,0.153,1
"BAD",0.000266882443419982,0.377110966526422,0.6,0.649,1
"DNAH14",0.000275679361632847,0.562208023855134,0.263,0.249,1
"PHF20L1",0.000287181749465944,0.388135917762909,0.445,0.47,1
"GCFC2",0.000291964681837162,0.47205917682314,0.234,0.216,1
"AK4",0.000292059408802199,0.294101506358499,0.585,0.624,1
"RP11-841O20.2",0.000301981500113968,0.633788426421996,0.101,0.081,1
"SUPV3L1",0.000304299268574477,0.315266308274123,0.269,0.323,1
"AASDHPPT",0.000314672207422988,0.467200165670657,0.361,0.358,1
"DPAGT1",0.000326803781668278,0.369566284468469,0.316,0.304,1
"CLCN5",0.000351445874505902,0.648356579522074,0.104,0.085,1
"AFP",0.000359295052236462,0.769666589343952,0.238,0.217,1
"MBD2",0.000371880443314956,0.555297810269622,0.162,0.141,1
"RAB17",0.000377057113241773,0.449647715213818,0.377,0.378,1
"SLC16A1",0.000379593314264999,0.422617148974251,0.334,0.323,1
"HARS2",0.000390581636213957,0.526645673811119,0.151,0.13,1
"GFPT1",0.000393818130712075,0.614143678071295,0.31,0.303,1
"IMPACT",0.000406253547409736,0.56362323092539,0.247,0.229,1
"ZNF789",0.000408451412883923,0.424003091127569,0.086,0.108,1
"N6AMT1",0.000416468633628236,0.442465656995103,0.131,0.11,1
"HABP4",0.0004443174730807,0.654098867461313,0.138,0.12,1
"AGL",0.000447249372374637,0.617226255126868,0.216,0.199,1
"SLC35B3",0.000491272273881963,0.491733406946254,0.348,0.342,1
"ERMARD",0.000498951498897888,0.676106328208776,0.107,0.088,1
"PEX16",0.000520500214772491,0.317691705569548,0.433,0.445,1
"RP11-140K17.3",0.000522177100124888,0.530000273972905,0.311,0.303,1
"NADSYN1",0.00053848517563106,0.457040977703458,0.207,0.188,1
"C2orf82",0.000551936233306411,0.697909749267953,0.226,0.212,1
"LINC00869",0.000551968111622183,0.464003701032791,0.403,0.409,1
"PER2",0.000556215348821081,0.863274858859828,0.199,0.184,1
"FXYD1",0.000560590602222829,0.748767349174005,0.495,0.528,1
"EI24",0.000583926921792365,0.261663176935212,0.642,0.698,1
"CEP70",0.000585030721110927,0.590241434051955,0.249,0.232,1
"THRAP3",0.000625279988325957,0.331596497002444,0.545,0.565,1
"VAMP4",0.000631227150261248,0.554019067859646,0.194,0.176,1
"ALKBH2",0.000631690366911464,0.396374357186241,0.366,0.372,1
"BOD1L1",0.000646500741730553,0.307371273462157,0.173,0.207,1
"SLC38A1",0.000653166029961943,0.672488620868296,0.265,0.251,1
"CHMP2B",0.000738384536473292,0.414601274217749,0.564,0.581,1
"SCGN",0.00073855178560046,0.325062928538841,0.287,0.341,1
"NUDT19",0.000760194118787945,0.41878122527562,0.158,0.137,1
"AAK1",0.000850358557291826,0.547281015377544,0.327,0.32,1
"LANCL1",0.000864159204739755,0.646199874209996,0.152,0.133,1
"ZNF275",0.000911229240801843,0.330500312530774,0.116,0.142,1
"ORMDL3",0.000928906026745445,0.387957413640615,0.414,0.424,1
"IL10RB",0.00093587331896641,0.391996617856124,0.373,0.371,1
"LMF2",0.00099391378359831,0.410155285551839,0.395,0.401,1
"FAM102A",0.00101003763478084,0.594097705213572,0.243,0.231,1
"SQRDL",0.00105600356647794,0.338188289793314,0.403,0.397,1
"CNOT6L",0.00106447365856636,0.262687985427094,0.191,0.223,1
"ERLIN2",0.00107144699100333,0.835500366818174,0.164,0.148,1
"MFN2",0.001099160824695,0.596753422474845,0.208,0.193,1
"TMEM19",0.00111386960198181,0.462932864280322,0.243,0.227,1
"ADORA2A-AS1",0.00111789960415766,0.685237681064593,0.17,0.152,1
"FOXA1",0.00116935460513873,1.0153157899816,0.122,0.106,1
"HIRIP3",0.00123580105355286,0.57951493899676,0.204,0.186,1
"TAF12",0.00124336663986227,0.343961389638055,0.492,0.519,1
"CYB5R1",0.00128155037725049,0.350182402773082,0.438,0.444,1
"PRPF40B",0.00132525729781879,0.733195211741752,0.106,0.089,1
"PSMB8-AS1",0.00133299681220453,0.410619524517184,0.17,0.149,1
"PFKL",0.00135005636089795,0.30089827185234,0.551,0.576,1
"ATG4B",0.00135715712112133,0.529235422674147,0.311,0.305,1
"DIAPH1",0.00135912978861649,0.462985095631406,0.32,0.321,1
"TBC1D2B",0.00145676581393268,0.526175602886156,0.109,0.092,1
"TIPRL",0.00149982811517357,0.423581148669482,0.549,0.599,1
"EMP2",0.0015443967079925,0.4153811099599,0.502,0.535,1
"SETD9",0.00160304360906258,0.559820652304821,0.279,0.272,1
"TCIRG1",0.0016356317715082,0.403467332857883,0.173,0.154,1
"SELO",0.00164387635814734,0.820924166651617,0.154,0.138,1
"RLF",0.00166589525169019,0.895511812846366,0.163,0.148,1
"ID2",0.00167140895763474,0.30999235526266,0.816,0.864,1
"CTSF",0.00167775723598826,0.511408968694818,0.503,0.553,1
"CASC5",0.00168236687865889,0.585650566351065,0.175,0.158,1
"SLC31A1",0.00172074735368449,0.396558603519396,0.37,0.374,1
"SCARB1",0.00173473522740142,0.448960523822253,0.584,0.625,1
"TMEM220",0.00173631811119495,0.275028789838784,0.306,0.365,1
"TMEM44-AS1",0.00174894297914634,0.449619605323201,0.147,0.128,1
"RP11-356J5.12",0.00177154607295656,0.430133970230925,0.105,0.128,1
"SPTLC3",0.00186260155309233,0.572970348670573,0.122,0.104,1
"BCL2A1",0.00187067573012963,-0.320376327922071,0.105,0.126,1
"PYCRL",0.0019339785424305,0.522679178353282,0.195,0.179,1
"KLF10",0.00198772194312532,0.554434849389722,0.519,0.544,1
"CXorf40A",0.00199714045935673,0.448477216829824,0.137,0.118,1
"COA7",0.00203478287660297,0.448164390751542,0.308,0.305,1
"SPP1",0.00217314991004968,0.755324250823784,0.555,0.731,1
"ASXL2",0.00223876672742901,0.255395025347817,0.17,0.2,1
"PDE7A",0.00226910028941706,0.342857486698255,0.125,0.149,1
"ARHGAP29",0.00236311361783424,0.505426724193515,0.245,0.233,1
"NUDT6",0.00242579180686887,0.687217353356779,0.126,0.109,1
"SEC24B",0.00245067843790196,0.629868874540753,0.112,0.096,1
"ADSSL1",0.00248979581969098,0.749067847934905,0.205,0.196,1
"UBE2L6",0.00277878265670346,0.408769630386034,0.532,0.587,1
"KHDRBS3",0.00279826555648259,0.342541321930647,0.156,0.185,1
"SARS2",0.00283727314920695,0.433109228036822,0.163,0.147,1
"PPP4R3B",0.00285117906787262,0.467520053496221,0.385,0.392,1
"L3HYPDH",0.00296517425546072,0.381866893835821,0.111,0.135,1
"RBM19",0.00312101926715861,0.578859043446862,0.145,0.128,1
"FNDC3A",0.00321849046431344,0.694838637768689,0.219,0.21,1
"SNHG8",0.0033335603291085,0.486088927010962,0.652,0.723,1
"LSP1",0.0033475850152057,0.770957827110529,0.2,0.184,1
"PIK3IP1",0.00346150390808651,0.964180647722218,0.145,0.131,1
"AHSA2",0.00348628429478085,0.684748908352524,0.162,0.148,1
"SNX4",0.00389418050167322,0.333653005909651,0.482,0.493,1
"RAB40B",0.00391905018241061,0.544365337966238,0.318,0.331,1
"USP33",0.00393586863157961,0.481700062806855,0.263,0.253,1
"SYVN1",0.00395461493401901,0.48386296561259,0.245,0.234,1
"TMEM141",0.00398384312401787,0.384240869740261,0.714,0.769,1
"ARHGEF35",0.00400000721444323,0.624721709788993,0.273,0.273,1
"RTCA",0.00406083361086659,0.387398317588852,0.414,0.434,1
"NR3C1",0.00412319970357114,0.441878741977072,0.356,0.357,1
"ZFR",0.00413435773824815,0.437658631731467,0.393,0.403,1
"MORC3",0.00414626988992482,0.788545585245816,0.155,0.143,1
"FBXO8",0.0041689110391609,0.495587268146173,0.21,0.195,1
"CHM",0.00433941638033897,0.602189168310897,0.135,0.119,1
"IFIT1",0.0043771644945048,0.657235204155845,0.141,0.126,1
"CDKN3",0.00443951501521547,0.593449557767687,0.349,0.411,1
"ELMOD3",0.00472186404489602,0.661338236758589,0.151,0.135,1
"ATAD3B",0.00477668681518856,0.493021544124907,0.131,0.116,1
"DCAF11",0.00486512092038206,0.396394091540053,0.401,0.413,1
"DDI2",0.00497910931981993,0.523258001532261,0.234,0.224,1
"USP15",0.00522582036554886,0.500034046479162,0.308,0.306,1
"TMEM64",0.0055051582024231,0.569472118186497,0.252,0.248,1
"PHF6",0.00555208294412624,0.257100926099257,0.183,0.214,1
"RPGR",0.00572206762690372,0.349053186130039,0.147,0.173,1
"RP11-443B7.1",0.00572659462138695,0.305728870667703,0.114,0.135,1
"FAM120A",0.00577787398835106,0.411876824908208,0.395,0.405,1
"NSUN2",0.00579062171801633,0.398225864538187,0.277,0.271,1
"FANCL",0.00586302691774532,0.527577100112897,0.214,0.203,1
"MT-ATP8",0.00590252130794946,0.658351505338756,0.26,0.253,1
"SP110",0.00603846165195044,0.409522739147967,0.113,0.097,1
"PANX1",0.00606660298765182,0.29365079149677,0.111,0.096,1
"ZNF770",0.0062089289825932,0.38932945888456,0.306,0.302,1
"PQLC3",0.00626112303997613,0.571642486449175,0.225,0.218,1
"CXADR",0.00636170019225177,0.267118622152234,0.59,0.613,1
"OGG1",0.00636573295663684,0.404832627466387,0.32,0.325,1
"SPAST",0.00645207257308457,0.315293781009197,0.111,0.132,1
"FASTK",0.00650477070534061,0.306485803951183,0.57,0.608,1
"UBR4",0.00684704372255399,0.888356989755289,0.261,0.257,1
"NBN",0.0068620628037463,0.414322811486617,0.347,0.354,1
"FUNDC2",0.00703269477707514,0.574956480643828,0.609,0.699,1
"CD99L2",0.00734800233659122,0.613901053457427,0.132,0.118,1
"MLH3",0.00739211479402312,0.590453821997027,0.172,0.161,1
"GOLGB1",0.00747229927964069,0.44541655701309,0.397,0.413,1
"VPS13C",0.00753015087576811,0.596328220790756,0.202,0.192,1
"GNLY",0.0076649002928771,0.469786816498734,0.087,0.105,1
"MEMO1",0.00786753264891913,0.763864508021393,0.115,0.102,1
"C12orf29",0.00789926685629116,0.495765743171948,0.27,0.267,1
"TRAF3IP1",0.00801254561199851,0.560486672586207,0.129,0.116,1
"CTAGE5",0.00825028021094385,0.335585571325914,0.177,0.207,1
"PTBP3",0.00831216941448109,0.455967634763009,0.324,0.325,1
"BRI3BP",0.00844738060682846,0.64094836353028,0.152,0.139,1
"SUGP2",0.00890596479555364,0.276034199537359,0.207,0.24,1
"U2AF1L4",0.00893766590460147,0.442128623421145,0.218,0.207,1
"ZSCAN16-AS1",0.00906894646472422,0.250707415857835,0.595,0.628,1
"HPCAL1",0.0092517967596766,0.376828597422841,0.317,0.319,1
"AGFG1",0.00970372241139042,0.637030173636578,0.2,0.189,1
"ICT1",0.0100881626208888,0.326284021878762,0.463,0.499,1
"ZNF787",0.0101190356774609,0.588814320726387,0.131,0.117,1
"SERPINF2",0.0106267731521743,0.41120174171765,0.635,0.696,1
"CCDC84",0.0106697833745504,0.442425513531662,0.124,0.11,1
"IL6ST",0.0107276109898979,0.327732759410109,0.497,0.52,1
"SMARCA2",0.0111088193735631,0.379876757604863,0.115,0.134,1
"PHGDH",0.0113900460916222,0.255366709137,0.557,0.631,1
"ISCU",0.0115501479419162,0.263853676306221,0.616,0.672,1
"ATP5L2",0.0115576311545802,0.259065768237234,0.102,0.12,1
"PEX10",0.0116423838954553,0.420216008886165,0.234,0.229,1
"BTN3A2",0.0116996923822148,0.47670507646435,0.238,0.228,1
"MCCC2",0.0118254237768207,0.37790395729743,0.304,0.305,1
"SNTA1",0.0118776698262226,0.264910155889677,0.136,0.158,1
"HMGCS1",0.0119276382361308,0.358200431361799,0.648,0.708,1
"SGMS1",0.0120056814637037,0.47459773223697,0.178,0.166,1
"GPT2",0.0120201898812439,0.26956941418898,0.268,0.315,1
"AC004951.6",0.0121918902948439,0.419685457730908,0.116,0.137,1
"GNB1",0.0122614077913186,0.331896498725079,0.413,0.429,1
"ZNF83",0.0127761224888204,0.755380769652072,0.163,0.155,1
"EGLN3",0.0132826928241866,0.830927236161707,0.235,0.233,1
"GFOD2",0.0133825017379379,0.405358863747037,0.22,0.21,1
"CLDN12",0.013546959777676,0.457511309033428,0.294,0.29,1
"ACSL3",0.0136503582080148,0.318840626660267,0.461,0.481,1
"CXorf38",0.0138359408033555,0.34186360725992,0.101,0.088,1
"FAM160B1",0.0138472607085314,0.759503995560583,0.114,0.102,1
"VEZT",0.0142140933227098,0.515665005165844,0.281,0.279,1
"PUS7L",0.0143096760796543,0.280750957837104,0.286,0.327,1
"ACOX3",0.0145275537667944,0.395072511783655,0.118,0.104,1
"RAB27A",0.0149950660734594,0.288781956439319,0.233,0.268,1
"PHKA2",0.0150048755573146,0.381057897959717,0.194,0.224,1
"MIR210HG",0.0151149918085565,1.21555703761827,0.143,0.133,1
"SLC16A1-AS1",0.0153232385237194,0.530679311722444,0.113,0.1,1
"YIPF1",0.0153494239523849,0.397464315555413,0.342,0.347,1
"FCF1",0.0154871370973041,0.613173053419242,0.198,0.19,1
"ANKRD12",0.0155589078102037,0.386863674401802,0.448,0.466,1
"PCGF1",0.0159997469560698,0.562018084613642,0.194,0.181,1
"RAPH1",0.0164036548259121,0.63503251639518,0.191,0.182,1
"CASC4",0.0164045298212767,0.457467829517063,0.291,0.289,1
"FOSB",0.0169942199504482,0.646073418150835,0.453,0.49,1
"MGAT4B",0.0171852557828255,0.529013636148735,0.266,0.269,1
"KIAA0368",0.0172643774349928,0.434161511593194,0.165,0.153,1
"KIAA1109",0.0173600879590856,0.256291911806988,0.134,0.154,1
"PDS5A",0.0175671731020079,0.409789417942316,0.314,0.32,1
"PUM2",0.0177004939833348,0.605925510539496,0.278,0.279,1
"WBSCR27",0.0179022969982302,0.405502530545008,0.194,0.184,1
"PANK1",0.0180933435406114,0.29732866736187,0.196,0.227,1
"SNIP1",0.0184514126692299,0.483783034813942,0.117,0.104,1
"USP9X",0.0185017233819146,0.499859753491633,0.297,0.3,1
"ATG4A",0.0185817029834338,0.432735294906017,0.143,0.13,1
"FAM35A",0.0186779285953913,0.423860438082385,0.276,0.27,1
"EGLN1",0.0188378800982533,0.529699125067352,0.411,0.425,1
"RMND1",0.0192707326400062,0.360630024318003,0.272,0.266,1
"NBPF11",0.0193230520951454,0.829096022994811,0.119,0.108,1
"FDX1",0.0194437595824267,0.426591652693414,0.533,0.617,1
"PUSL1",0.0198031929892671,0.53924452233468,0.209,0.202,1
"IDH3G",0.02038070407877,0.382624717882188,0.502,0.539,1
"ANAPC15",0.0205018921734689,0.32970561896495,0.392,0.401,1
"MTIF3",0.0206766785802634,0.258059349406149,0.611,0.626,1
"SULT1C2",0.0211331974421833,0.889849553493416,0.181,0.173,1
"TMEM175",0.0215808198784669,0.499661603450318,0.137,0.126,1
"DUS1L",0.0217567579887394,0.507903960886853,0.232,0.232,1
"GMPR",0.0219868851986288,0.439686539993306,0.16,0.148,1
"SESN1",0.0223454913146896,0.383037074251706,0.103,0.12,1
"IMPAD1",0.0224821879046591,0.455276882053274,0.293,0.301,1
"CBR4",0.0234540368318736,0.474003075538397,0.249,0.245,1
"TRAPPC8",0.0239026744398855,0.358197943064024,0.162,0.186,1
"GDAP2",0.0239492102077148,0.64599720558926,0.167,0.158,1
"HNRNPL",0.0246113397846738,0.318086707173566,0.394,0.405,1
"ZNF224",0.0250456237371974,0.489974322523875,0.109,0.097,1
"AC113189.5",0.0253525454040659,0.695249587098677,0.118,0.108,1
"MTRR",0.0259920113852143,0.383481636883289,0.2,0.19,1
"ARHGEF5",0.0265795842445985,0.619655843423808,0.15,0.141,1
"STIM1",0.0271958403752968,0.417872480646727,0.173,0.163,1
"NR1D1",0.0275900262292799,0.333100236751429,0.209,0.24,1
"KBTBD4",0.0279088906209148,0.290120085167469,0.113,0.101,1
"DBT",0.0279734392920852,0.517169341386362,0.16,0.149,1
"PEF1",0.0279793006486727,0.290374082117313,0.499,0.539,1
"SPG11",0.0282244168473715,0.526763650227005,0.183,0.175,1
"PPM1B",0.0283386130591758,0.439800746636171,0.367,0.377,1
"UBL4A",0.0284310567064337,0.404915021910149,0.288,0.287,1
"GNPDA2",0.0295806736055649,0.394185432149186,0.118,0.106,1
"ATF7IP",0.0298421782224028,0.545688640205552,0.143,0.132,1
"ATL2",0.0303238246333259,0.378378861600524,0.235,0.228,1
"TMEM263",0.030809764689119,0.473552690220215,0.298,0.299,1
"PTPRH",0.0309064486020145,0.310453801004803,0.089,0.104,1
"XPOT",0.0312248483625933,0.258910117543518,0.279,0.318,1
"TBC1D23",0.0313731781815257,0.444734433070957,0.204,0.195,1
"FNDC3B",0.0315658242934889,0.390133705979086,0.353,0.355,1
"FBXO31",0.0322584525795573,0.585811044289585,0.144,0.136,1
"PXDC1",0.0325177336017841,0.606579671291127,0.33,0.341,1
"TRIB3",0.0327378862831668,0.646709875755378,0.372,0.398,1
"GPRC5C",0.0334074097054722,0.276542993659123,0.608,0.64,1
"CHP1",0.0347237329120625,0.352831292641552,0.633,0.673,1
"RCAN1",0.0361591120537759,0.31572036906062,0.226,0.256,1
"TIPARP",0.0362509315215979,0.609735737065445,0.286,0.289,1
"CCNE2",0.0363465986294739,0.826917803917609,0.141,0.132,1
"ATRX",0.0368330757954951,0.324502791008912,0.462,0.48,1
"TAPBPL",0.0368409630430052,0.465241434786194,0.258,0.256,1
"COQ3",0.0383884266671772,0.512026226085564,0.234,0.231,1
"ZDHHC9",0.0384292690814042,0.398423383410924,0.31,0.314,1
"ALPK2",0.0384431230118619,0.526993716985428,0.11,0.1,1
"ARL4C",0.0385923040723205,0.380191104679665,0.089,0.102,1
"GNPNAT1",0.0386764818467336,0.376036512172037,0.386,0.401,1
"TRMT10A",0.0389970979811379,0.515202527556363,0.178,0.168,1
"STARD4",0.0390548410337222,0.398149180319572,0.229,0.265,1
"TSACC",0.039253736030345,0.456949157339428,0.102,0.091,1
"FOSL2",0.0393365066106671,0.293107841990101,0.225,0.214,1
"USP1",0.0396352588480062,0.530181979552136,0.399,0.42,1
"TXLNA",0.0423946578056241,0.274548461730287,0.183,0.207,1
"C11orf24",0.0432528076533911,0.401767966542453,0.239,0.235,1
"MCL1",0.0434425935840864,0.27608011470938,0.68,0.706,1
"NRAS",0.0435244178886441,0.34165652533522,0.392,0.407,1
"SLC38A6",0.0435707267208802,0.559317751551815,0.233,0.231,1
"CLEC2D",0.0436815312182996,0.675211023760341,0.103,0.093,1
"FBXO25",0.0440128176144524,0.274253341897715,0.283,0.327,1
"NCAPG2",0.0443726594154963,0.312074910172043,0.105,0.12,1
"ZBTB18",0.0451676660431515,0.609277890556623,0.194,0.19,1
"THAP4",0.0452628700243487,0.374802363950073,0.232,0.225,1
"ANKRD28",0.0456040339411476,0.801695169070038,0.164,0.158,1
"USP34",0.0458083261103411,0.515463773507606,0.279,0.28,1
"NEDD9",0.0462261714183474,0.948017844369381,0.423,0.454,1
"SPHK2",0.0469421839653327,0.520765682205242,0.145,0.135,1
"LRPPRC",0.0476823868981553,0.335143228487947,0.365,0.38,1
"FAM50A",0.0484769030569132,0.268779727108166,0.519,0.58,1
"ARRDC1-AS1",0.0487352093913029,0.339738963097553,0.137,0.127,1
"C16orf45",0.0489139244091493,0.520358016067742,0.109,0.099,1
"MECR",0.0493160919079767,0.327697612945181,0.213,0.207,1
"C4orf27",0.0500015788946559,0.498337044546056,0.389,0.411,1
"ATP2B4",0.0504646005888333,0.525291326965695,0.128,0.118,1
"KDM4A",0.0513293031002261,0.63158631061702,0.146,0.139,1
"INPP1",0.0516605351966829,0.556411404823536,0.207,0.205,1
"CTD-2015H6.3",0.0518615292530145,0.472004192074642,0.188,0.182,1
"LAMB2",0.053466579420271,0.345892175584402,0.158,0.179,1
"ETV1",0.053779374288314,0.328924658298755,0.094,0.108,1
"RGS5",0.0556234895882564,1.22031371799993,0.105,0.096,1
"CD82",0.0556503025017321,0.283327546484861,0.212,0.239,1
"C9orf9",0.0556611005928544,0.486147548538889,0.132,0.123,1
"SRGAP2B",0.0566402530300079,0.814783936878628,0.13,0.123,1
"SLC39A14",0.0579013025711963,0.467999821613407,0.312,0.319,1
"ZBTB37",0.0590992101479006,0.364107906920663,0.106,0.12,1
"APC",0.0601465352626322,0.266848048309849,0.126,0.142,1
"RAP2B",0.0603379875313888,0.513710717875627,0.225,0.221,1
"HAUS3",0.0611581961574933,0.335580472628361,0.114,0.13,1
"SLC31A2",0.0618266228215196,0.328679232852669,0.142,0.132,1
"U2AF1",0.0625867668103207,0.42277722752791,0.249,0.247,1
"CBLB",0.0629173048859544,0.404215703323825,0.107,0.122,1
"AC007246.3",0.0638312956221008,0.642856154961446,0.164,0.157,1
"ZCCHC9",0.0638564062964914,0.350307400594161,0.443,0.48,1
"TRIP12",0.0639347067978668,0.448296779236054,0.239,0.236,1
"SKAP1",0.0644437997884433,0.862625729797212,0.194,0.235,1
"ARRB2",0.064537976755501,0.301665247104137,0.296,0.335,1
"TMEM106B",0.064634619761705,0.3136755506376,0.536,0.558,1
"ATF2",0.0652602516236016,0.382949407879607,0.264,0.261,1
"PAPD4",0.0670795228323801,0.38742541682947,0.211,0.205,1
"RMI1",0.0688135755789509,0.438400598554324,0.111,0.102,1
"ZNF638",0.071949258125573,0.405650389764322,0.339,0.348,1
"CYP1B1",0.0725971197649567,0.819633252748122,0.124,0.117,1
"ELMOD2",0.0736589668993921,0.472712398372215,0.21,0.207,1
"CA9",0.0763606795333062,1.01739274656713,0.12,0.139,1
"SLC35C1",0.0774591028735245,0.487997443077746,0.216,0.214,1
"LINC00662",0.0777180408676617,0.386743927532888,0.14,0.131,1
"FST",0.0777204075235889,0.995672944531428,0.2,0.203,1
"CNOT7",0.0782171857947425,0.419184631408329,0.473,0.507,1
"GREM2",0.079409564964628,0.491990895455503,0.088,0.101,1
"ZFYVE16",0.0806365174832247,0.289120148160934,0.184,0.204,1
"DNAJC21",0.08310776656429,0.336704209323507,0.332,0.343,1
"STAM2",0.0831231404661667,0.434092819470433,0.148,0.14,1
"RC3H1",0.0843071941514381,0.339058116139459,0.203,0.229,1
"PPP2R5C",0.0843712919003299,0.34780161789485,0.408,0.456,1
"SCRN3",0.0845982262628732,0.403325724014564,0.108,0.1,1
"ZMAT3",0.0886244615648895,0.250132732889196,0.151,0.169,1
"NAT6",0.0888760414063132,0.291495933001903,0.108,0.099,1
"KIAA0319L",0.0891040321910287,0.288444424717432,0.265,0.296,1
"KPNA1",0.0892237539004797,0.431164654555871,0.318,0.328,1
"BAG4",0.0895244377163685,0.452617130559998,0.167,0.189,1
"C12orf66",0.0902269405366872,0.375028376077373,0.107,0.12,1
"TARS2",0.090822116319459,0.433549956076511,0.24,0.238,1
"PLG",0.0919654905369863,0.256125603641607,0.707,0.782,1
"IQSEC1",0.0921705716480528,0.521430072032126,0.197,0.194,1
"ANKHD1",0.0924386769613291,0.271275069099575,0.159,0.151,1
"SIK3",0.0944572980882211,0.268529956042437,0.104,0.095,1
"C8orf82",0.094702489986085,0.390263084148244,0.308,0.365,1
"ADGRE5",0.0953479433395785,0.473431262530998,0.172,0.191,1
"MCOLN3",0.0958193793247893,0.405466179736148,0.121,0.138,1
"EIF4G3",0.0962375823942609,0.320565429770421,0.19,0.184,1
"IFT88",0.0970093759772172,0.324312933251035,0.174,0.195,1
"NR1D2",0.0971242956798183,0.509750493891889,0.233,0.232,1
"CDK11A",0.0987662449615034,0.401510908248622,0.229,0.227,1
"CORO1A",0.0997905902753836,0.793644457927212,0.182,0.176,1
"TOPORS-AS1",0.0998893710176102,0.371441201988918,0.285,0.287,1
"TRIM16",0.101905346519044,0.845294218073483,0.253,0.264,1
"UBR3",0.102043254109181,0.381430093100894,0.155,0.174,1
"CDC14B",0.102795166635284,0.432414154694777,0.106,0.098,1
"FAM172A",0.103845463436196,0.270470419922415,0.139,0.154,1
"PHYH",0.107219277035755,0.308009027382271,0.789,0.865,1
"B3GAT2",0.108670588556219,0.74040365229667,0.178,0.177,1
"DNAJC16",0.111322519262473,0.272020283932913,0.109,0.122,1
"AKAP13",0.112707078620654,0.303628069656978,0.382,0.425,1
"XRRA1",0.113296190096349,0.338878117180093,0.205,0.23,1
"TBRG1",0.113547593090656,0.282897564528901,0.311,0.349,1
"PDK1",0.113676932471518,0.496349689122813,0.234,0.232,1
"ZNF302",0.114173610603142,0.459301073287856,0.198,0.196,1
"WLS",0.115340811944423,0.531010422268601,0.237,0.236,1
"TTLL4",0.115538198887391,0.804268393806805,0.154,0.177,1
"TOR1AIP2",0.115775641913967,0.401246690683505,0.62,0.676,1
"GSS",0.117473693451642,0.340629010480664,0.438,0.474,1
"NAGK",0.117685201748127,0.335652353805785,0.287,0.289,1
"PAXBP1",0.117955801092246,0.325545835303673,0.127,0.142,1
"GAS2L1",0.118945142627024,0.390661177747806,0.162,0.157,1
"AFF1",0.12105759608113,0.513692426480505,0.124,0.117,1
"RCL1",0.121295116227341,0.58627881948712,0.286,0.3,1
"UBE2A",0.122148994688225,0.265785196128395,0.59,0.663,1
"ARRDC4",0.124696977503669,0.558205221142084,0.104,0.118,1
"CD81",0.125027328602562,0.374594259162648,0.401,0.47,1
"CHAC2",0.125531007980023,0.414711579574172,0.123,0.116,1
"THOC2",0.125819146327884,0.326683432402514,0.479,0.508,1
"EPT1",0.127536967653204,0.520495280306879,0.197,0.194,1
"PDE6D",0.128477865041759,0.457552615070728,0.204,0.2,1
"FAM46C",0.132544659163372,0.689464284526817,0.108,0.101,1
"R3HDM2",0.133883814592917,0.312774829394096,0.292,0.326,1
"C12orf43",0.134661548245523,0.322235653235747,0.188,0.207,1
"KALRN",0.136451854502701,0.650132466998647,0.108,0.103,1
"THAP2",0.136683012211558,0.474222285847241,0.14,0.134,1
"GPATCH1",0.137374496920115,0.268400207689043,0.106,0.117,1
"HYLS1",0.139505063160652,0.337991008288499,0.105,0.098,1
"NRIP1",0.14185264793498,0.527139045630093,0.189,0.187,1
"SEPT1",0.142355553148635,0.307380422799552,0.149,0.142,1
"SLX4IP",0.144227349245603,0.511995630175465,0.108,0.101,1
"USP32",0.146341581275282,0.343068273015263,0.137,0.151,1
"RMDN2",0.146622148286486,0.351081740467698,0.093,0.104,1
"ALOX5AP",0.147824358173925,-0.281306364689189,0.138,0.131,1
"PPFIA1",0.149381890869708,0.637222552327921,0.305,0.32,1
"VBP1",0.154946012700349,0.297074682138019,0.635,0.703,1
"SSBP3",0.156903525515146,0.506699428314711,0.252,0.256,1
"JUND",0.156966610090263,0.308690658432954,0.634,0.681,1
"MAN2B2",0.157404603877108,0.505334437029289,0.12,0.114,1
"WDFY1",0.15866689491397,0.413448125891851,0.166,0.161,1
"RP1-60O19.1",0.161452369760839,0.317044402744128,0.233,0.259,1
"AMT",0.163601056089186,0.25051183245587,0.283,0.291,1
"FGD4",0.163745234910409,0.577137434494111,0.113,0.107,1
"SLC15A4",0.164347022930241,0.362689176522425,0.122,0.135,1
"CENPU",0.164378338925688,0.807571711267743,0.206,0.204,1
"ADAM9",0.168762560419102,0.423342517272202,0.136,0.131,1
"NDST1",0.168795988702022,0.320913366093342,0.132,0.145,1
"FAM111A",0.168900147351965,0.392217858654154,0.166,0.16,1
"KIF2A",0.169008004213659,0.273829398863487,0.184,0.203,1
"MKLN1",0.170233629927467,0.285968491028034,0.331,0.368,1
"RP11-410L14.2",0.171744603407515,0.394484484881847,0.117,0.111,1
"PDDC1",0.172218605222334,0.433414145636621,0.12,0.113,1
"INO80C",0.174161529916995,0.681127559750538,0.405,0.438,1
"FADS2",0.175301757481044,0.527339284942055,0.317,0.369,1
"PTPN3",0.17651654640853,0.463142398751582,0.174,0.193,1
"RAB9A",0.176683748126501,0.333736226604993,0.328,0.338,1
"BLZF1",0.176940185327394,0.254623857419495,0.253,0.279,1
"SLC33A1",0.177622880019923,0.356803666031903,0.279,0.284,1
"ZNF331",0.178318988748369,0.384905874880459,0.224,0.25,1
"ZNF655",0.179991969591288,0.36261409688255,0.377,0.397,1
"HSPA13",0.181707925395955,0.265437145671725,0.17,0.185,1
"RBBP8",0.183150690975755,0.261414566988178,0.197,0.215,1
"GNAI3",0.184069711512629,0.257921701241627,0.576,0.621,1
"BBIP1",0.187581503810168,0.26269358841123,0.301,0.33,1
"RNF11",0.191755408790565,0.343704116370139,0.378,0.402,1
"CAP1",0.193476959296656,0.277321188942699,0.686,0.75,1
"PLEC",0.194601166395101,0.346850213211861,0.252,0.281,1
"SLC25A30",0.199897263560765,0.296275080806752,0.139,0.153,1
"NEIL2",0.200970202514003,0.543333094447241,0.11,0.104,1
"SNX24",0.20266675577822,0.328509737685069,0.174,0.17,1
"CEP57L1",0.203630755240758,0.452783912736006,0.159,0.156,1
"STRN3",0.204216363071049,0.576643936989477,0.252,0.26,1
"TJP1",0.204668625650222,0.291339832768807,0.344,0.388,1
"PCSK9",0.209975916017894,0.366834400593434,0.201,0.225,1
"TRIM14",0.21543572725951,0.338107119695203,0.103,0.097,1
"IRF1",0.217146143574195,0.318302739627577,0.379,0.425,1
"BIRC6",0.217666831199489,0.339764178108223,0.286,0.318,1
"IPP",0.218350300056536,0.646850365566561,0.102,0.097,1
"ERVK3-1",0.218385473861915,0.292323273273123,0.317,0.351,1
"TTC32",0.221875401258865,0.570767490430338,0.306,0.326,1
"CDC42BPA",0.222213259231839,0.409222688299347,0.31,0.324,1
"CAPN12",0.226493538910043,0.268024477660411,0.154,0.149,1
"RP11-160O5.1",0.228241912018139,0.60135840485921,0.176,0.175,1
"YAF2",0.228804846960313,0.303795627503723,0.385,0.405,1
"ABCB7",0.229791112310567,0.314280505034162,0.228,0.227,1
"ADIPOR2",0.230932811628618,0.358358776358588,0.303,0.315,1
"HLA-DRB5",0.233277252265694,1.00869605481483,0.311,0.389,1
"URI1",0.233328846332136,0.621299149005024,0.289,0.309,1
"TBC1D17",0.235220644110623,0.264477043708032,0.227,0.251,1
"PGD",0.236151839341122,0.347774301405831,0.506,0.589,1
"NAT8",0.241460286089463,1.05127123976668,0.324,0.368,1
"ST3GAL6",0.243375783432245,0.29521509322196,0.191,0.191,1
"TSPAN12",0.249770109194153,0.442505330170277,0.168,0.169,1
"ACBD5",0.250264996628698,0.254845084648795,0.372,0.417,1
"OSTF1",0.252396356834904,0.273316443112647,0.441,0.469,1
"FRYL",0.252948145921283,0.556800610572078,0.133,0.147,1
"FAM21A",0.258895606584776,0.421846873838917,0.205,0.228,1
"NMT1",0.262046809889892,0.292138236425354,0.541,0.599,1
"REXO2",0.263467113497122,0.280635432008932,0.527,0.583,1
"AGA",0.266576926137868,0.275470438216674,0.271,0.276,1
"ERO1A",0.266982405472642,0.500604957546768,0.41,0.438,1
"EVI5",0.275874713186277,0.421088636963674,0.281,0.291,1
"WIPF1",0.276487020088027,0.489361487914758,0.148,0.162,1
"CLOCK",0.277564473278224,0.348396950826081,0.153,0.167,1
"OGFOD2",0.278149103650184,0.374147866465091,0.246,0.251,1
"TMEM41B",0.280269415467294,0.253378983977083,0.375,0.392,1
"DVL1",0.286955146651515,0.524626333830239,0.113,0.108,1
"AIDA",0.288336514549834,0.320023865818117,0.44,0.478,1
"LNPEP",0.291347042883958,0.489995828851602,0.111,0.121,1
"PLSCR1",0.292203075319041,0.290908158350552,0.362,0.397,1
"UBA6",0.295885784118204,0.309664671585486,0.259,0.264,1
"RMND5A",0.295935690348288,0.388215737150854,0.323,0.339,1
"CHPF2",0.296389495760253,0.379698287323846,0.106,0.116,1
"TBK1",0.299311544171747,0.368705510547272,0.27,0.278,1
"TMEM86B",0.301572500831418,0.789293344906845,0.179,0.2,1
"LMBRD1",0.303610017226469,0.311598881996386,0.398,0.443,1
"PIGK",0.303754750074465,0.282551048756935,0.343,0.383,1
"PCBD2",0.304226780283122,0.43679186048461,0.188,0.187,1
"NR2F6",0.309569566999318,0.320569255620367,0.291,0.33,1
"ABTB1",0.309658950598868,0.273134269916467,0.2,0.2,1
"ERO1B",0.310207906565616,0.471852021579563,0.272,0.288,1
"HIST1H2AE",0.31023954172186,0.404082646649944,0.14,0.136,1
"URB1-AS1",0.311937334225388,0.496938340883899,0.138,0.135,1
"MAP4",0.312451107786525,0.341930573569364,0.348,0.368,1
"ZBTB33",0.31277612403455,0.354873635697647,0.113,0.123,1
"RP11-670E13.6",0.313569277094093,0.459090193732297,0.127,0.138,1
"F2RL1",0.317705893269092,0.413712803653269,0.128,0.141,1
"NCK1",0.320378904537062,0.308471249211104,0.354,0.37,1
"RBM7",0.321395687833098,0.250264492152525,0.361,0.398,1
"ZNF644",0.323594583273651,0.325992458693326,0.374,0.395,1
"EFR3A",0.328019209484392,0.255956194928545,0.399,0.437,1
"C16orf58",0.331053036794908,0.273360701621161,0.195,0.195,1
"STXBP3",0.333372690400386,0.386548097075195,0.275,0.284,1
"PLEKHA3",0.335934658358319,0.375537094381559,0.314,0.333,1
"NSA2",0.337031570572857,0.280224282582848,0.592,0.656,1
"USP4",0.338453496131796,0.265947424820033,0.185,0.2,1
"R3HDM1",0.338645225648841,0.404680365513909,0.148,0.146,1
"PPP2R5A",0.340675219095124,0.270132695395556,0.371,0.417,1
"C4orf32",0.341567091593641,0.546476444496011,0.17,0.173,1
"PARP4",0.342783219635122,0.465569170663103,0.147,0.16,1
"MFSD14A",0.343114996485349,0.289275046334758,0.268,0.276,1
"RETSAT",0.345772351899064,0.270327601948744,0.246,0.267,1
"SESTD1",0.347557953223792,0.388901630206987,0.246,0.274,1
"JMJD4",0.347939682378093,0.287159179397645,0.195,0.194,1
"MBTPS2",0.349079836455086,0.33544819984072,0.126,0.122,1
"CRAT",0.349240867955212,0.292152240842392,0.361,0.388,1
"ITCH",0.354165689483795,0.432241601986212,0.243,0.248,1
"LRRC8A",0.354814798939703,0.365991740352666,0.198,0.2,1
"ZNF28",0.354836567222459,0.71556634594101,0.13,0.13,1
"KIAA0430",0.356318385300571,0.501879275784811,0.112,0.108,1
"TRAPPC9",0.35676006491806,0.27834510838742,0.126,0.123,1
"PRELID2",0.358150436875505,0.457726266014127,0.121,0.118,1
"MTERF4",0.359948340869428,0.291073200798484,0.26,0.264,1
"RAP2C",0.363989642575438,0.341556682441594,0.248,0.254,1
"ADPRM",0.364525976831219,0.37793200413354,0.11,0.106,1
"CEP104",0.370968006809249,0.294798781564813,0.183,0.182,1
"ASH1L",0.374238063496919,0.378305105519896,0.348,0.37,1
"DDX49",0.382271205899636,0.346202976236982,0.427,0.478,1
"RPS6KA1",0.383650330213714,0.299955025611819,0.12,0.117,1
"HSD17B14",0.391260927230352,0.509213858896345,0.261,0.298,1
"STX7",0.391539265443309,0.309825686354841,0.351,0.369,1
"ALDH4A1",0.397880638749417,0.38325254594399,0.396,0.428,1
"SIRT3",0.398677098799276,0.329144550656477,0.16,0.158,1
"YTHDF3",0.408287524669917,0.276892115114907,0.312,0.327,1
"SLC1A7",0.408704123162693,0.559782594887534,0.128,0.141,1
"ZNF800",0.410711710563595,0.358605226238942,0.197,0.216,1
"SAP30L",0.411547355409068,0.522025857012903,0.155,0.157,1
"ENAH",0.412818392301259,0.436470394474927,0.485,0.526,1
"NSDHL",0.413049187081257,0.344518817847026,0.334,0.369,1
"AAMDC",0.413251416534825,0.383998232985087,0.519,0.598,1
"DHRS4-AS1",0.413999372448719,0.409528971689478,0.294,0.306,1
"ENOX2",0.419522392487897,0.428579627502012,0.122,0.121,1
"EIF2B3",0.424554513870312,0.302205577373122,0.311,0.342,1
"C17orf89",0.436810976986222,0.255253477171832,0.626,0.754,1
"PCTP",0.438366024531751,0.301710735295326,0.336,0.363,1
"WIPI1",0.438482220428709,0.290926323252396,0.274,0.284,1
"PPP3CA",0.443689056785873,0.603070910770485,0.227,0.234,1
"ZFX",0.444427649977291,0.531926768781576,0.189,0.192,1
"TRMO",0.453737383487688,0.289040933198281,0.127,0.135,1
"HCST",0.454563742507175,0.42597214984315,0.203,0.204,1
"TMEM135",0.458746666588666,0.516594794457128,0.168,0.17,1
"LITAF",0.460734088013902,0.269414535339636,0.59,0.632,1
"COPB2",0.461480667037424,0.252877667480879,0.515,0.573,1
"GNB1L",0.463772088682242,0.405201587743268,0.157,0.157,1
"ATP13A3",0.466201300196522,0.292708314158299,0.335,0.368,1
"ASPM",0.470730454515202,0.498256176914885,0.16,0.172,1
"CBWD3",0.48077442938063,0.420756631029937,0.144,0.154,1
"INADL",0.481108293157164,0.357515790446127,0.221,0.226,1
"SEH1L",0.482394937371757,0.28950373233031,0.218,0.233,1
"SLC15A1",0.483023567742759,0.509873449074711,0.1,0.107,1
"C12orf65",0.484264347321721,0.277304624170516,0.308,0.336,1
"KLF12",0.486072633905454,0.542626336328348,0.11,0.109,1
"KMT2C",0.489685777917309,0.302927821771516,0.308,0.337,1
"ITGB2",0.492399846456499,0.476286544835936,0.179,0.18,1
"PJA2",0.494703512513135,0.378832991601967,0.353,0.375,1
"SPOPL",0.495744640799031,0.50397603036224,0.121,0.121,1
"CSNK1G3",0.496605842509548,0.268039532218479,0.186,0.198,1
"CUL4B",0.499302938494822,0.362315364571877,0.194,0.207,1
"BCAS2",0.504099809830201,0.315192375967796,0.574,0.632,1
"GUF1",0.509806853893123,0.344442749115518,0.134,0.134,1
"RAI14",0.510699920993101,0.341731874665824,0.251,0.275,1
"PSMB10",0.515819885747179,0.252323144285568,0.388,0.425,1
"SMARCC2",0.51953101908449,0.408435722473516,0.26,0.272,1
"MEF2A",0.521769406281161,0.351516957632481,0.22,0.227,1
"LYPLAL1",0.528338712497871,0.309225616317762,0.482,0.524,1
"MON2",0.529729023139131,0.444800845802367,0.135,0.145,1
"RAD1",0.533588483484499,0.286135426079687,0.356,0.393,1
"TRAK2",0.534691312898808,0.461727599044458,0.136,0.146,1
"FOXJ3",0.535217270918973,0.452823917199643,0.133,0.132,1
"ARFGEF2",0.536600960235547,0.452933358111323,0.181,0.196,1
"GNS",0.542073460209753,0.319821599540477,0.386,0.412,1
"PIR",0.543537476387056,0.296545706166594,0.461,0.514,1
"CREBL2",0.543576665522089,0.366191101650999,0.189,0.191,1
"IL15RA",0.54686177158729,0.372315990319188,0.178,0.18,1
"EMC9",0.547511254387835,0.306145593614107,0.318,0.336,1
"BROX",0.557561288908685,0.33180825290748,0.424,0.456,1
"HINT3",0.56339517743893,0.292638944733168,0.283,0.308,1
"TSHZ1",0.567452581534466,0.472101727447142,0.102,0.101,1
"SOS1",0.568108038091412,0.50082448534291,0.136,0.136,1
"DMTF1",0.575028578261632,0.365704383445078,0.12,0.128,1
"MGAT2",0.578034281524467,0.261225006083335,0.331,0.353,1
"PPIP5K2",0.582412252635274,0.385125753392215,0.198,0.202,1
"ELF1",0.583868561924072,0.669536045942666,0.296,0.315,1
"RP11-1143G9.4",0.589496265720079,1.3910102945614,0.127,0.131,1
"CYTH1",0.589959582165613,0.251702851601139,0.178,0.188,1
"ERICH1",0.590751043470833,0.483673574050824,0.183,0.195,1
"STT3A",0.600814628329738,0.305433021293155,0.321,0.334,1
"SLC25A42",0.605268675726749,0.394870859710924,0.11,0.109,1
"SRGAP1",0.608248546481786,0.647293594148597,0.109,0.116,1
"MSL3",0.610313028081807,0.529716051075274,0.172,0.174,1
"SHROOM1",0.610534064133319,0.484357972747508,0.229,0.244,1
"MYSM1",0.614193419337812,0.527888630966467,0.119,0.12,1
"STX8",0.61798300330742,0.306352573739473,0.377,0.412,1
"HKDC1",0.619608150287163,0.351177906808697,0.115,0.115,1
"ICK",0.627167426920728,0.335649078339069,0.214,0.23,1
"LINC00667",0.634011681550053,0.282419843040574,0.382,0.409,1
"PDLIM3",0.634053807564615,0.833383951815779,0.219,0.233,1
"RP11-83A24.2",0.641218573919738,0.326345834648113,0.171,0.181,1
"NBPF1",0.641561900299732,0.304706923276004,0.117,0.123,1
"DUSP16",0.643339369122334,0.28007853464372,0.121,0.121,1
"FGFRL1",0.646408759910865,0.271739767349115,0.122,0.128,1
"CORO2A",0.649274325497296,0.456764248705992,0.127,0.129,1
"LSM1",0.651837465826434,0.302561745269421,0.496,0.543,1
"ZNF587",0.655549155363207,0.429469302500817,0.101,0.101,1
"ARSE",0.656357148783328,0.289272654131025,0.473,0.525,1
"MYCBP",0.658278917770693,0.462612388088288,0.242,0.255,1
"IRAK4",0.661335038790509,0.408955076874495,0.111,0.111,1
"THG1L",0.662419237683346,0.403832598422137,0.164,0.167,1
"USP24",0.665273749056471,0.404254879563808,0.133,0.14,1
"NIPBL",0.665896097905042,0.408243184427475,0.359,0.391,1
"MID1IP1",0.672657232717405,0.5847553811114,0.485,0.541,1
"KIAA0141",0.675744391479302,0.279083454148767,0.219,0.232,1
"GOLGA3",0.684282723092099,0.470083254913356,0.159,0.168,1
"SMCO4",0.687659064569949,0.258321371771265,0.486,0.545,1
"CCL20",0.688757896534267,0.734785808095071,0.456,0.525,1
"SECISBP2L",0.693858621559792,0.378671360673468,0.217,0.226,1
"RNF220",0.698460767597239,0.294309347645509,0.288,0.306,1
"CENPC",0.700283406622128,0.364202586143479,0.117,0.117,1
"DHRS7B",0.700460652979775,0.358652587604524,0.239,0.251,1
"USP30",0.702588320539942,0.401411463614522,0.124,0.125,1
"STX17",0.705774889619047,0.296893206174423,0.22,0.229,1
"GIGYF2",0.705848634797056,0.335427903970339,0.225,0.234,1
"MPPE1",0.706464165787983,0.338995197972987,0.243,0.26,1
"OSBPL11",0.709475826770153,0.312213313662612,0.14,0.141,1
"AFTPH",0.72105237722725,0.384124112890955,0.251,0.264,1
"MRPL50",0.722051853853902,0.347902954555669,0.56,0.63,1
"NUB1",0.724613306433235,0.366728403349645,0.422,0.477,1
"DMXL1",0.725792043302734,0.349176748124465,0.13,0.13,1
"BCKDK",0.72660300176254,0.33798420045668,0.45,0.499,1
"FBXL4",0.726912060205216,0.474528664505273,0.166,0.17,1
"RP4-665J23.1",0.727228429587664,0.252321192899361,0.322,0.353,1
"KPNA4",0.730119447002946,0.297605872965556,0.309,0.335,1
"UPRT",0.732787811787899,0.36057635717567,0.098,0.102,1
"HDAC6",0.733035863324139,0.309592963725748,0.19,0.2,1
"NAGLU",0.735472155648048,0.391344386182909,0.148,0.151,1
"RNPEPL1",0.740313126887122,0.304653843667062,0.157,0.165,1
"ABCA1",0.742731136003933,0.340491068042403,0.291,0.31,1
"CBWD2",0.74470879828855,0.379455754846358,0.178,0.184,1
"REEP3",0.747389345894943,0.253045262845469,0.436,0.477,1
"DTX3L",0.750824527522906,0.279839140272822,0.225,0.238,1
"C18orf8",0.751530481356872,0.274475306363586,0.204,0.216,1
"ARCN1",0.752782421626413,0.282710438009405,0.235,0.249,1
"ICE1",0.761337814220942,0.331833116662863,0.197,0.204,1
"GTF2IRD2B",0.7646917744295,0.585094907031717,0.104,0.105,1
"NFE2L1",0.767467808751727,0.296408600834956,0.399,0.441,1
"TRPM7",0.774338445958787,0.387616244627199,0.206,0.222,1
"HSCB",0.77599562334367,0.345929627472935,0.241,0.252,1
"KIAA1958",0.777059031280821,0.344687117742562,0.104,0.108,1
"KMT5A",0.777546807142291,0.475583958548733,0.146,0.154,1
"EIF2B4",0.778514708376346,0.300997933794775,0.367,0.4,1
"TMEM203",0.778824553464418,0.33187736176109,0.293,0.322,1
"YES1",0.779295656789416,0.31786504526907,0.311,0.335,1
"PHC3",0.780618701709002,0.43449557539859,0.172,0.176,1
"SLC35E2B",0.781466575312467,0.335879056107096,0.129,0.13,1
"LETMD1",0.785903810740227,0.329965651913017,0.32,0.346,1
"RBBP7",0.787731732988961,0.287289639451607,0.54,0.589,1
"CYB561A3",0.790383689516823,0.331470319790376,0.214,0.221,1
"FGFR1OP",0.790563915715864,0.257118865424593,0.262,0.281,1
"TCEAL1",0.793122539176323,0.402107061893055,0.212,0.224,1
"DEPDC1",0.800603762972689,0.691992450366857,0.116,0.118,1
"ACO1",0.80296327438616,0.266986206313423,0.38,0.406,1
"HEATR5A",0.803458657899364,0.611497480996551,0.105,0.109,1
"FHL1",0.809203998214374,0.470662400131289,0.155,0.16,1
"DPH6",0.817893645369072,0.302829240323499,0.291,0.319,1
"TMX3",0.819282018696793,0.425051602572249,0.138,0.141,1
"C1orf50",0.819308957577489,0.279158913115896,0.262,0.276,1
"NME2",0.824495549463809,0.299877065912415,0.346,0.378,1
"LINC01184",0.828791471025363,0.284781094575195,0.225,0.238,1
"MAN2A1",0.832037918565051,0.452042793851624,0.307,0.333,1
"CDK10",0.842920338156019,0.291444678552338,0.329,0.354,1
"NBPF12",0.855042473164082,0.464694153361453,0.101,0.103,1
"HELZ",0.856061216478603,0.37152341278509,0.268,0.286,1
"LINC01146",0.856188078657419,0.67768532121534,0.113,0.116,1
"NOMO1",0.868143473969713,0.517906613255552,0.124,0.13,1
"EDEM3",0.870384533209984,0.450949739251542,0.254,0.27,1
"RNASET2",0.874000902319776,0.278553381761094,0.512,0.573,1
"MALT1",0.877679887247587,0.34126206232136,0.134,0.139,1
"RAD18",0.87992648755473,0.321708124332556,0.121,0.124,1
"FAM98C",0.886913722395284,0.281903415379397,0.19,0.196,1
"EPB41L2",0.892404321782894,0.415294686849236,0.291,0.318,1
"ERI1",0.899499080759392,0.378858380167042,0.11,0.112,1
"SUCO",0.900478343266046,0.305655958337241,0.264,0.282,1
"ASPSCR1",0.902353806545946,0.297903518206055,0.433,0.497,1
"TNS1",0.906849629128123,0.344236035968438,0.113,0.117,1
"TNKS1BP1",0.909519569766718,0.317441956983751,0.149,0.155,1
"FBXO38",0.9240958825044,0.533339103406584,0.128,0.132,1
"TUBE1",0.932474006371912,0.603534658069735,0.187,0.198,1
"IL11RA",0.936016670435197,0.314571217548953,0.122,0.125,1
"RNASE1",0.936299401444949,0.569787570693385,0.277,0.299,1
"PIGA",0.936856078147038,0.511121324642373,0.113,0.116,1
"BNIP3L",0.939445661561831,0.348760900990372,0.458,0.499,1
"NOP14",0.940756664155892,0.252811393478249,0.17,0.177,1
"HIST1H2AC",0.940881800933483,0.482691473879269,0.459,0.517,1
"KAT6A",0.945574270935583,0.443223623715301,0.154,0.163,1
"CREBRF",0.946501928343996,0.32706746538542,0.234,0.246,1
"ITGA6",0.94772006985488,0.378911947912691,0.24,0.256,1
"TRIM41",0.955517511842503,0.300724747650575,0.1,0.101,1
"ZMYM4",0.956253339399305,0.329192749329957,0.15,0.155,1
"SPAG16",0.957392173525575,0.483754901044145,0.331,0.355,1
"UBE4B",0.960787705523608,0.309575390658588,0.177,0.185,1
"SBF2",0.96089505827472,0.453976122742982,0.144,0.149,1
"RPRD1A",0.967759260556608,0.391402595248528,0.32,0.342,1
"MTG1",0.968659044284807,0.376378614941524,0.137,0.142,1
"GLUL",0.973458091822987,1.36237282910929,0.802,0.905,1
"ACIN1",0.97798999301634,0.354143130677567,0.318,0.344,1
"DIS3L2",0.979617502122291,0.341350931390375,0.148,0.153,1
"PEX1",0.982489076061385,0.439579628668749,0.118,0.122,1
"GPS2",0.982726599881998,0.421978547057448,0.188,0.196,1
"TEAD1",0.99934309015967,0.467752137690851,0.171,0.178,1
