"","p_val","avg_log2FC","pct.1","pct.2","p_val_adj"
"IGHG3",0,-1.57811801539339,0.224,0.747,0
"NTS",0,-3.68063146937794,0.022,0.495,0
"ALB",0,4.19051639256867,0.83,0.538,0
"APOC3",8.97015629363964e-298,4.15302080575739,0.688,0.21,2.30640658622062e-293
"APOH",1.06530509003535e-281,4.9871406365892,0.606,0.093,2.73911244749888e-277
"LIPA",1.31650602004805e-256,2.34901125757965,0.822,0.563,3.38500027874754e-252
"SEPP1",7.86546404931726e-256,2.96608734460079,0.763,0.359,2.02236811636045e-251
"MIF",1.80898012989986e-254,-1.432864823779,0.649,0.941,4.65124970999852e-250
"S100A8",3.81602145355085e-249,-2.23389143804498,0.181,0.583,9.81175436136994e-245
"TSC22D3",3.43138386858165e-246,2.16978209126537,0.768,0.408,8.82277420289714e-242
"VIM",4.22271130167545e-238,-1.1538233479711,0.94,0.995,1.08574352988679e-233
"IGKC",1.86540845218386e-237,-0.699876296242405,0.605,0.91,4.79633821225515e-233
"TTR",1.46088517550768e-233,3.7781039638571,0.662,0.3,3.75622796326536e-229
"S100A10",4.52557952862326e-229,-1.24335699614231,0.808,0.968,1.16361700839961e-224
"CRIP1",2.4043527426812e-225,-2.143343733491,0.282,0.668,6.18207177198189e-221
"INHBA",3.19986605207246e-221,-3.88420882185326,0.038,0.273,8.2274955930887e-217
"HLA-B",6.43684236142091e-219,0.839659620708815,0.993,0.99,1.65504090796855e-214
"IL1A",1.3466236509996e-216,-3.12545270345506,0.033,0.259,3.46243873145016e-212
"RETN",9.90829952503403e-213,-3.16940090814721,0.058,0.323,2.54762197387675e-208
"APOA1",1.59692681182778e-206,2.37813651473437,0.739,0.312,4.10601821857158e-202
"FKBP5",3.36847925371923e-203,2.83876301102009,0.59,0.186,8.66103385716288e-199
"ALOX5AP",1.02063541248283e-191,-2.01727412363563,0.352,0.691,2.62425777257585e-187
"VCAN",5.61335976385488e-191,-2.08689143137892,0.134,0.455,1.44330706248237e-186
"S100A9",2.98174057471733e-186,-1.58924727170672,0.475,0.815,7.66665136571319e-182
"MCEMP1",9.42959017712364e-186,-3.02177436191672,0.042,0.261,2.42453622634203e-181
"CRP",2.39346330942138e-175,-1.65539874997903,0.068,0.325,6.15407286118425e-171
"CD44",7.68467180205698e-175,-1.30561288284601,0.65,0.88,1.97588281374489e-170
"OLR1",2.3758658195562e-174,-1.81709659415682,0.206,0.543,6.10882619524289e-170
"S100A6",7.79952307478309e-173,-0.945247122267895,0.749,0.968,2.00541337298823e-168
"IGHV6-1",1.17775559894267e-168,-3.48526109296741,0.008,0.14,3.0282451960014e-164
"APOA2",5.01144298256184e-168,2.39933010108549,0.909,0.894,1.2885422196763e-163
"IL7R",9.9954627833702e-168,-1.99558182380055,0.103,0.376,2.57003339086015e-163
"AHSG",3.28196047920389e-167,4.14870626560668,0.496,0.13,8.43857678412904e-163
"PFN1",9.12716769205058e-159,-0.636762149928946,0.938,0.995,2.34677735698005e-154
"HERPUD1",3.00412579153886e-158,1.25676384389036,0.852,0.686,7.72420823520472e-154
"IGKV3-20",2.92964171489366e-157,-2.98621214296922,0.028,0.2,7.53269477733457e-153
"PIM1",5.86607780639373e-156,-1.8195961402419,0.116,0.392,1.50828592557996e-151
"GSTA1",9.34979045651084e-155,4.21628688013197,0.415,0.059,2.40401812217807e-150
"HP",1.97551324988798e-153,4.72958499266345,0.404,0.05,5.07943966811198e-149
"CCL2",1.01546756014853e-151,-2.03377093288338,0.197,0.504,2.61097019065391e-147
"TYMP",1.84829018531433e-150,-0.900880113385218,0.749,0.939,4.7523237244802e-146
"ADAM19",6.64808695831149e-149,-3.619391089237,0.025,0.186,1.70935611872105e-144
"AMBP",1.30411241043767e-148,1.20881876491561,0.761,0.324,3.35313382971735e-144
"C4orf48",1.12478905311716e-146,-1.08397941602399,0.475,0.783,2.89205761337484e-142
"CXCR4",6.10123010574355e-146,1.49160963122372,0.812,0.614,1.56874828478878e-141
"CLEC5A",2.85762621465675e-144,-2.18303178588339,0.071,0.293,7.34752852312542e-140
"RBP4",8.73336488677337e-144,2.21543638542633,0.65,0.321,2.24552277968717e-139
"SLC40A1",2.95554883862244e-142,1.86013281088728,0.611,0.282,7.59930717386603e-138
"RPS24",9.08676110568065e-139,-0.46748271027041,0.993,0.999,2.33638801549261e-134
"SLC2A3",2.42253792199588e-138,-1.22376560955572,0.372,0.699,6.2288295050358e-134
"PSAP",3.7941647104614e-138,0.817660856050415,0.976,0.955,9.75555630353836e-134
"ORM1",1.26443370569701e-135,2.95397321656512,0.468,0.14,3.25111194408815e-131
"BCL2A1",2.26410121754801e-135,-1.03659847396992,0.585,0.847,5.82145705055944e-131
"PGAM1",2.39448644801398e-135,-1.07889067567406,0.543,0.798,6.15670355513355e-131
"G0S2",1.18575692470946e-132,-1.41881960849439,0.513,0.811,3.04881820481297e-128
"SERPINC1",5.73793475563072e-131,6.74914798530445,0.316,0.008,1.47533778436777e-126
"S100B",1.9643392949746e-130,-2.59300261004976,0.075,0.286,5.0507091952387e-126
"S100A11",3.30273929677589e-130,-0.548004562701034,0.971,0.994,8.49200327987017e-126
"CYBA",1.73813190684193e-128,-0.607835193090871,0.871,0.995,4.46908475887196e-124
"WFDC2",2.46180056355519e-127,-2.71062542282561,0.027,0.178,6.32978160901311e-123
"CALM1",2.61006375609906e-127,-0.851063871982618,0.774,0.91,6.71099592968191e-123
"PDK4",3.84265512410169e-127,2.87868310934741,0.539,0.235,9.88023485509026e-123
"KNG1",7.03748045475427e-127,4.72903450903019,0.336,0.03,1.80947697452642e-122
"HLA-DPA1",2.88069039927997e-126,1.01534223703601,0.958,0.947,7.40683115462866e-122
"CPM",3.49298636598058e-125,2.3577125291941,0.538,0.242,8.98116654420927e-121
"C15orf48",2.83737685121295e-124,-0.973250352177551,0.56,0.868,7.29546335983873e-120
"GC",2.13438646886888e-122,2.97816490774176,0.415,0.104,5.48793448875565e-118
"AC090498.1",1.09216889121641e-121,-0.795362734031633,0.746,0.917,2.80818465309563e-117
"VCX3A",1.22540560365418e-120,-2.74761657166785,0.071,0.261,3.15076288811564e-116
"SDCBP",1.29612360610943e-120,0.824859991001116,0.936,0.894,3.33259301602856e-116
"A2M",2.82467041352545e-120,1.63050183279727,0.603,0.309,7.26279256725665e-116
"SLC16A3",1.27732385591852e-117,-1.02495690216718,0.378,0.683,3.28425509833769e-113
"B2M",4.44305212476397e-117,0.497499623963645,1,1,1.14239756231931e-112
"FGL2",1.67067941554019e-115,1.32216448640288,0.728,0.515,4.29565091323693e-111
"IL6",1.68215126700826e-115,-2.46963480285362,0.058,0.24,4.32514733773165e-111
"FBLN1",2.50136230314602e-114,-2.79399162460912,0.028,0.169,6.43150275384905e-110
"BEX1",8.94125010372761e-114,-2.78249558691352,0.028,0.168,2.29897422667044e-109
"IL1RN",4.98197343491326e-113,-1.10406848598844,0.332,0.638,1.2809650095849e-108
"TUBB2B",2.31298341613223e-112,-2.82602464363945,0.016,0.133,5.9471429595592e-108
"ALOX5",7.48209282086398e-112,-1.63008292292772,0.157,0.402,1.92379570610055e-107
"EREG",2.92134621914235e-111,-1.71216431882594,0.206,0.475,7.51136539865881e-107
"PLD3",3.39883007342808e-110,1.16952550053488,0.748,0.526,8.73907188479828e-106
"VCAM1",7.99060993513534e-110,4.97210422513318,0.316,0.038,2.054545626522e-105
"PPIA",1.3039502204526e-109,-0.508040446990231,0.937,0.987,3.35271680682772e-105
"BLVRB",1.72467119178733e-108,1.0335571073463,0.822,0.682,4.43447456832357e-104
"GPR34",8.67809789248684e-108,2.19178134579429,0.537,0.278,2.23131253011622e-103
"TGM2",7.76612335818853e-106,-2.220641120122,0.09,0.289,1.99682563785744e-101
"FGB",2.00755654133211e-104,2.88011332152858,0.408,0.134,5.16182937907313e-100
"SLC1A3",6.11964198692563e-104,2.25534038027468,0.444,0.163,1.57348234767832e-99
"S100A4",1.45396534700875e-103,-0.752628240947026,0.744,0.934,3.7384357002289e-99
"MNDA",2.48090284536662e-103,-1.1339408056134,0.397,0.656,6.37889739600666e-99
"HLA-E",7.08472110728684e-103,0.677553337090487,0.93,0.907,1.82162349110559e-98
"FGA",3.37333768937103e-102,2.78671626497538,0.389,0.115,8.6735258669108e-98
"RPL28",1.23871026844734e-101,-0.330985343789568,0.996,0.999,3.1849718422318e-97
"RAC1",1.99744369002136e-101,-0.571170114639797,0.852,0.951,5.13582721578292e-97
"CLDN6",2.37479394138963e-101,-2.67011041403595,0.02,0.136,6.10607018210101e-97
"FGG",3.71320879446987e-101,2.30773389411924,0.471,0.207,9.54740245234092e-97
"AGXT",5.77759110219252e-101,5.92117682372423,0.268,0.015,1.48553422419574e-96
"HRG",1.41561664128703e-100,5.68190742680235,0.262,0.01,3.6398335080772e-96
"EPHX1",3.13919662364189e-100,2.00958322246703,0.487,0.213,8.07150235870803e-96
"PLAU",3.36148750229999e-100,-1.51994488179071,0.191,0.437,8.64305666591373e-96
"APOC1",4.03855254162449e-100,0.916881904342189,0.949,0.945,1.03839262950249e-95
"RANBP1",1.54024760986748e-99,-1.0154305739374,0.47,0.714,3.96028465449126e-95
"RARRES2",3.03559513722346e-99,1.76389509391968,0.575,0.322,7.80512221682896e-95
"HLA-C",5.70459539466462e-99,0.647573205107646,0.978,0.981,1.46676556787617e-94
"SMAP2",9.71193233024839e-99,1.92226641590705,0.493,0.226,2.49713204075347e-94
"CXCL1",3.57689103665606e-98,-1.1959452939062,0.172,0.421,9.19690223345005e-94
"MT1H",9.01211179957788e-98,-1.69412246181569,0.091,0.29,2.31719418590746e-93
"FLNA",1.07241152962517e-97,-1.27329824713049,0.206,0.457,2.75738452497225e-93
"CCL20",2.45818571281948e-97,-0.510794618728789,0.337,0.639,6.32048710480145e-93
"IFNGR1",3.8787949658644e-97,1.36722276920257,0.682,0.521,9.97315761623054e-93
"CXCL8",4.62461969702024e-96,-0.870863755891849,0.684,0.889,1.18908221649784e-91
"ASAH1",2.84221951748088e-95,0.844155635744777,0.874,0.792,7.30791482334684e-91
"COTL1",1.04088200576817e-94,-0.827714072515227,0.735,0.903,2.67631581323111e-90
"HLA-DPB1",3.18434391558128e-94,0.759514471958752,0.959,0.963,8.1875850757426e-90
"PTGDS",6.99625848427677e-94,-0.336055070122003,0.078,0.265,1.79887798147724e-89
"CCL18",9.59891596385012e-94,-2.87358763398993,0.178,0.424,2.46807327262514e-89
"TSPO",9.86041630483549e-94,-0.751759088739128,0.708,0.877,2.5353102402993e-89
"FCGRT",7.18345244039531e-93,0.849018226924389,0.877,0.811,1.84700929147444e-88
"CXCL3",2.17530195869888e-92,-1.03275460694612,0.528,0.777,5.59313639620656e-88
"PRAP1",2.69917618963364e-92,1.5859381812819,0.532,0.252,6.940121818786e-88
"DSE",3.17588376904891e-91,-1.23849261609897,0.203,0.446,8.16583234697856e-87
"UBC",3.48426618546421e-91,0.595856725124719,0.973,0.957,8.95874521606557e-87
"FOLR2",1.8513184687592e-90,1.4455986178902,0.605,0.365,4.76011004687366e-86
"AZGP1",3.09816244191653e-90,7.47863264330791,0.229,0.002,7.96599527065579e-86
"DYNLL1",1.0978110862099e-89,-0.559980532929664,0.859,0.946,2.82269186486288e-85
"IGKV4-1",1.11778309889163e-89,-2.08352628567094,0.03,0.154,2.87404390387016e-85
"PEA15",1.86309084044043e-89,-1.13314103584912,0.294,0.553,4.79037916894043e-85
"MARCO",2.86429158997421e-89,-0.558119686220071,0.18,0.413,7.36466653614168e-85
"FLOT1",7.73574452798287e-89,-0.970730386561136,0.341,0.598,1.98901463303496e-84
"LGALS1",1.02566322175324e-88,-0.506264599804364,0.937,0.988,2.63718527577192e-84
"CD74",1.04286291835133e-88,0.591239283194182,0.995,0.997,2.68140913566494e-84
"FBP1",2.58767636363197e-88,-1.97967916323712,0.302,0.526,6.65343346617052e-84
"TF",2.90662720804922e-88,1.54254755409007,0.514,0.23,7.47351987733615e-84
"HLA-A",2.31252713093327e-87,0.48956449263791,0.989,0.989,5.94596975905563e-83
"H3F3A",3.82613958612965e-87,-0.398707784966533,0.969,0.995,9.83777010385656e-83
"LGMN",9.58679094331776e-87,1.17000245816642,0.768,0.627,2.46495568734586e-82
"ITGAM",6.28534823975444e-86,-1.36390342438209,0.167,0.386,1.61608873940566e-81
"VTN",7.75922226646523e-86,1.20127421900238,0.663,0.398,1.99505122915354e-81
"H2AFV",9.45278430915122e-86,-0.929811228389476,0.446,0.685,2.43049990156896e-81
"MMP14",1.7995079123749e-85,-1.52030369037853,0.166,0.383,4.62689474429833e-81
"GAPDH",4.00732141155899e-85,-0.582472607480266,0.98,0.991,1.03036248134005e-80
"RALA",1.06704162638473e-84,-1.14358411331421,0.266,0.512,2.74357742976041e-80
"HS3ST1",2.01254254439497e-84,-1.93966186656851,0.049,0.193,5.17464939014834e-80
"PMP22",4.10048616095973e-84,-1.14577721006709,0.259,0.504,1.05431700170597e-79
"CXCL5",6.78650000343558e-84,-2.62848850588623,0.016,0.111,1.74494488088336e-79
"SERF2",9.16742042217518e-84,-0.291119882436082,0.998,0.997,2.35712713894968e-79
"SDF2L1",1.10429071894671e-83,-0.978859069794953,0.381,0.631,2.83935229655578e-79
"C1QC",1.39195610283589e-83,0.973099383752459,0.839,0.761,3.57899753161164e-79
"VCX",4.17632769059753e-83,-2.21817203234896,0.026,0.138,1.07381737580644e-78
"CEBPD",5.00607397102067e-83,1.4053772249425,0.631,0.438,1.28716173942884e-78
"RPS11",1.66430609937344e-82,-0.379583824700663,0.976,0.996,4.279263842709e-78
"CXCL12",1.94300610535825e-82,3.90895442227897,0.257,0.032,4.99585729809712e-78
"UBL5",2.69834774729224e-82,-0.472293155246672,0.871,0.959,6.93799172783782e-78
"UPP1",4.62503822270799e-82,-0.846632165020751,0.431,0.679,1.18918982782268e-77
"ALDOA",1.15015515340945e-81,-0.507952784234081,0.882,0.957,2.95727893044639e-77
"PPDPF",1.07278861228366e-80,-0.65218265640403,0.717,0.888,2.75835407990375e-76
"CAPG",4.7182926689028e-80,-0.541960405338502,0.587,0.851,1.21316741102829e-75
"MT-ND1",8.06385464790803e-80,-0.444372301678738,0.957,0.994,2.07337830707011e-75
"PCSK1N",1.05565694854419e-79,-2.17619924195945,0.021,0.122,2.71430514609681e-75
"FGL1",2.44267256199837e-79,4.54813905065118,0.242,0.027,6.28059969141021e-75
"TREM1",2.60144093425389e-79,-0.86011263886875,0.22,0.462,6.68882493015359e-75
"CTSS",3.00992244245462e-79,0.667274275231251,0.954,0.932,7.73911258403932e-75
"USMG5",5.54126456189497e-79,-0.473685877856028,0.897,0.953,1.42476994415443e-74
"CSTA",8.21735436304398e-79,-0.822866399615165,0.467,0.702,2.11284615382587e-74
"GYPC",9.54828591297574e-79,1.64829552540563,0.575,0.379,2.45505527394432e-74
"ARRDC4",1.15423225415785e-78,-1.93301987794131,0.054,0.194,2.96776197189067e-74
"CFL1",1.72944298698564e-78,-0.413652097599677,0.97,0.991,4.44674380813748e-74
"GP2",7.35884458633628e-78,-2.32255595360501,0.016,0.109,1.89210612003878e-73
"CD68",1.8343928281691e-77,0.623825287533427,0.92,0.86,4.71659083978839e-73
"C20orf24",2.0540746644756e-77,-0.883204272358433,0.403,0.638,5.28143677729967e-73
"LGALS4",4.52038167063758e-77,5.03603615114414,0.214,0.011,1.16228053515433e-72
"KRT19",7.56820598708719e-77,-2.16721533824011,0.026,0.134,1.94593712339986e-72
"TMSB10",7.70889246692123e-77,-0.304513110879866,1,1,1.98211043109479e-72
"RP11-670E13.6",8.79093064506883e-77,-1.49939039332983,0.086,0.255,2.2603240874601e-72
"MS4A7",1.65639540358197e-76,1.08290015419756,0.814,0.744,4.25892386168995e-72
"ALDH1A1",1.71122012982687e-76,1.94038786376165,0.381,0.14,4.39988919781084e-72
"CALM2",2.69326546238491e-76,0.609087556406998,0.942,0.934,6.92492415688407e-72
"LDHA",4.55281849895361e-76,-0.553358727208459,0.771,0.905,1.17062069245095e-71
"AKR1C2",5.34876305850574e-76,7.30246670743366,0.202,0.005,1.375273957603e-71
"EIF5AL1",1.26992477080453e-75,-1.44884045077033,0.198,0.404,3.2652305706926e-71
"ADH1B",1.66136696060096e-75,6.32996582189736,0.203,0.006,4.27170672909719e-71
"MZT2A",5.32032483595574e-75,-1.04980681490088,0.299,0.529,1.36796192182094e-70
"AP2S1",7.21660223637085e-75,-0.572197211884155,0.824,0.928,1.85553276701567e-70
"CES1",1.46657912272587e-74,2.48970885100053,0.413,0.184,3.77086824035275e-70
"PDLIM7",1.53698682900065e-74,-1.52439296155457,0.087,0.252,3.95190053472648e-70
"VCX2",1.54319758233996e-74,-2.0285705627581,0.031,0.144,3.96786962371249e-70
"SMCO4",2.90877090145142e-74,-0.998449290719499,0.328,0.559,7.4790317418119e-70
"CYP2E1",3.06267282237646e-74,7.35582167479644,0.199,0.005,7.87474436089436e-70
"EMP3",5.59332268642025e-74,-0.427261790691422,0.691,0.888,1.43815512913237e-69
"HBEGF",1.06788158737665e-72,-1.32596339835337,0.252,0.467,2.74573713746285e-68
"IGKV1-16",2.44669120296356e-72,-1.85054360636359,0.023,0.122,6.29093242105991e-68
"THBD",2.45631725916009e-72,-1.42389647237654,0.229,0.444,6.31568293675243e-68
"NDRG1",2.71441031094004e-72,-1.06497364899962,0.171,0.381,6.97929179148903e-68
"MT1G",6.68728776969284e-72,-1.42710566362412,0.259,0.471,1.71943543134342e-67
"ZFP36L1",9.68154305778061e-72,-1.00087936174608,0.693,0.835,2.48931835101655e-67
"MRPL23",1.00021726793363e-71,-0.912735730720582,0.314,0.553,2.57175863931095e-67
"PPIF",1.59388362966191e-71,-0.984494586732441,0.324,0.562,4.0981935885867e-67
"CFHR1",1.75633205599682e-71,3.29324785679746,0.254,0.047,4.51588098237902e-67
"DMKN",3.60764637454418e-71,-2.02509206108431,0.031,0.14,9.27598035822799e-67
"PLP2",1.68683216301623e-70,-0.871209013062859,0.251,0.488,4.33718285754732e-66
"SMAD7",1.87627655489265e-70,-2.14704701588202,0.034,0.146,4.82428227793998e-66
"HPD",3.08656379478703e-70,7.76757140780434,0.184,0.001,7.93617282915641e-66
"ATP2B1",3.08892645138673e-70,-1.16155941984147,0.371,0.585,7.94224769180556e-66
"ITGA5",6.37790459965256e-70,-1.24038732282511,0.096,0.263,1.63988683066267e-65
"CCDC109B",1.04478112765644e-69,-0.93512876992252,0.264,0.492,2.68634123543025e-65
"PRAME",1.35239743158467e-69,-2.40727209710711,0.017,0.104,3.47728427609051e-65
"FN1",1.65125412878402e-69,-2.49240057717087,0.315,0.504,4.24570461592948e-65
"NFKBIZ",2.70932462204444e-69,-0.849685065499444,0.504,0.716,6.96621546820066e-65
"ALDOB",3.1221315150554e-69,7.28929793031578,0.181,0.001,8.02762455151044e-65
"CCL23",3.9201755704641e-69,-2.39407758390617,0.035,0.146,1.00795554267773e-64
"C1QB",8.94960319351388e-69,0.874969847741077,0.854,0.81,2.30112197311629e-64
"AKR1C1",1.7863271472539e-68,5.53490886842472,0.195,0.011,4.59300436101923e-64
"PKM",2.03792741894956e-68,-0.525030070998059,0.728,0.885,5.23991897960312e-64
"LINC01272",2.3314642155354e-68,-0.557538565076165,0.306,0.571,5.99466079098462e-64
"MXD1",2.49450494148152e-68,-0.963448045628397,0.339,0.567,6.41387110553728e-64
"SPI1",8.00050341636306e-68,-0.667032708379083,0.622,0.821,2.05708943841527e-63
"IFI6",1.12616485091275e-67,-0.770937778604372,0.48,0.69,2.89559506466686e-63
"EHD1",2.02654970444443e-67,-1.28983957268469,0.156,0.346,5.21066460006751e-63
"SAT1",3.19302339259303e-67,0.424225787066161,0.998,0.999,8.2099017470352e-63
"PGAM2",9.11111612583085e-67,-2.30976101657515,0.02,0.11,2.34265017827363e-62
"AKR1B10",9.27359866790574e-67,8.9407853248046,0.175,0.001,2.38442768949192e-62
"SESN2",1.92614161610241e-66,-1.68612550167411,0.07,0.21,4.95249532332252e-62
"IGF1",2.03708900581393e-66,2.17638397941428,0.277,0.068,5.23776325174878e-62
"HMGA1",2.07440804324028e-66,-0.96663666223105,0.315,0.531,5.33371796077942e-62
"MYL6",2.21650742680283e-66,-0.327988113793939,0.986,0.995,5.69908389579545e-62
"MMP12",2.74343373818917e-66,-0.744427638429688,0.126,0.307,7.053916827632e-62
"CD72",7.14334573045519e-66,1.84306767007813,0.361,0.146,1.83669705421464e-61
"CKB",8.25751170569879e-66,-1.68648423498844,0.109,0.267,2.12317140976927e-61
"PHLDA2",1.4244106384171e-65,-0.975975716262815,0.249,0.472,3.66244463349806e-61
"MT-ND4",3.59507426376269e-65,-0.372548550389712,0.996,0.999,9.24365494698663e-61
"BOLA2B",6.79004823284014e-65,-1.27148504506013,0.078,0.226,1.74585720162786e-60
"CLEC11A",8.40476502036706e-65,-1.32653381297736,0.102,0.265,2.16103318203678e-60
"RPS21",9.392604194813e-65,-0.363172022943861,0.961,0.988,2.41502639057032e-60
"RPS2",1.04450711087755e-64,-0.370210176974277,0.939,0.999,2.68563668348835e-60
"PAGE5",1.34125488450191e-64,-1.97925919143404,0.081,0.222,3.4486345590313e-60
"KIFC3",2.07342939732513e-64,-1.56858173402546,0.04,0.153,5.33120166640238e-60
"GADD45B",4.92650538483401e-64,0.874307186349424,0.814,0.743,1.26670306454852e-59
"PDPN",6.20439045096995e-64,-2.03269109063583,0.02,0.108,1.59527287275339e-59
"PTGS2",2.09632408812634e-63,-1.38386077559728,0.249,0.447,5.39006849539045e-59
"RNASE1",4.74067573794561e-63,1.2281380723258,0.607,0.406,1.21892254574058e-58
"CYP2D6",7.84258743036131e-63,6.433342404274,0.174,0.006,2.0164860800945e-58
"TNFAIP8",9.92483723163132e-63,-0.836356711359262,0.385,0.607,2.55187414899705e-58
"EIF5A",9.99812120582667e-63,-0.82136201604396,0.439,0.666,2.57071692444215e-58
"GPCPD1",1.03508468228451e-62,-1.20864029580347,0.187,0.375,2.66140973508993e-58
"ARPC2",1.31723339757613e-62,-0.47298612416665,0.919,0.975,3.38687051184775e-58
"RBP7",1.59506255013495e-62,2.89042379959461,0.249,0.057,4.10122482890698e-58
"RPL37A",1.78771956153078e-62,-0.306503020598986,0.989,1,4.59658453660794e-58
"HLA-DRB5",1.42074834750323e-61,1.95470362175958,0.515,0.359,3.6530281511003e-57
"GNG5",1.89346136629571e-61,-0.523520310923898,0.746,0.887,4.86846786501953e-57
"RP11-1008C21.1",2.73359310321861e-61,-2.16740291751049,0.021,0.107,7.02861458699569e-57
"RNASE2",3.09829284258778e-61,-1.67667625622642,0.042,0.155,7.9663305568617e-57
"HLA-DQB1",8.33095398783509e-61,0.619658757223161,0.9,0.839,2.14205488935216e-56
"C10orf54",1.1879067827297e-60,1.15737063994584,0.581,0.417,3.05434591975461e-56
"ACTB",1.1977667523796e-60,-0.36353612834976,0.998,0.999,3.07969787371843e-56
"IGKV1-39",3.28923898906589e-60,-1.03611879353489,0.04,0.149,8.45729128868622e-56
"CYCS",6.40075682446313e-60,-0.566169375761657,0.759,0.874,1.64576259470596e-55
"MOB3B",7.00501039725021e-60,-1.78198769787899,0.048,0.163,1.80112827334097e-55
"CLEC12A",7.37404245811758e-60,-1.20073890592808,0.15,0.321,1.89601379683119e-55
"SLC25A19",9.34935826134511e-60,-1.08544454093324,0.143,0.321,2.40390699615705e-55
"TNIP3",1.20345042442851e-59,-2.17323453342493,0.021,0.107,3.09431173129058e-55
"RNASE6",1.67342410588679e-59,0.995043426522574,0.703,0.595,4.30270806105612e-55
"IGLC3",2.27975463806348e-59,2.20281833488566,0.23,0.052,5.86170512538883e-55
"TPM4",2.92911572988702e-59,-0.630761726635683,0.558,0.758,7.5313423646855e-55
"CCL4L2",5.58980300453124e-59,1.46269637045986,0.735,0.614,1.43725014852507e-54
"TPI1",9.21501409027823e-59,-0.392089995438263,0.893,0.954,2.36936442289234e-54
"CIB1",9.75479519234114e-59,-0.650816856076307,0.538,0.734,2.50815293985475e-54
"ROMO1",1.17334169930833e-58,-0.560911663559216,0.597,0.791,3.01689617726159e-54
"STXBP2",5.64264390674479e-58,-1.03421844298684,0.387,0.59,1.45083660130222e-53
"FNDC3B",7.05234469045585e-58,-1.00591337016833,0.24,0.44,1.81329886681001e-53
"HLA-DRA",2.67714465645811e-57,0.450927711464094,0.996,0.995,6.88347434068509e-53
"C1QA",3.94497622716229e-57,0.742609669835741,0.884,0.852,1.01433228752797e-52
"APCS",4.05001304927903e-57,6.80025968749248,0.154,0.002,1.04133935523063e-52
"NRIP3",4.47452764998481e-57,-1.39868348569994,0.048,0.161,1.15049054936409e-52
"FOS",7.18772198550077e-57,0.619897044936177,0.879,0.816,1.84810707691196e-52
"LUCAT1",7.36656636150515e-57,-1.23376549350379,0.076,0.211,1.89409154287021e-52
"RIPK2",8.04581289616934e-57,-0.835245486647984,0.366,0.573,2.06873941186306e-52
"GATM",9.11461717563923e-57,1.37344969898779,0.477,0.288,2.34355036820036e-52
"COX7B",1.29863466182422e-56,-0.465981839874095,0.837,0.926,3.33904944248244e-52
"SEC61G",1.43608301330304e-56,-0.456834557159991,0.799,0.922,3.69245664380477e-52
"CD5L",2.09034419048241e-56,9.30541065392547,0.152,0.002,5.37469298256838e-52
"EML4",2.22568010187852e-56,-1.0397130966727,0.193,0.378,5.72266867795005e-52
"IGFBP7",4.82638297241575e-56,2.02598804075487,0.41,0.241,1.24095958986754e-51
"HSD17B6",4.938404001053e-56,4.86885701311157,0.165,0.01,1.26976243675075e-51
"LILRB5",7.06573664835342e-56,2.29631790876931,0.274,0.09,1.81674220702463e-51
"MEG3",7.17780415045504e-56,-1.61474474817864,0.028,0.119,1.845557003165e-51
"PNP",1.69839147543027e-55,-0.935944966651744,0.133,0.299,4.36690416162632e-51
"CHCHD2",1.89990534901241e-55,-0.438645164166977,0.881,0.941,4.8850366333807e-51
"COX5A",3.18535055371651e-55,-0.580167113812702,0.606,0.783,8.19017334371588e-51
"GPR84",4.123308747816e-55,-1.06337273599705,0.094,0.24,1.06018514523845e-50
"GK",4.91804521558348e-55,-0.973779961662038,0.243,0.43,1.26452778583082e-50
"EZH2",7.32224887503454e-55,-1.7255465057613,0.068,0.192,1.88269663074888e-50
"MT1F",9.9633135748585e-55,-1.22063495812825,0.191,0.369,2.56176718636762e-50
"CLEC4E",1.10937192194116e-54,1.89748774586557,0.35,0.157,2.8524170856951e-50
"KRT10",1.30372519781097e-54,-0.757327841566887,0.383,0.594,3.35213822861158e-50
"TXNIP",1.39068700712332e-54,0.973397739474377,0.708,0.565,3.57573443271548e-50
"APOBR",1.79732391276115e-54,-1.35683250343503,0.062,0.184,4.62127924449147e-50
"SOCS3",2.31933333639063e-54,-0.900147470917113,0.459,0.656,5.96346987452758e-50
"BHLHE40",2.64132456613724e-54,-0.94381095354678,0.375,0.568,6.79137372445207e-50
"SLC39A8",8.45944667019331e-54,-1.31973964425934,0.106,0.253,2.1750929278401e-49
"SNRPE",8.49638175714327e-54,-0.604378220304101,0.584,0.749,2.18458967739668e-49
"EBI3",1.01017920994154e-53,2.17829743653545,0.232,0.057,2.59737278460168e-49
"RPL13",1.07021864294709e-53,-0.305853314319079,0.952,1,2.75174617474556e-49
"SPHK1",1.18205605088399e-53,-0.962349422085202,0.102,0.253,3.03930251803291e-49
"FAM129A",1.6449944745727e-53,-1.31804032605753,0.099,0.242,4.22960979302132e-49
"HULC",3.04572052975514e-53,5.37175356620011,0.156,0.009,7.83115662610641e-49
"LTB",3.0640878900428e-53,-2.66094642996821,0.116,0.265,7.87838278287805e-49
"WASF2",3.22334984598563e-53,1.34894849077635,0.453,0.275,8.28787712399825e-49
"CXCL2",4.20814005655505e-53,-0.811497690533405,0.644,0.804,1.08199697134143e-48
"SLC11A1",5.63075469635478e-53,-0.765545209024797,0.215,0.411,1.44777964752674e-48
"MT-ATP6",6.57523991409318e-53,-0.322122170025293,0.993,0.996,1.69062568671164e-48
"IER5",7.22941873550253e-53,-0.546821695997835,0.456,0.686,1.85882814527241e-48
"CLEC4A",1.12887213423801e-52,-0.926096318431427,0.233,0.419,2.90255603155277e-48
"ACTL8",1.20015619272377e-52,-2.03731013159595,0.023,0.103,3.08584160273136e-48
"IL2RA",1.37831397629728e-52,-1.26714562616861,0.103,0.248,3.54392089585556e-48
"YWHAZ",2.55398943288145e-52,-0.485817092561437,0.679,0.847,6.56681762982479e-48
"COL1A1",2.64711122229358e-52,-1.67857188156911,0.039,0.138,6.80625237476126e-48
"CYB5A",4.71477801229976e-52,1.17796600093643,0.554,0.41,1.21226372252251e-47
"CD24",5.69362628781783e-52,-1.4944593192875,0.085,0.215,1.46394519112372e-47
"PIK3IP1",9.35723828587677e-52,2.04370197614129,0.266,0.088,2.40593310806464e-47
"MIR155HG",2.33428480947595e-51,-0.844648299414454,0.233,0.425,6.00191310212455e-47
"H3F3B",2.68624351792808e-51,-0.328413537339465,0.993,0.999,6.90686933329669e-47
"MT-ND2",4.00617509656817e-51,-0.269361398462976,0.986,0.997,1.03006774082961e-46
"BAAT",4.95876732010481e-51,6.349979747497,0.142,0.003,1.27499825334535e-46
"SNRPF",5.41397911036508e-51,-0.64173880713189,0.453,0.653,1.39204230885707e-46
"TKTL1",6.68922256476037e-51,-1.70987219991899,0.022,0.1,1.71993290585119e-46
"IGFBP1",7.1818500559128e-51,3.88421245157334,0.173,0.023,1.8465972863763e-46
"ITIH3",1.5399398366654e-50,4.37941738169365,0.154,0.011,3.95949330803409e-46
"ANGPTL3",1.58036963163953e-50,6.12017172404938,0.139,0.003,4.06344639687156e-46
"RPPH1",2.01568526243909e-50,-2.01320824110161,0.037,0.131,5.18272994678338e-46
"RNF19B",2.50742374231851e-50,-1.10460478089626,0.111,0.257,6.44708792624936e-46
"CSTB",3.48941099224358e-50,-0.565016740102927,0.924,0.969,8.9719735432567e-46
"MS4A4A",3.62602413925143e-50,0.878294654604861,0.753,0.661,9.32323326684329e-46
"GNA15",3.99786630194997e-50,-0.820387407560986,0.215,0.401,1.02793138355738e-45
"RNF145",5.57867951145669e-50,-0.81199046564724,0.313,0.508,1.43439007598574e-45
"UBE2C",5.58472554714421e-50,-1.1134217562553,0.11,0.253,1.43594463268172e-45
"LY6K",5.62211693333478e-50,-1.67877287094656,0.03,0.117,1.44555870589904e-45
"MYO1G",1.12579910022311e-49,-1.1881334750104,0.081,0.209,2.89465464649366e-45
"SESN1",1.25721435237984e-49,2.46003155644532,0.221,0.058,3.23254954283903e-45
"IL1B",1.80155815619125e-49,-0.770167930522009,0.592,0.78,4.63216633119894e-45
"HLA-DQA1",2.47699026162018e-49,0.506532436528489,0.876,0.785,6.36883736067781e-45
"MGST1",2.55099518310153e-49,1.39469930345747,0.445,0.266,6.55911881479067e-45
"C12orf75",3.3967441259669e-49,-1.53829109088369,0.102,0.239,8.7337084966861e-45
"DRAM1",5.97118088498063e-49,-0.892900207741296,0.236,0.42,1.53531002914622e-44
"PGK1",6.68585207241851e-49,-0.537987324201799,0.746,0.872,1.71906628486025e-44
"AQP9",9.85828748216338e-49,-0.918762640208546,0.174,0.342,2.53476287741385e-44
"ITIH1",1.02049167547624e-48,2.71598482484301,0.209,0.051,2.62388819598452e-44
"MT-CO2",1.27260578054832e-48,-0.323989179691572,0.996,0.999,3.27212398294583e-44
"NUDT16",2.01018381229178e-48,1.37551351204998,0.414,0.242,5.16858461816462e-44
"GPX3",2.7327325813972e-48,1.30620038882657,0.412,0.23,7.02640201328848e-44
"TRAF1",2.83267318495114e-48,-0.980355367289008,0.123,0.273,7.28336929314637e-44
"DNASE1L3",3.07719940313309e-48,4.04672464923246,0.162,0.019,7.91209510533579e-44
"YWHAH",6.90054269180725e-48,-0.767485549194854,0.595,0.746,1.77426753691748e-43
"VASP",6.93039531243279e-48,-0.782317360828687,0.349,0.542,1.78194324273272e-43
"PET100",8.00288642497117e-48,-0.571266283356139,0.596,0.759,2.05770215758859e-43
"COX8A",1.17761679788736e-47,-0.404761015859194,0.829,0.916,3.02788831072798e-43
"CCL3L3",1.39134263362042e-47,1.2755826742484,0.743,0.621,3.57742017956484e-43
"CD14",1.54213394392368e-47,-0.668199380267474,0.695,0.816,3.96513479661656e-43
"DRAM2",1.57848043850891e-47,0.943120215754885,0.613,0.488,4.05858890349412e-43
"DENND5A",2.34154620564832e-47,-1.122920319855,0.1,0.235,6.02058360396295e-43
"LINC01094",2.55757519869056e-47,-1.26790474474882,0.077,0.199,6.57603735087316e-43
"RNF144B",3.47725466687093e-47,1.22085332090905,0.488,0.312,8.94071719945853e-43
"OSCAR",4.12719314152815e-47,-1.23493089888207,0.093,0.223,1.06118390054972e-42
"CD300E",1.28483624169116e-46,-1.56525273252497,0.057,0.163,3.30357094463631e-42
"THAP2",2.27051537418651e-46,-1.01400471495827,0.188,0.356,5.83794913010835e-42
"LINC00152",5.72503346158751e-46,-0.667353947326809,0.408,0.606,1.47202060364338e-41
"PPA1",9.01083154493367e-46,-0.749662790994745,0.418,0.618,2.31686500683335e-41
"EPCAM",9.45913633990708e-46,-1.62588121356194,0.038,0.128,2.43213313571691e-41
"NDUFB1",9.97376548221975e-46,-0.439032024724828,0.76,0.873,2.56445458078834e-41
"RPL10",1.15694926007499e-45,0.283504951322778,0.999,0.999,2.97474793750482e-41
"HPX",1.30954291708309e-45,2.42620301519986,0.234,0.078,3.36709674840405e-41
"B3GNT5",1.65348979592992e-45,-0.915639280417487,0.165,0.327,4.251452963295e-41
"EDEM1",2.02959469887023e-45,-1.17214848948994,0.135,0.281,5.21849388973515e-41
"NXT1",2.32313315872475e-45,-0.906461721608333,0.167,0.326,5.97323997771308e-41
"UBE2J1",3.61974960222227e-45,-0.864350355952492,0.232,0.404,9.3071001772339e-41
"ATP13A3",4.28643113597674e-45,-0.749754690189665,0.251,0.437,1.10212717368234e-40
"HLA-DRB1",4.53412504878767e-45,0.437691510047209,0.982,0.974,1.16581423254428e-40
"FABP4",7.11650846743707e-45,1.89436509873102,0.236,0.07,1.82979665714742e-40
"SNRPG",9.51263217235771e-45,-0.493917987639933,0.672,0.809,2.44588798415661e-40
"GRB2",1.09814789416652e-44,-0.559983490316256,0.496,0.677,2.82355786548095e-40
"TMA7",1.10434230889525e-44,-0.332654572227824,0.901,0.955,2.83948494463148e-40
"RPL38",1.11839109117811e-44,-0.25753526687777,0.975,0.995,2.87560717363715e-40
"ARF6",1.2772665217947e-44,-0.632681506965229,0.509,0.693,3.28410768083854e-40
"HLA-DMA",1.34081663483425e-44,0.459112419480217,0.889,0.868,3.44750773148582e-40
"NFAT5",1.38471948653179e-44,-1.12389767526935,0.127,0.269,3.56039074377054e-40
"GEM",1.4531522804234e-44,-0.872360413434799,0.192,0.354,3.73634514342464e-40
"GCLC",1.78558527628265e-44,2.13577982770986,0.248,0.09,4.59109686237796e-40
"FABP1",1.83619221110047e-44,1.76620811039863,0.371,0.191,4.72121741318152e-40
"IFI27L2",1.95949922295816e-44,-0.566993052113994,0.469,0.66,5.03826440207002e-40
"DCUN1D3",2.07738878792605e-44,-1.68160158821004,0.028,0.107,5.34138205151545e-40
"GTF3C6",2.7960652995955e-44,-0.598575169851069,0.438,0.627,7.18924309831996e-40
"CTAG2",2.99959415536288e-44,-1.79767659611277,0.04,0.13,7.71255649226903e-40
"ATF5",3.0523977089079e-44,-0.784879028741494,0.28,0.467,7.84832498914398e-40
"CD52",3.16207061091448e-44,-0.323435457260928,0.551,0.749,8.13031595478331e-40
"RHOF",3.35640717095001e-44,-1.18556441529878,0.098,0.227,8.62999411794667e-40
"CD302",4.8837484844584e-44,1.04741491291286,0.52,0.375,1.25570941032395e-39
"NUDT4",9.14112657193662e-44,-0.961623572479863,0.165,0.319,2.35036646417634e-39
"C1QBP",1.08572611217431e-43,-0.700395216636689,0.366,0.55,2.79161897962258e-39
"DAB2",1.22000335117429e-43,0.697581343971554,0.649,0.515,3.13687261653933e-39
"MRPL41",1.30858680740795e-43,-0.570940251945233,0.439,0.64,3.36463839920733e-39
"AC004556.1",1.33675403613754e-43,5.03640354895646,0.125,0.004,3.43706197771685e-39
"NQO1",1.72406434016424e-43,-1.50186918126928,0.139,0.27,4.43291423143029e-39
"LAPTM4B",1.77529039837157e-43,-1.29048832742736,0.086,0.206,4.56462667229298e-39
"SULT2A1",2.41470913605179e-43,4.3865427489225,0.131,0.008,6.20870013061636e-39
"LY96",2.79355515167224e-43,0.529513905480139,0.824,0.758,7.18278900597967e-39
"RHOH",4.35347889207831e-43,-1.03686946400817,0.11,0.243,1.11936649273117e-38
"ACTN1",4.52731296796358e-43,-0.82085554509143,0.257,0.43,1.1640627103228e-38
"ENO2",4.9501010007503e-43,-1.38601269102356,0.044,0.138,1.27276996931292e-38
"PLAUR",6.69930274403547e-43,-0.504130300593519,0.763,0.885,1.7225247215464e-38
"MKKS",6.6999573919467e-43,-0.751483683370564,0.278,0.456,1.72269304461734e-38
"CHMP4B",7.33744414851237e-43,-0.563025980852683,0.433,0.627,1.8866036394655e-38
"SPRED1",8.77168938980703e-43,-1.09722161395825,0.134,0.275,2.25537677590718e-38
"IQGAP2",9.02606640246463e-43,1.18754241385148,0.424,0.263,2.32078219340171e-38
"APOM",1.485974825477e-42,2.17712038513126,0.282,0.128,3.82073847126646e-38
"SCAND1",1.89692132549675e-42,-0.595170487205416,0.456,0.635,4.87736411211724e-38
"SRSF9",2.40847087513512e-42,-0.571809871219077,0.458,0.65,6.19266031414743e-38
"RPL39",2.43304943400022e-42,-0.255761204111571,0.999,1,6.25585670470137e-38
"CCL13",3.11845411617991e-42,-1.41248954458001,0.091,0.21,8.01816922352178e-38
"LRRFIP1",3.57337244810792e-42,-0.525231018341359,0.579,0.747,9.18785523857509e-38
"FAM129B",4.23757849295408e-42,-1.52941563551532,0.033,0.113,1.08956618210835e-37
"ADAMTSL4",4.46968353258471e-42,-1.39020206620435,0.052,0.149,1.14924502989818e-37
"CARD19",6.42539378435416e-42,-0.78740170405938,0.207,0.372,1.65209724983314e-37
"BCL11A",8.3639095546794e-42,-1.54378111470601,0.044,0.134,2.15052842469917e-37
"DUSP1",1.03243802805509e-41,0.574586094251836,0.922,0.924,2.65460465773524e-37
"SAV1",1.1237172625112e-41,-1.19441837072787,0.097,0.221,2.88930182536879e-37
"SLC7A5",1.14344746937341e-41,-1.02893538697682,0.11,0.242,2.9400321332529e-37
"ADH4",1.4129461585422e-41,8.6658185974767,0.112,0,3.63296716284371e-37
"ADH1A",1.47370377997703e-41,6.53905892796628,0.116,0.002,3.78918715907693e-37
"PPP1R15B",1.71722040800061e-41,-0.828784391116536,0.251,0.423,4.41531711305116e-37
"ALYREF",1.91848208624129e-41,-1.39270815490724,0.051,0.146,4.93280114014359e-37
"LSM6",2.22548677637361e-41,-0.630131131201695,0.355,0.539,5.72217159941183e-37
"IL23A",2.46599275135097e-41,-1.30627715071297,0.04,0.127,6.34056056227362e-37
"RPS17",2.70656882385376e-41,-0.340003392076021,0.984,0.988,6.95912975989279e-37
"ADAM8",4.39304074794901e-41,-0.797042968536963,0.121,0.258,1.12953863711265e-36
"ATF7IP2",5.18517010258014e-41,-1.26878920414992,0.132,0.271,1.3332109367754e-36
"NFKBIA",5.33406910444638e-41,-0.378240351932329,0.926,0.971,1.37149584813525e-36
"SRGAP1",6.59214839752005e-41,2.37240090901863,0.19,0.05,1.69497319597036e-36
"TYROBP",6.65917479544331e-41,0.264509624190949,0.989,0.989,1.71220702340438e-36
"DEFB1",7.16445908908999e-41,-0.994076454053888,0.114,0.244,1.84212572098682e-36
"RGCC",1.02768736460046e-40,-0.78298165824163,0.487,0.662,2.64238975186071e-36
"LSM7",1.04003616158127e-40,-0.582386530949708,0.48,0.66,2.67414097865775e-36
"SERP1",1.06432734299305e-40,-0.427929541403819,0.739,0.88,2.73659846430373e-36
"PIM3",1.19503942328056e-40,-0.589382271392769,0.417,0.606,3.07268536513897e-36
"RHEB",1.47518322380095e-40,-0.475028102852431,0.587,0.76,3.79299110503701e-36
"CLIC4",1.9533108765431e-40,-0.779120704835068,0.193,0.352,5.02235292576762e-36
"TIMM8B",2.38271208497763e-40,-0.51863892424234,0.49,0.675,6.12642931289449e-36
"ZBTB16",3.41106785756792e-40,4.82750649586874,0.121,0.007,8.77053767537865e-36
"N4BP1",4.72274225852748e-40,-1.15149422215975,0.092,0.209,1.21431148951259e-35
"SNHG25",5.72265405060868e-40,-0.672898158661412,0.303,0.486,1.4714088094925e-35
"TMEM167A",6.95049416735695e-40,-0.498160703066431,0.516,0.695,1.78711106031082e-35
"CD274",7.03585282151931e-40,-1.84646173282294,0.034,0.113,1.80905847746904e-35
"RGS1",9.22510321052754e-40,0.817897199900424,0.772,0.687,2.37195853749084e-35
"AKR1C4",1.04120418246526e-39,5.34374881666896,0.114,0.003,2.67714419395468e-35
"ZBTB43",1.19138448444236e-39,-0.767842025318932,0.145,0.289,3.0632877863982e-35
"UBP1",2.23380685076342e-39,-1.09879238798689,0.091,0.209,5.74356417468291e-35
"BTG3",3.38585056588143e-39,-0.86342167490266,0.181,0.333,8.70569897499433e-35
"ORM2",3.87256347960443e-39,2.12214839790325,0.229,0.085,9.9571352187589e-35
"KIF5B",3.95791896816553e-39,-0.636378026993843,0.408,0.587,1.01766012509472e-34
"MINOS1",4.22731662580108e-39,-0.453419737974805,0.708,0.839,1.08692765082597e-34
"UGT2B4",4.26097273018624e-39,3.61264937509135,0.133,0.016,1.09558130838549e-34
"CD55",4.49453889145683e-39,-0.789613918783704,0.313,0.482,1.15563583977138e-34
"SRSF2",6.26004842555784e-39,-0.501038973043846,0.555,0.72,1.60958365117943e-34
"BCL6",6.36460699263065e-39,-1.21089392767872,0.084,0.195,1.63646774994519e-34
"ITSN1",6.50250443961366e-39,1.78784429697761,0.219,0.074,1.67192394151347e-34
"CD9",6.57764945474834e-39,1.09674576978276,0.572,0.426,1.69124522780489e-34
"PVRL2",7.00887163577511e-39,-0.747476920745664,0.24,0.406,1.8021210749905e-34
"TRABD",7.47617761400487e-39,-0.920393864963632,0.153,0.296,1.92227478811293e-34
"SERPING1",8.11923628629398e-39,0.832752872201898,0.556,0.409,2.08761803393191e-34
"MIR4435-2HG",9.46894880740797e-39,-0.764969045742845,0.246,0.417,2.43465611736074e-34
"RPS18",9.53707745366214e-39,-0.263851698319302,0.999,1,2.45217335488561e-34
"NPC1",1.01570356509309e-38,-1.1821577758267,0.075,0.182,2.61157700656735e-34
"CHCHD6",1.1228660355862e-38,2.18035905671493,0.231,0.088,2.88711315069923e-34
"ENG",1.1464708936656e-38,-0.884766294651506,0.184,0.335,2.947805961793e-34
"SPCS3",1.19387415984767e-38,-0.630382658402632,0.44,0.619,3.06968923980032e-34
"SERPINH1",1.25782800297492e-38,-0.916788322850538,0.222,0.375,3.2341273612491e-34
"SH3BGRL3",1.37229257448896e-38,-0.266260685906002,0.976,0.994,3.52843866752603e-34
"MRPL52",1.48247386670446e-38,-0.508464647592399,0.473,0.655,3.8117368060705e-34
"ZFAND2A",2.39577087633796e-38,-0.307435210726091,0.49,0.677,6.16000607724015e-34
"CBX3",3.45412570058006e-38,-0.565269999227227,0.507,0.675,8.88124800133145e-34
"RPL10A",3.4718721245684e-38,-0.277694755454281,0.963,0.978,8.92687760669027e-34
"TSPAN4",3.85129650864353e-38,0.934569274649242,0.521,0.386,9.90245358302426e-34
"GNB1",3.96162204191003e-38,-0.628738379510329,0.337,0.515,1.01861225941591e-33
"ZEB2",4.15086337097843e-38,-0.624527657911682,0.498,0.653,1.06726998994597e-33
"HLA-DMB",4.56092555914401e-38,0.638471672423126,0.737,0.646,1.17270517976711e-33
"LAGE3",5.06352035684604e-38,-0.670400822983405,0.286,0.454,1.30193235415225e-33
"MS4A6A",6.04379028542394e-38,0.555905965349635,0.846,0.785,1.5539793581882e-33
"BAMBI",7.0959516021989e-38,-1.52687498471029,0.04,0.122,1.82451107595738e-33
"ARG1",8.7421260909026e-38,5.84379520406017,0.107,0.003,2.24777546049288e-33
"F12",9.43899526774241e-38,3.68397241061807,0.126,0.014,2.42695446324193e-33
"CPB2",1.13341636622329e-37,5.43283371336691,0.109,0.004,2.91424016083333e-33
"CLIC1",1.32803458773021e-37,-0.325119674534801,0.887,0.946,3.41464253197191e-33
"ENY2",1.44726318683791e-37,-0.391536683385233,0.671,0.827,3.72120310599762e-33
"H2AFZ",2.60240312483083e-37,-0.567099381326368,0.764,0.866,6.69129891456504e-33
"CKAP4",2.61236328297919e-37,-1.24163512386691,0.049,0.138,6.71690847319609e-33
"PER1",3.22386909741547e-37,1.3943090317008,0.327,0.176,8.28921222327466e-33
"SHMT1",3.58576325007581e-37,2.93427023426506,0.151,0.03,9.21971446859491e-33
"SPN",4.03401998794577e-37,-1.06572640114842,0.09,0.202,1.03722721930062e-32
"DENND4A",5.05443547720617e-37,-0.968146114373903,0.116,0.24,1.29959644989925e-32
"OTUD1",5.24175645779787e-37,-0.79937569723625,0.196,0.349,1.34776042042899e-32
"GPX1",5.46505288669545e-37,0.366846851208919,0.98,0.991,1.40517439822713e-32
"SLA",5.71639277519326e-37,1.13904400761478,0.424,0.275,1.46979891035769e-32
"IGF2BP2",8.13315940085843e-37,-1.55553657710544,0.033,0.107,2.09119794514872e-32
"ABL2",9.38749107947703e-37,-0.671182448113263,0.353,0.519,2.41371170635513e-32
"PCOLCE2",1.03372636197453e-36,-1.05917216684602,0.05,0.138,2.65791722190891e-32
"EFHD2",1.45141150869354e-36,-0.545654338774033,0.422,0.61,3.73186927115283e-32
"RGS5",1.47921445320507e-36,3.1036880328512,0.144,0.026,3.80335620208089e-32
"CPVL",1.83988161241759e-36,1.04573851800132,0.614,0.525,4.73070360184811e-32
"YME1L1",1.9097835732908e-36,-0.616320390688441,0.302,0.475,4.9104355236453e-32
"CORO1C",2.32312964405453e-36,-0.627635461447903,0.323,0.494,5.97323094079301e-32
"BAG3",2.36344403164267e-36,-0.263685520237618,0.416,0.621,6.07688729415963e-32
"ODC1",3.08329428352086e-36,-0.946765352577296,0.131,0.261,7.92776626178884e-32
"C5AR1",3.40639622514897e-36,0.863887181867171,0.607,0.485,8.75852597410303e-32
"ABRACL",3.42053490559609e-36,-0.48423486602342,0.553,0.716,8.79487934926868e-32
"PDSS1",4.13589082836712e-36,-1.48792436606112,0.031,0.103,1.06342024978976e-31
"TNFSF14",4.86940655231616e-36,-1.15438508264216,0.065,0.162,1.25202181273153e-31
"GLIPR2",5.46899366678413e-36,-0.715008351734853,0.274,0.439,1.40618765160354e-31
"ADAM10",6.05721817031049e-36,-0.804987477468074,0.236,0.394,1.55743193595023e-31
"HIF1A-AS2",9.82256012857614e-36,-1.11382154476083,0.031,0.104,2.5255766602595e-31
"ZDHHC20",1.04546826870322e-35,-0.98860679195901,0.107,0.226,2.68810801248972e-31
"MFSD1",1.17077024677296e-35,0.633242289063004,0.705,0.624,3.01028445850263e-31
"H3F3C",1.21679052691659e-35,-0.558951315639146,0.115,0.241,3.12861180280793e-31
"CFHR2",1.25986005910205e-35,5.68220036247356,0.103,0.003,3.2393521839632e-31
"SLC2A2",1.49198569122505e-35,4.42443314568383,0.108,0.006,3.83619360927785e-31
"JOSD2",1.56477663886317e-35,-0.641709528075178,0.267,0.434,4.02335369384499e-31
"ADIRF",1.78918135486139e-35,2.43370365957169,0.151,0.032,4.6003430996196e-31
"SPINT2",1.91192492781335e-35,-0.73956296627676,0.318,0.479,4.91594137439369e-31
"CLU",2.52430367571588e-35,0.42013203937017,0.561,0.325,6.49048961100067e-31
"AC133644.2",3.42939066874231e-35,-1.18593522279073,0.046,0.129,8.81764928747023e-31
"LAMTOR5",3.68569449037993e-35,-0.39914844871852,0.646,0.796,9.47665767366489e-31
"SDC3",3.88777673004447e-35,1.26046094171216,0.324,0.169,9.99625152829035e-31
"PLVAP",4.01948761342208e-35,3.9673447888467,0.116,0.011,1.03349065516308e-30
"DPCD",6.87287631646209e-35,-0.997400873570576,0.063,0.159,1.76715395848873e-30
"CAPNS1",6.9237393738876e-35,-0.624081970450272,0.383,0.547,1.78023186781398e-30
"CYP2C9",6.95739900830914e-35,5.85764463449154,0.1,0.003,1.78888643301645e-30
"CREB5",7.03004940873928e-35,-0.615283033996012,0.147,0.286,1.80756630397504e-30
"TUBA1C",7.31486680934238e-35,-0.670150116099413,0.382,0.544,1.88079855401811e-30
"HSP90B1",9.66172930627945e-35,-0.51853056911432,0.787,0.876,2.48422383923057e-30
"PDXK",1.05267206145498e-34,-0.598665550880132,0.34,0.513,2.70663040441305e-30
"MAP2K3",1.085946035146e-34,-0.627989420819802,0.277,0.445,2.79218444556739e-30
"TRIM25",1.23094350424087e-34,-1.25008182885751,0.067,0.163,3.16500193810412e-30
"ZNF812P",1.23468141590758e-34,4.57964068473515,0.109,0.008,3.17461285658156e-30
"EIF5",1.27086257041754e-34,-0.45314044828739,0.597,0.754,3.26764184105758e-30
"ACTG1",1.27734033633544e-34,-0.31652110396185,0.941,0.977,3.28429747278567e-30
"YWHAG",1.47478601820658e-34,-0.585549684035738,0.304,0.473,3.79196981001275e-30
"KIAA0101",1.86160372702909e-34,-1.16447110428761,0.098,0.21,4.7865555029372e-30
"APOA5",1.91717656613706e-34,4.83535222112157,0.102,0.005,4.92944438685161e-30
"MT-ND4L",2.0722240533464e-34,-0.323499675737566,0.65,0.798,5.32810248596426e-30
"CRYAB",2.72517939805107e-34,-0.555600655730883,0.035,0.109,7.0069812682689e-30
"THEMIS2",2.77343628798001e-34,0.951220530780718,0.471,0.336,7.13105938365421e-30
"RAMP1",3.16009082723607e-34,2.11087441121465,0.17,0.049,8.12522553498939e-30
"C14orf2",3.53511059376216e-34,-0.300573313402044,0.877,0.947,9.08947635868127e-30
"NEK6",3.5371307095745e-34,-0.74819608276394,0.168,0.308,9.09467048045796e-30
"LTA4H",4.34376576292895e-34,-0.884448092975258,0.28,0.427,1.11686905296429e-29
"NFKB1",4.58775694816398e-34,-0.417736433368897,0.419,0.6,1.17960406651192e-29
"TMED3",4.95207275617714e-34,-0.77051725323785,0.215,0.361,1.27327694706827e-29
"AKR1C3",5.1353497038829e-34,1.83175689623147,0.202,0.072,1.32040111586237e-29
"COLEC12",5.3179418705479e-34,-0.995878458917847,0.13,0.253,1.36734921375528e-29
"CKLF",5.61946127495555e-34,-0.759455500672094,0.564,0.704,1.44487588301657e-29
"EBPL",5.66916486720716e-34,-0.903175978703613,0.127,0.251,1.4576556706563e-29
"TM4SF4",6.21858446400451e-34,2.28343212590479,0.179,0.056,1.59892243738484e-29
"SMOX",9.25236505933035e-34,-1.14290264836716,0.044,0.125,2.37896810405502e-29
"CP",1.08906471697194e-33,2.54489081772214,0.145,0.032,2.80020320027826e-29
"GADD45GIP1",1.09300374236172e-33,-0.50336159137341,0.497,0.673,2.81033122236046e-29
"ITGB1BP1",1.27204136787295e-33,-0.66741192794789,0.243,0.398,3.27067276507493e-29
"FKBP4",1.50919510711842e-33,-0.578267002572863,0.339,0.502,3.88044245942289e-29
"MAP1LC3B",1.55228815532164e-33,-0.428432801113683,0.585,0.752,3.99124330496299e-29
"ISG20",1.63071277820519e-33,1.12558845445448,0.371,0.225,4.19288869532118e-29
"AXL",1.74465612354249e-33,1.18924620621196,0.361,0.215,4.48585982485246e-29
"MCOLN2",1.78305982491337e-33,-1.99108656940975,0.032,0.1,4.58460342181726e-29
"TIMP1",1.97976274661787e-33,-0.680696436748904,0.82,0.913,5.09036597410388e-29
"ATP2C1",1.99336386509109e-33,-0.895481672841575,0.151,0.282,5.12533716992221e-29
"TFDP1",2.02406071749276e-33,-0.834056215639998,0.136,0.263,5.20426491681739e-29
"GPR35",2.27582961818586e-33,-1.11856576019814,0.054,0.14,5.85161311427948e-29
"NPC2",3.00585372629068e-33,0.250168859021056,0.985,0.989,7.72865110103859e-29
"PITPNA",3.062704593669e-33,-1.17186117164318,0.083,0.184,7.87482605124174e-29
"MT-ND5",3.31294695387556e-33,-0.402990564986665,0.864,0.93,8.51824920780485e-29
"PON1",3.64893755274345e-33,4.19868002815581,0.103,0.007,9.38214823561396e-29
"HNRNPA1L2",3.98747288131902e-33,-0.884451705294615,0.147,0.273,1.02525902724475e-28
"TFPI",4.05087644183401e-33,2.14050489457889,0.22,0.092,1.04156135072436e-28
"FILIP1L",4.85766182242475e-33,1.90645909439363,0.232,0.101,1.24900200778185e-28
"SH3BP5",5.48269988962388e-33,0.920836313704366,0.463,0.329,1.40971179562009e-28
"MALAT1",7.09317234030231e-33,0.302611007874694,0.999,1,1.82379647213853e-28
"TCEB2",8.57952682998978e-33,-0.287539081991262,0.884,0.94,2.20596793852697e-28
"NCOA4",9.11778887519687e-33,0.797753146234018,0.565,0.472,2.34436587559062e-28
"STOML2",1.12609505555597e-32,-0.892007544361992,0.324,0.457,2.8954156068455e-28
"RBX1",1.17638166480553e-32,-0.33311272508395,0.694,0.818,3.02471253654798e-28
"EAF1",1.18495767590012e-32,-0.704295160700851,0.161,0.295,3.0467631762744e-28
"ANP32E",1.39149698748983e-32,-0.778171029581848,0.194,0.334,3.57781705423385e-28
"C1S",1.43780405559095e-32,2.14044445408914,0.19,0.068,3.69688178773545e-28
"MRPL33",1.66037065474415e-32,-0.457447751829059,0.426,0.6,4.26914502747816e-28
"DNAJA4",2.4493836575312e-32,-0.590657628522158,0.316,0.485,6.29785526024423e-28
"YWHAB",3.48215945892299e-32,-0.407659979322595,0.699,0.824,8.95332840078279e-28
"DNMT1",4.03491811163278e-32,-0.779532058056965,0.169,0.302,1.03745814486302e-27
"RP11-345J4.5",4.04867386327997e-32,-1.00229140318479,0.076,0.174,1.04099502372655e-27
"HK2",4.06287292077669e-32,-0.872139651679683,0.141,0.267,1.0446458853901e-27
"CEACAM4",4.36509398712804e-32,-1.26648830714028,0.055,0.139,1.12235296597036e-27
"H2AFJ",4.44538245690738e-32,-0.45368107419663,0.467,0.628,1.14299673732003e-27
"PURB",4.52313948982885e-32,-0.961713613046012,0.101,0.211,1.16298962562479e-27
"CAPZA2",5.38827354820619e-32,0.577872329034445,0.736,0.698,1.38543289471478e-27
"PGD",5.74654923809663e-32,-0.659395730480943,0.291,0.451,1.47755274009941e-27
"A1BG",7.97808236846352e-32,1.146079249477,0.395,0.259,2.05132453857934e-27
"CELF2",8.55668366284004e-32,0.899544023418254,0.521,0.411,2.20009450338943e-27
"ZFAND5",1.00557224849614e-31,0.848545471454994,0.78,0.783,2.58552736533329e-27
"MAP3K8",1.04679503888063e-31,-0.662007347393774,0.451,0.598,2.69151940396987e-27
"APOE",1.06313461846785e-31,0.920096342351882,0.916,1,2.73353173100454e-27
"SLC2A6",1.33789223001308e-31,-1.14413166936045,0.068,0.16,3.43998850180962e-27
"LSP1",1.3621533127649e-31,-0.395939181580755,0.533,0.717,3.5023685977811e-27
"JAG1",1.60021928500109e-31,-1.4444937358393,0.033,0.101,4.11448382559481e-27
"KBTBD8",1.63673592428238e-31,-1.18357901549384,0.049,0.129,4.20837540851485e-27
"MTSS1",1.76861154940324e-31,1.31250600882598,0.293,0.155,4.5474540158256e-27
"MERTK",2.21296561745572e-31,1.4115654319715,0.28,0.144,5.68997719560216e-27
"SRGAP2B",2.36356107299237e-31,1.63455918702594,0.245,0.115,6.07718823087798e-27
"AOAH",2.79763539253327e-31,1.21794811716451,0.332,0.195,7.19328012128155e-27
"SPARCL1",2.95223206490639e-31,2.79978609344595,0.118,0.018,7.59077908528731e-27
"HSPA6",3.11529682027218e-31,-0.499196809060805,0.517,0.668,8.01005118428383e-27
"PFKP",3.22460367238362e-31,-0.864084835746197,0.078,0.176,8.29110096243276e-27
"WBP5",4.05121410241721e-31,-0.526692444127576,0.37,0.537,1.04164817001351e-26
"NPTN",4.64711894324735e-31,-0.799198552382478,0.107,0.219,1.19486722268776e-26
"TUBA1A",4.88203362855184e-31,-0.635199240570168,0.324,0.478,1.25526848657325e-26
"CCDC85B",5.47031560649546e-31,-0.660806729692455,0.332,0.485,1.40652754874211e-26
"QSOX1",6.34156345542917e-31,-0.756099467188492,0.148,0.273,1.63054279565995e-26
"MRPS6",7.09534745842291e-31,-0.519968288185832,0.399,0.572,1.8243557385097e-26
"HSPB1",7.88262976075613e-31,-0.335829839163022,0.88,0.945,2.02678176408562e-26
"PEBP1",8.95631744257166e-31,0.638502061040669,0.695,0.642,2.30284834083403e-26
"TSC22D2",9.59944007750967e-31,-0.711564255424947,0.176,0.312,2.46820803272929e-26
"SEC61B",1.01012191829931e-30,-0.395866681510669,0.737,0.849,2.59722547633118e-26
"CHCHD7",1.06293294675983e-30,-0.630947485122095,0.274,0.426,2.73301319270888e-26
"ATG3",1.37948936455058e-30,-0.525075291796872,0.436,0.601,3.54694305413246e-26
"CD163",1.66405636458112e-30,0.339131930473752,0.677,0.548,4.27862172461099e-26
"TMEM59",2.48327841979224e-30,0.468838587256607,0.813,0.787,6.38500547296981e-26
"CETP",2.60025115990744e-30,4.61472669393821,0.101,0.01,6.68576578235402e-26
"GCHFR",2.64452008307741e-30,-0.747455972027714,0.232,0.375,6.79959003760864e-26
"COX5B",3.39940084257248e-30,-0.296803445647201,0.873,0.93,8.74053944642237e-26
"C4orf3",3.87789254443098e-30,-0.254679415135519,0.762,0.883,9.97083731024095e-26
"SNRPB",3.93018825900908e-30,-0.547793060978337,0.555,0.687,1.01053000515641e-25
"MAPK13",4.82626875912828e-30,-1.01835392676792,0.053,0.134,1.24093022334706e-25
"LPXN",5.83395290626091e-30,-0.650657779884752,0.264,0.415,1.50002597125781e-25
"USP12",6.36994601766501e-30,-0.926012810704185,0.111,0.22,1.63784052006203e-25
"GNG11",6.95307786475138e-30,2.55324702529919,0.139,0.035,1.78777538058487e-25
"NCF2",8.44091037224777e-30,-0.547396545587844,0.386,0.546,2.17032687491235e-25
"NMB",9.06906715506347e-30,-1.25494298010219,0.082,0.178,2.33183854690992e-25
"GFRA2",1.3393089913279e-29,2.52652472007833,0.136,0.033,3.4436312785023e-25
"UCHL3",1.55215156835555e-29,-0.63099908607632,0.192,0.327,3.99089211255579e-25
"RAN",1.59303980225329e-29,-0.386056479687504,0.717,0.816,4.09602393955366e-25
"AIG1",1.99555510114026e-29,1.22846509766608,0.315,0.184,5.13097127605184e-25
"CSF1R",2.13899235864647e-29,0.785857152753466,0.539,0.433,5.4997771525518e-25
"TIMM13",2.4451310912112e-29,-0.46690826703586,0.514,0.656,6.28692106172224e-25
"ZFYVE16",2.62880574832399e-29,-0.897695147025905,0.194,0.321,6.75918534009063e-25
"HCLS1",2.64927190360978e-29,0.740427340159441,0.608,0.555,6.81180791856147e-25
"ST14",2.71524011988152e-29,-0.813751804326403,0.105,0.212,6.98142539623936e-25
"PDCD6IP",2.87035918618027e-29,-0.624245973155756,0.271,0.417,7.38026753950672e-25
"MTF1",4.73862493439367e-29,-1.17582599267238,0.052,0.131,1.2183952431313e-24
"TUBB6",5.19241144643494e-29,-0.853124559882588,0.113,0.221,1.33507283110735e-24
"ATP5J2",6.74810695141052e-29,-0.288993696333637,0.842,0.915,1.73507325934667e-24
"MRPS34",7.27963823523119e-29,-0.605822642078847,0.318,0.469,1.87174058304264e-24
"MESDC1",7.69811724838338e-29,-0.852708240807451,0.155,0.277,1.97933990690434e-24
"CHD4",9.93633062572179e-29,-0.71643677392824,0.175,0.303,2.55482933048559e-24
"EIF4A2",1.06153686654863e-28,0.485649171646079,0.754,0.7,2.72942359126983e-24
"MLLT4",1.13580323083705e-28,-1.07545439869894,0.05,0.127,2.92037726712822e-24
"GCH1",1.1687422520939e-28,-0.754028698596491,0.14,0.257,3.00507007858384e-24
"HDGF",1.29862463286228e-28,-0.706932808165253,0.148,0.271,3.33902365601548e-24
"IFI30",1.43813043339907e-28,-0.298982631737041,0.476,0.654,3.69772097035568e-24
"ERO1A",1.62479407497225e-28,-0.312225099655033,0.29,0.453,4.17767052556864e-24
"MSR1",1.72713390044732e-28,0.656989163602471,0.635,0.508,4.44080668483016e-24
"LRP12",1.74166938490281e-28,-1.30553398290318,0.04,0.11,4.47818032246209e-24
"OSM",2.17624888462415e-28,-0.873672181218498,0.164,0.286,5.59557113214561e-24
"CYBB",2.57668175351778e-28,-0.718047061825976,0.591,0.693,6.62516412464492e-24
"CYR61",2.70105637564693e-28,-1.10804939087182,0.068,0.155,6.94495615306339e-24
"CALR",2.8669811689479e-28,-0.42363157581825,0.759,0.85,7.37158198159885e-24
"FCN1",3.30780059064903e-28,-0.425496383589161,0.237,0.382,8.50501687867677e-24
"NDN",3.48759418032802e-28,-1.52004638481666,0.041,0.109,8.9673021564594e-24
"IL1R2",3.58894829508543e-28,2.51160377561143,0.15,0.046,9.22790385632365e-24
"PLXDC2",5.07244079981808e-28,-0.627106481831886,0.23,0.369,1.30422597844922e-23
"SRSF6",5.20495095027684e-28,-0.588987877726923,0.222,0.362,1.33829698833518e-23
"ARPC5L",5.31002441372369e-28,-0.687171475727707,0.19,0.321,1.36531347725663e-23
"C19orf43",5.69662116614277e-28,-0.370302849040414,0.587,0.743,1.46471523423863e-23
"FCER1G",5.69772963779906e-28,-0.251086516757905,0.975,0.986,1.46500024447089e-23
"LRRC75A",6.00532469969441e-28,-1.34943467919094,0.052,0.128,1.54408908678543e-23
"C7orf73",6.19102074566761e-28,-0.439016185675356,0.458,0.62,1.59183525412606e-23
"NFKBIE",6.55143997132068e-28,-0.499021360065616,0.245,0.392,1.68450624542597e-23
"MANF",6.66277832086461e-28,-0.51167855843804,0.388,0.551,1.71313356186071e-23
"LSM5",6.8181251122223e-28,-0.397798562246873,0.494,0.646,1.7530763288546e-23
"CFD",6.87358600902874e-28,1.10485747347699,0.538,0.429,1.76733643464147e-23
"DUSP4",7.00685696481626e-28,-0.941877794421279,0.116,0.223,1.80160306279356e-23
"OXSR1",7.281484657391e-28,-0.84613727851776,0.115,0.221,1.87221533510837e-23
"IGLV1-40",8.08613594841038e-28,-0.770885390811409,0.044,0.116,2.07910727505528e-23
"GLS",8.57919817119246e-28,-0.683256760604399,0.187,0.315,2.20588343377701e-23
"CRYL1",8.62828636505031e-28,1.20420857601449,0.301,0.175,2.21850499018173e-23
"SLC18B1",8.63852345261805e-28,1.72654650481535,0.176,0.065,2.22113715013715e-23
"IL32",8.71183518852055e-28,0.672296463346865,0.578,0.47,2.2399870636724e-23
"C2",8.76527934561506e-28,0.919329395643393,0.425,0.302,2.25372862534454e-23
"CDK1",9.4388309220232e-28,-0.720878623496702,0.076,0.167,2.42691220667061e-23
"HMGN1",1.1492653209853e-27,-0.455226144565984,0.629,0.763,2.95499099331741e-23
"RALY",1.17233243838846e-27,-0.499293481657838,0.373,0.525,3.0143011655844e-23
"ENO1",1.29535820019099e-27,-0.275097904946842,0.84,0.93,3.33062500433109e-23
"CFB",1.34649579615488e-27,1.96006434561395,0.187,0.076,3.46210999107343e-23
"GNG10",1.45649387063124e-27,-0.935069616579161,0.139,0.25,3.74493704016703e-23
"HES1",1.52936515550028e-27,0.851065806903479,0.491,0.361,3.93230368782232e-23
"TLE4",1.64075531695144e-27,-0.770674235085233,0.188,0.312,4.21871007094555e-23
"GPI",1.68133210589918e-27,-0.557748015089752,0.302,0.446,4.32304111068797e-23
"RBM17",1.69806953657013e-27,-0.521487213407499,0.339,0.492,4.36607639242911e-23
"DFNA5",1.744354815726e-27,-0.850992859059569,0.071,0.159,4.48508510219469e-23
"EPB41L2",1.75435600372244e-27,1.23009681506388,0.306,0.18,4.51080015677113e-23
"ZFY",1.99370973241566e-27,-1.12706768040353,0.056,0.134,5.12622646398715e-23
"SKI",2.44285357222865e-27,-0.876047319678071,0.073,0.162,6.28106510491431e-23
"CCDC152",2.79172133937164e-27,2.86655647619378,0.108,0.019,7.17807390779236e-23
"SDS",2.87900816768374e-27,0.997636147595288,0.353,0.217,7.40250580074843e-23
"CYB5R3",3.70769552976517e-27,-0.610654652676172,0.253,0.393,9.53322674613219e-23
"HEXIM1",4.13410861162113e-27,-0.724490530550924,0.168,0.29,1.06296200622003e-22
"FAM107B",4.56245641475539e-27,-0.491226137099373,0.22,0.358,1.17309879336191e-22
"BATF",4.59859345567788e-27,-0.889654441215522,0.104,0.204,1.1823903493239e-22
"LYZ",4.83962922222268e-27,-0.524377747235541,0.906,0.93,1.2443654656179e-22
"HIF1A",5.01302429889986e-27,-0.716784431820617,0.443,0.568,1.28894880773313e-22
"ITGB7",5.20864424943409e-27,-1.02012095006817,0.055,0.132,1.33924660941449e-22
"POLE4",5.92893755278679e-27,-0.585861057684238,0.349,0.496,1.52444842357254e-22
"CBX6",6.26034396314345e-27,-1.26889987205818,0.069,0.152,1.60965963980344e-22
"NAA38",9.52334378677908e-27,-0.443425443527335,0.479,0.626,2.44864215445664e-22
"SLC38A2",1.0134802171511e-26,-0.574286272931276,0.335,0.487,2.60586033433892e-22
"EIF4EBP1",1.03585065913151e-26,-0.569192793434031,0.421,0.565,2.66337921475894e-22
"EEF1E1",1.05441725423085e-26,-0.657196500833789,0.164,0.286,2.71111764407836e-22
"VDR",1.1085042829457e-26,-1.39541278872373,0.042,0.109,2.85018621230997e-22
"TSC22D1",1.11462588635212e-26,1.13109407243655,0.438,0.317,2.86592607898857e-22
"HCFC1R1",1.1844716065914e-26,-0.578966022502456,0.252,0.39,3.04551339486781e-22
"ACTR2",1.38390866574572e-26,-0.456391334198284,0.64,0.768,3.5583059613654e-22
"ID3",1.39829514358873e-26,-0.778635287970753,0.23,0.357,3.59529647319535e-22
"RHOB",1.67457751280156e-26,0.592762310214888,0.726,0.623,4.30567370091538e-22
"UBE2F",1.79624664717e-26,-0.589625157530419,0.302,0.447,4.61850937920351e-22
"LAMP2",1.818774573186e-26,0.625743474013662,0.618,0.533,4.67643318257585e-22
"BTG1",1.88148455745632e-26,-0.428890563707877,0.859,0.926,4.83767309413169e-22
"C12orf57",2.2635728219505e-26,-1.00139742109112,0.299,0.438,5.82009843979913e-22
"APOB",2.43708973442361e-26,1.48719921577506,0.257,0.141,6.26624512514999e-22
"ELP5",2.52398517989969e-26,-0.671566290120882,0.139,0.251,6.4896706945581e-22
"C8G",3.0103156798445e-26,2.31310534203228,0.132,0.037,7.74012367601619e-22
"GADD45A",3.26160927831828e-26,-0.800683691387209,0.193,0.314,8.38624977641197e-22
"RUNX1",3.34254685580733e-26,-0.7326014029693,0.187,0.309,8.59435647565181e-22
"DHRS9",3.68143337092578e-26,1.97069520810751,0.169,0.064,9.46570148332436e-22
"CD47",5.2415993181029e-26,-0.426054526349194,0.462,0.621,1.34772001667062e-21
"FOSL2",5.80309714352587e-26,-0.478882087970795,0.465,0.618,1.49209233754337e-21
"KCNN4",5.93416310132403e-26,-0.911191370978632,0.053,0.128,1.52579201661244e-21
"RP11-386I14.4",6.06687479598162e-26,-1.28209568532517,0.142,0.246,1.55991484754279e-21
"NDUFC2",6.75172434734098e-26,-0.370011960582178,0.605,0.738,1.73600336418831e-21
"PNPLA6",7.49410051363281e-26,-0.879234722438402,0.097,0.193,1.92688312406527e-21
"MDK",7.75719591465371e-26,-1.6521399404687,0.231,0.317,1.99453021357576e-21
"ACOT7",9.10449645912579e-26,-1.17592559919951,0.072,0.155,2.34094812957042e-21
"NAF1",1.01768904787996e-25,-0.966550404433717,0.076,0.161,2.61668207990895e-21
"NEDD8",1.02869704016109e-25,-0.306644325484786,0.764,0.86,2.6449858296622e-21
"POLR2L",1.07955950739306e-25,-0.27854900203919,0.832,0.899,2.77576340540902e-21
"PAH",1.16426668870345e-25,3.29492177663522,0.101,0.018,2.99356250999432e-21
"ASPH",1.18102345991052e-25,-0.719346973949144,0.205,0.329,3.03664752012193e-21
"PPM1N",1.18360284831208e-25,-1.68558516548913,0.052,0.124,3.04327964358003e-21
"CECR1",1.28189120428358e-25,0.764536250824374,0.471,0.352,3.29599866445393e-21
"RNF7",1.2858814500825e-25,-0.485680024195598,0.438,0.585,3.30625838445211e-21
"UBE2Q1",1.33614816956884e-25,-0.833875329651463,0.099,0.196,3.43550417359539e-21
"DUSP3",1.43410215828622e-25,-0.611898359059203,0.235,0.371,3.68736346938554e-21
"ZMIZ1",1.44972570343119e-25,-0.710263586215014,0.136,0.246,3.72753472866227e-21
"NDUFAB1",1.63899885285126e-25,-0.460194161376911,0.464,0.608,4.21419385045116e-21
"LAPTM4A",1.74556116345788e-25,0.474318247063318,0.787,0.772,4.48818686348289e-21
"C1orf122",2.22310292958816e-25,-0.687979286953686,0.224,0.352,5.71604225255708e-21
"DUSP6",2.30796379063835e-25,-0.755504432874481,0.221,0.35,5.93423649848934e-21
"APP",2.42308285808052e-25,-0.523741375096273,0.255,0.394,6.23023064469663e-21
"METRNL",2.58869019759005e-25,-0.535741440559822,0.262,0.405,6.65604023604353e-21
"RTN4",2.64117568346386e-25,-0.337478850517428,0.766,0.872,6.79099091732227e-21
"SLC39A4",2.8481081533494e-25,-0.741565653051293,0.117,0.219,7.32305568389197e-21
"BRD2",2.89852013645945e-25,-0.443595101692599,0.369,0.521,7.45267497486455e-21
"NME1",2.98427342238143e-25,-0.430475716299595,0.379,0.525,7.67316382362713e-21
"CLTA",2.99856429595326e-25,-0.37412446465294,0.674,0.793,7.70990851775501e-21
"ZC3H12A",3.34558357387334e-25,-0.442793298643626,0.292,0.445,8.60216448514314e-21
"PDIA3",3.43140673247599e-25,-0.316003752749373,0.661,0.809,8.82283299054226e-21
"SNRPD1",3.76770755722744e-25,-0.456273288743262,0.453,0.589,9.68752967114318e-21
"SF3B6",3.8351088358623e-25,-0.330694206133951,0.596,0.737,9.86083183876916e-21
"EIF4G2",4.09196179031658e-25,-0.374563447914602,0.632,0.761,1.0521252155262e-20
"ZFP36L2",5.02876932285395e-25,0.677052406258027,0.627,0.55,1.29299716829221e-20
"ENPP2",5.18992826603342e-25,-0.818231613444317,0.137,0.244,1.33443435576251e-20
"KLF9",5.26508598400984e-25,1.56392227742424,0.183,0.076,1.35375890820861e-20
"LYN",5.39809568275534e-25,-0.531930935059516,0.367,0.512,1.38795836195005e-20
"NUTF2",5.45187726353358e-25,-0.476241734214899,0.339,0.484,1.40178668199975e-20
"RAP2A",5.47439896275538e-25,-0.784576572341237,0.134,0.24,1.40757746130366e-20
"SRGAP2",5.92230057875182e-25,1.54417330327493,0.199,0.09,1.52274192480867e-20
"MARCKSL1",6.07706045581359e-25,-0.729791749673648,0.284,0.417,1.56253378439879e-20
"TNF",6.59930302701039e-25,-0.771680259703626,0.23,0.355,1.69681279430491e-20
"NQO2",7.1164364652727e-25,-0.578454425806561,0.251,0.39,1.82977814395092e-20
"PTPN2",8.96249755441989e-25,-0.592077754515056,0.256,0.387,2.30443737119244e-20
"KHK",1.15902333311248e-24,2.08581745499779,0.159,0.061,2.9800807940988e-20
"TAGAP",1.27934862395978e-24,-0.79768832216255,0.21,0.33,3.28946118192538e-20
"HNRNPAB",1.30008870478899e-24,-0.717892740083839,0.264,0.388,3.34278807775346e-20
"SNRNP25",1.44478973839246e-24,-0.634203604727152,0.177,0.297,3.71484337535469e-20
"PAFAH1B3",1.57335215834264e-24,-0.707439522299516,0.126,0.23,4.0454030695306e-20
"PCBP1",1.5744994327129e-24,-0.289262044674926,0.757,0.883,4.04835294139141e-20
"BIRC5",1.69823328148613e-24,-0.913881104640856,0.075,0.159,4.36649741335714e-20
"ZFP36",1.76987202777341e-24,0.538859739598239,0.829,0.811,4.55069495781099e-20
"GNAI2",1.9175567154693e-24,-0.359497995808375,0.594,0.737,4.93042182681467e-20
"GSTA2",1.93721042786415e-24,2.44018002455177,0.126,0.036,4.98095545212431e-20
"ATP6V1F",2.15697252595186e-24,-0.253446931532732,0.83,0.899,5.54600775872743e-20
"EMP1",2.16295521638426e-24,-0.794866513695654,0.135,0.24,5.5613904523672e-20
"UQCRH",2.18629394770529e-24,-0.298118221594713,0.814,0.885,5.62139899833985e-20
"RBBP6",2.25993740047742e-24,-0.798994444915666,0.206,0.327,5.81075104410755e-20
"MT2A",2.29752765650589e-24,0.469175455228473,0.877,0.832,5.90740311040794e-20
"CRELD2",2.42421594670534e-24,-0.723468939599975,0.17,0.284,6.23314404216878e-20
"TYMS",2.63332454835191e-24,-1.25375575743899,0.056,0.128,6.77080407872244e-20
"ACTN4",2.69730457688408e-24,-0.639358015931865,0.207,0.331,6.93530952808434e-20
"ARRDC2",2.73346521600997e-24,1.37693955002049,0.219,0.11,7.02828576340485e-20
"CORO1A",2.87216975451215e-24,-0.349512429229697,0.442,0.604,7.38492287280165e-20
"EVI2B",3.02947591134852e-24,0.664247851767889,0.568,0.48,7.78938846325931e-20
"LMO4",3.07397006112817e-24,-0.644329256131486,0.21,0.336,7.90379182117276e-20
"CCR5",3.51106650067338e-24,-1.04860448472709,0.05,0.12,9.0276541865314e-20
"FHOD1",3.84660863708093e-24,-1.26205474193799,0.046,0.113,9.89040012766248e-20
"PLA2G7",3.99553668517122e-24,0.740507906025659,0.46,0.338,1.02733239249122e-19
"SH3TC1",4.07457797054448e-24,1.56455858092043,0.182,0.078,1.0476554877864e-19
"CSRP2",4.29295596718093e-24,-1.2079810766753,0.041,0.105,1.10380483828156e-19
"KDELR2",4.47773082289874e-24,-0.408501889961137,0.534,0.678,1.15131414918373e-19
"LDHB",4.65452966378109e-24,-0.358601957589023,0.525,0.668,1.19677266715139e-19
"AURKAIP1",4.70583053260479e-24,-0.382513353312513,0.528,0.668,1.20996314654334e-19
"SKIL",5.01050938043299e-24,-0.483804554511723,0.259,0.394,1.28830217189693e-19
"IL4I1",5.14962344762442e-24,-0.25395188624836,0.248,0.392,1.32407118085319e-19
"UBE2M",5.16899775349194e-24,-0.658574532672408,0.091,0.182,1.32905270237785e-19
"RGS16",5.66432860317509e-24,-1.02810761873926,0.084,0.169,1.45641217044838e-19
"CKS2",5.80593551848984e-24,-0.438782063603102,0.544,0.689,1.49282214051411e-19
"AKR1B1",5.89831319156067e-24,0.902222702503988,0.537,0.459,1.51657428781408e-19
"NUDT5",6.15933836686281e-24,-0.599072008361425,0.266,0.396,1.58368908088777e-19
"RP2",6.21694602664926e-24,-0.671194802005775,0.127,0.232,1.59850116237206e-19
"MRPL28",6.3347282636705e-24,-0.52254305359774,0.258,0.391,1.62878533115496e-19
"C3AR1",7.10927135641013e-24,0.864282641005018,0.495,0.405,1.82793585116017e-19
"COX17",7.33211721531297e-24,-0.322223537725761,0.615,0.757,1.88523397840127e-19
"POLR2A",7.61216977683088e-24,-0.670070899938286,0.149,0.26,1.95724109301876e-19
"CLDN4",7.94727469658004e-24,-0.952058007692843,0.051,0.121,2.04340326998466e-19
"MT-ND6",8.06682130213743e-24,-0.593882144821297,0.239,0.367,2.07414109320558e-19
"BST1",8.72331598122498e-24,-0.845946409017013,0.075,0.156,2.24293900509257e-19
"RELT",9.10527146305375e-24,-0.878598701025478,0.108,0.203,2.34114739858038e-19
"OTOA",9.34540931998984e-24,1.08407902518032,0.332,0.217,2.40289164435579e-19
"TCEB1",1.02751811002205e-23,-0.352106601364043,0.565,0.704,2.6419545644887e-19
"PLIN3",1.20957685224964e-23,-0.567858698880672,0.227,0.353,3.11006400250427e-19
"HNRNPU",1.28640907682534e-23,-0.426179362594157,0.602,0.74,3.30761501833332e-19
"HNRNPC",1.31698719318054e-23,-0.281684104357904,0.773,0.862,3.3862374711058e-19
"ATP5L2",1.46292741446704e-23,-0.848790364725601,0.049,0.117,3.76147896807764e-19
"DCXR",1.54176376419719e-23,1.01929597894141,0.511,0.447,3.96418299050381e-19
"PID1",1.58482042569745e-23,1.54575782914564,0.163,0.063,4.07489027855328e-19
"QPCT",1.58585406335508e-23,-0.76562697226407,0.105,0.197,4.07754796769857e-19
"SOD1",1.59801944688356e-23,0.533368490996797,0.784,0.758,4.10882760182702e-19
"VEGFA",1.61791799149082e-23,-0.525927078912824,0.313,0.449,4.15999073972119e-19
"TMEM51",2.05375233883781e-23,-0.728359747495972,0.138,0.242,5.28060801361978e-19
"NUS1",2.0710780213473e-23,-0.758610881378327,0.134,0.237,5.32515580848818e-19
"RELB",2.10917211759923e-23,-0.664036053368514,0.16,0.271,5.42310334877115e-19
"RAB21",2.45475942070187e-23,-0.496856438660633,0.237,0.368,6.31167742250866e-19
"TMEM160",2.58087952590329e-23,-0.468681499710925,0.376,0.522,6.63595743700255e-19
"NAGK",2.71430692617516e-23,0.832105464477976,0.476,0.383,6.97902596858157e-19
"HSP90AA1",2.94554358894865e-23,-0.286881337156736,0.98,0.989,7.57358167590476e-19
"CMTM8",4.23686951999942e-23,-0.996642200321951,0.068,0.145,1.08938389098225e-18
"SCO2",4.29416535780489e-23,-0.568735113363985,0.178,0.295,1.10411579679879e-18
"FAM126A",4.34420451705695e-23,-0.78473786011881,0.083,0.168,1.11698186542568e-18
"ATP6V1H",4.69411436373289e-23,-0.544745736816287,0.269,0.396,1.206950685203e-18
"EIF2S2",4.71128106668001e-23,-0.335349642222831,0.641,0.768,1.21136458786476e-18
"ITIH2",5.40687682119556e-23,1.97709507972047,0.147,0.055,1.3902161682658e-18
"NUP62",6.60714268551833e-23,-0.620763492616327,0.175,0.288,1.69882852730047e-18
"PSMG3",6.61220121331125e-23,-0.686958690235742,0.15,0.257,1.70012917596659e-18
"CNIH4",7.12601424326528e-23,-0.343929003485186,0.361,0.506,1.83224078222837e-18
"ADORA3",7.20424470659622e-23,1.42640564880603,0.196,0.093,1.85235539896002e-18
"DDX21",8.51369882575317e-23,-0.519401043549863,0.446,0.585,2.18904224207766e-18
"CXorf40A",9.968324416153e-23,-0.823022577204398,0.089,0.175,2.56305557388126e-18
"CA2",9.99484363610519e-23,-1.1889438400882,0.165,0.267,2.56987419571537e-18
"ERP29",1.03107575107026e-22,0.507536584057687,0.671,0.618,2.65110197115185e-18
"HSBP1",1.05047778414691e-22,-0.336424186720835,0.697,0.785,2.70098847859854e-18
"PLAC8",1.08780206086605e-22,-0.875027814524326,0.123,0.219,2.79695665889878e-18
"HEXA",1.13066803169213e-22,0.626985212477588,0.564,0.477,2.90717364308681e-18
"ACTA2",1.39998920068502e-22,1.61301036908167,0.187,0.087,3.59965223280132e-18
"ANP32B",1.48435034148793e-22,-0.439564655331686,0.504,0.636,3.81656159803377e-18
"TUBB2A",1.58800748538402e-22,-0.802078480166741,0.135,0.234,4.08308484641939e-18
"TRIM28",1.61836361210484e-22,-0.666847129111215,0.128,0.229,4.16113651944396e-18
"RBPJ",1.889548245686e-22,-0.530806171626932,0.567,0.682,4.85840644930784e-18
"SLC44A1",1.98910988286211e-22,-0.745485144233448,0.146,0.248,5.11439933081505e-18
"PLXNC1",2.64219547417321e-22,-0.78190752821506,0.104,0.194,6.79361300319415e-18
"ACAP1",2.79392418411418e-22,-1.08320925957511,0.062,0.134,7.18373786219438e-18
"RNASEH2C",2.99999853502237e-22,-0.439871960050516,0.342,0.484,7.71359623324953e-18
"DCTPP1",3.12752415573801e-22,-0.653515302790888,0.161,0.269,8.04149010923358e-18
"RASGRP3",3.48851563720652e-22,-0.446914108860409,0.173,0.288,8.9696714063854e-18
"FKBP1A",3.73890207318424e-22,-0.314431800282176,0.759,0.841,9.61346501057132e-18
"CCZ1",3.83433204813683e-22,-0.628036818631311,0.156,0.264,9.85883456216943e-18
"KLHL21",3.98610993028708e-22,-0.95035383128511,0.072,0.148,1.02490858527541e-17
"VDAC2",4.2693924175852e-22,-0.36482289496654,0.586,0.712,1.09774617840951e-17
"NDUFS5",4.29034364902216e-22,-0.289421954317566,0.743,0.852,1.10313315903658e-17
"GZF1",4.40878354439394e-22,-1.00736380710925,0.077,0.155,1.13358642493457e-17
"GTSF1",4.56909287447015e-22,-0.93427242946671,0.077,0.156,1.17480515988377e-17
"CUL3",4.97337451527036e-22,-0.692852690154616,0.081,0.163,1.27875405536632e-17
"FBXL15",5.08226740118769e-22,-0.636956936523869,0.164,0.275,1.30675259419338e-17
"SARAF",5.2152347636967e-22,0.433597043374082,0.766,0.745,1.34094116244169e-17
"NDUFB3",5.92308347804365e-22,-0.332442133417204,0.52,0.666,1.52294322387458e-17
"CSF1",5.96589606670049e-22,-0.890332283995036,0.052,0.119,1.53395119667003e-17
"UBE2T",5.97251346354009e-22,-1.20277975999398,0.049,0.113,1.53565266174543e-17
"SLAMF9",6.07706664094609e-22,-0.326723599734864,0.099,0.192,1.56253537472006e-17
"METTL7A",6.41981330379446e-22,1.08355332434412,0.289,0.177,1.65066239667163e-17
"LMNB1",6.43254221938547e-22,-0.917653801708632,0.072,0.149,1.65393525544839e-17
"SCAMP2",6.80561048095632e-22,0.815161677050667,0.421,0.317,1.74985856686349e-17
"DUSP5",6.91102588293192e-22,-0.477580235123779,0.148,0.257,1.77696297501945e-17
"GLB1",1.09367501139271e-21,-0.882483473724239,0.267,0.369,2.81205718929293e-17
"CYTH1",1.13692462673946e-21,-0.611579469470455,0.202,0.319,2.9232606002725e-17
"C22orf39",1.18469343240681e-21,-0.630836624429176,0.151,0.257,3.04608375340439e-17
"EMC10",1.20730851300021e-21,-0.518355236028233,0.284,0.411,3.10423164862614e-17
"DEK",1.36013235357203e-21,-0.405138867678555,0.531,0.668,3.49717230750439e-17
"LINC00936",1.43919734468995e-21,-0.886189395600758,0.184,0.291,3.70046421266679e-17
"TMEM14C",1.46110867870113e-21,-0.318234223899938,0.574,0.71,3.75680263467634e-17
"RALGDS",1.54408693718773e-21,-0.785678345752688,0.157,0.261,3.97015633289709e-17
"POLR2F",1.55769448300753e-21,-0.540291249857344,0.431,0.552,4.00514405470895e-17
"EIF3J",1.714081162604e-21,-0.429981760743575,0.411,0.55,4.4072454852874e-17
"EXOSC3",1.92594010384462e-21,-0.709243711466077,0.129,0.225,4.95197719500529e-17
"ELF3",2.01145985772792e-21,-0.800922494936944,0.065,0.138,5.17186558619002e-17
"TXNDC17",2.11194827410729e-21,-0.381411592875011,0.415,0.559,5.43024140238466e-17
"SIRPA",2.18980401778294e-21,-0.477590734404475,0.273,0.401,5.63042409052351e-17
"WWP1",2.27267489649988e-21,1.1758287388424,0.234,0.129,5.84350169388048e-17
"PRKACB",2.46171795536492e-21,1.17081806532609,0.267,0.161,6.32956920683428e-17
"COPRS",2.46824467088412e-21,-0.534055799860248,0.217,0.338,6.34635069777725e-17
"PDCD6",2.52912816936207e-21,-0.45721469118479,0.35,0.486,6.50289434906376e-17
"PTGR1",2.58524092575078e-21,1.63029525743911,0.217,0.12,6.6471714682904e-17
"RCSD1",2.68224558773718e-21,1.12581674870318,0.262,0.155,6.89658985518982e-17
"SNHG9",2.81777205674812e-21,-0.678698984909627,0.132,0.23,7.24505551231077e-17
"GUK1",2.94150339249072e-21,-0.291006110581554,0.724,0.846,7.56319352277215e-17
"ARL4C",2.9705654244983e-21,0.616363480658968,0.532,0.423,7.63791781947002e-17
"CLDN3",3.17371911611901e-21,-1.26716073872068,0.058,0.125,8.1602665913652e-17
"CLTB",3.22560486535996e-21,-0.472484946221702,0.327,0.463,8.29367522981353e-17
"LINC01420",3.73089590264693e-21,-0.44403684718686,0.378,0.508,9.59287954488579e-17
"TRAPPC5",3.74259449892381e-21,-0.879884324393388,0.087,0.169,9.62295897563289e-17
"BBIP1",4.0449631413408e-21,-0.773892045956479,0.099,0.185,1.04004092290155e-16
"PAPSS2",4.08909176522973e-21,-0.706978638619766,0.132,0.23,1.05138727467587e-16
"CHPT1",4.31143419475503e-21,1.09034818232065,0.289,0.185,1.10855596015541e-16
"SLC31A2",5.2033353183571e-21,0.784953700900735,0.441,0.346,1.33788157705598e-16
"SAMM50",5.71679056439046e-21,-0.783828581331314,0.136,0.231,1.46990118991607e-16
"CYP3A5",5.98241540739458e-21,2.34516414274846,0.101,0.026,1.5381986495493e-16
"PFDN2",6.40633341203809e-21,-0.336246685773524,0.534,0.662,1.64719644690323e-16
"C16orf13",7.16669320740293e-21,-0.509802827596925,0.314,0.443,1.84270015748744e-16
"RP11-160E2.6",7.28212711853268e-21,-1.30250617718362,0.085,0.163,1.87238052471712e-16
"TM4SF1",7.86058208988522e-21,1.29375951784206,0.164,0.07,2.02111286695129e-16
"SET",8.14145167820617e-21,-0.361707197611664,0.632,0.75,2.09333005550037e-16
"NUSAP1",8.78155919175703e-21,-0.599533111682973,0.071,0.147,2.25791449938457e-16
"AC016831.7",8.80567878795523e-21,-0.788117326351138,0.098,0.182,2.26411612995905e-16
"SPTY2D1",9.71707795892035e-21,-0.713360008419062,0.131,0.226,2.4984550847976e-16
"PCK1",9.76255870393351e-21,1.67603530359688,0.146,0.058,2.51014909395539e-16
"FAM127A",9.78120727462912e-21,-0.641507393769854,0.144,0.245,2.51494401445264e-16
"DVL3",1.02351095541264e-20,-1.10850821652803,0.053,0.118,2.63165136855698e-16
"LILRA5",1.14423838383812e-20,-0.696227719407005,0.088,0.17,2.94206573252457e-16
"PDCD2",1.33780481903856e-20,-0.64776708419719,0.176,0.283,3.43976375071196e-16
"SFPQ",1.41428314783784e-20,-0.433658952210192,0.476,0.606,3.63640482972065e-16
"GARS",1.51341084175674e-20,-0.693751946816876,0.148,0.246,3.89128195632494e-16
"GSTO1",1.61234505879838e-20,-0.268940077698671,0.786,0.877,4.14566161518239e-16
"ATP5D",1.62505296504491e-20,-0.311661494816868,0.647,0.78,4.17833618372347e-16
"C8orf59",1.68989393351668e-20,-0.382343053795206,0.441,0.582,4.3450552818581e-16
"CENPN",1.7732095679291e-20,-0.797488149852032,0.063,0.134,4.5592764410593e-16
"RP5-1171I10.5",1.86023542785099e-20,-0.978670714482702,0.124,0.213,4.78303733209045e-16
"KCNQ1OT1",1.93263702338058e-20,-0.304401669064933,0.131,0.228,4.96919631451615e-16
"GAPLINC",1.99465330981397e-20,-0.850942279046674,0.046,0.108,5.12865259019367e-16
"SNF8",2.11435115041141e-20,-0.461886746794995,0.341,0.475,5.43641967793782e-16
"AC058791.1",2.2003994494855e-20,-0.692775467850445,0.075,0.151,5.65766706451711e-16
"HSD17B11",2.456353772207e-20,0.6145414142962,0.572,0.5,6.31577681909864e-16
"IL3RA",2.46385745417547e-20,-0.803504295053897,0.064,0.133,6.33507028617596e-16
"CACYBP",2.62348202801378e-20,-0.280634466879841,0.611,0.715,6.74549699042904e-16
"GAL3ST4",2.94811670300837e-20,-1.0244578182701,0.071,0.144,7.58019766677511e-16
"NME4",2.98793150687916e-20,-0.572149356020542,0.248,0.362,7.6825694904877e-16
"NPL",2.99030681874892e-20,0.704724778793249,0.483,0.394,7.68867689236721e-16
"IDH2",3.07385113904031e-20,-0.51191165765999,0.368,0.488,7.90348604870044e-16
"TUBB4B",3.07814126262907e-20,-0.411943737666901,0.453,0.569,7.91451681447186e-16
"MAGEF1",3.1161522390855e-20,-1.1042692648452,0.057,0.122,8.01225063713663e-16
"CTA-384D8.34",3.15960709599755e-20,-0.863425657384955,0.077,0.151,8.1239817652289e-16
"LPAR6",3.35244550089526e-20,0.953521380503968,0.316,0.207,8.61980787190188e-16
"CENPW",3.46627569687337e-20,-0.619609099897816,0.11,0.198,8.91248807180082e-16
"NFIA",3.49352111969141e-20,2.07140772254871,0.109,0.032,8.98254150295054e-16
"FAAP20",4.00184450035287e-20,-0.465605107392938,0.34,0.473,1.02895425793073e-15
"PYCARD",4.15981892747416e-20,-0.321807939560314,0.677,0.779,1.06957264263216e-15
"IRF2BPL",4.27842770323553e-20,-0.741149042798481,0.103,0.187,1.10006933105592e-15
"CD63",4.28828837583237e-20,0.316879536495391,0.965,0.976,1.10260470719402e-15
"BAZ1A",4.56456833611953e-20,-0.384263408798212,0.402,0.539,1.17364181058305e-15
"RAB34",4.81317223846748e-20,-0.514906872010587,0.199,0.311,1.23756284595476e-15
"CBX4",5.13100109334644e-20,-0.798822174375692,0.069,0.14,1.31928300112124e-15
"SURF4",5.33671488064182e-20,-0.515592045240779,0.223,0.339,1.37217613011063e-15
"FLT1",5.34595506631151e-20,-0.82391120131276,0.081,0.157,1.37455196665002e-15
"BLOC1S6",5.44600201905615e-20,-0.506412447617614,0.246,0.363,1.40027603913972e-15
"SAR1A",6.2646008791825e-20,-0.362309383555029,0.371,0.511,1.61075417805541e-15
"C17orf49",6.47866588920565e-20,-0.623065836079246,0.145,0.242,1.66579457343256e-15
"IL10RB",7.26536540605678e-20,-0.4081238967468,0.312,0.444,1.86807075320532e-15
"B4GALT5",8.18577473234462e-20,-0.451661328023142,0.146,0.246,2.10472639918045e-15
"SUMO3",8.30900756734186e-20,-0.345062675326077,0.488,0.625,2.13641202571494e-15
"TSPAN3",8.35302317255712e-20,-0.508782498323362,0.189,0.3,2.14772931812789e-15
"LYSMD2",8.88334133106292e-20,-0.563470011896177,0.243,0.359,2.2840847230429e-15
"IFI16",9.06706281559281e-20,0.624091081909195,0.568,0.481,2.33132319114522e-15
"TRMT6",9.37504442097457e-20,-0.843333415693387,0.065,0.134,2.41051142152098e-15
"TLE3",9.59886567734792e-20,-0.558733688024765,0.126,0.219,2.4680603429597e-15
"MRPL18",9.94881451309961e-20,-0.361524652958498,0.494,0.619,2.55803918760817e-15
"NR4A3",1.03003607524867e-19,-0.717900301062941,0.34,0.45,2.64842875667939e-15
"PPP1R14B",1.05321654133959e-19,-0.720796993422531,0.118,0.206,2.70803037109235e-15
"H2AFY",1.08846437231026e-19,-0.306285682255766,0.735,0.843,2.79865959408413e-15
"CCDC167",1.12878505330622e-19,-0.514875690187861,0.226,0.34,2.90233212906096e-15
"DPH3",1.14219701725239e-19,-0.495926755195949,0.232,0.348,2.93681697075934e-15
"ARL5B",1.18458795620727e-19,-0.339675881690786,0.283,0.413,3.04581255300013e-15
"KLHL6",1.19748770813242e-19,1.22698464678792,0.194,0.098,3.07898039515007e-15
"AMPD3",1.28275719047593e-19,-0.702726306489234,0.085,0.163,3.29822528815172e-15
"BZW2",1.43783259757896e-19,-0.605329948182355,0.161,0.264,3.69695517489503e-15
"IST1",1.44504104854239e-19,-0.512345743592074,0.24,0.356,3.71548954401218e-15
"GSTK1",1.59472070671055e-19,0.503771362462534,0.629,0.587,4.10034588109416e-15
"TSPAN13",1.82201381992091e-19,-1.16087022804864,0.092,0.171,4.68476193378064e-15
"AHCYL1",1.84800826298853e-19,-0.53737596060543,0.214,0.326,4.7515988457961e-15
"MYDGF",1.9067501539793e-19,-0.301739335069882,0.52,0.664,4.90263599591159e-15
"SPARC",1.99978667827117e-19,1.28407059595136,0.258,0.163,5.14185150717082e-15
"SKA2",2.1141398403974e-19,-0.517299662475941,0.144,0.24,5.43587635762979e-15
"BTBD7",2.23005361548717e-19,-0.896060290234454,0.085,0.161,5.73391385614061e-15
"SUSD1",2.2524766726171e-19,-1.12189098703282,0.048,0.107,5.79156802063308e-15
"SAMHD1",2.30379438706329e-19,-0.443025162453102,0.46,0.581,5.92351612801713e-15
"ATP5EP2",2.36102541304384e-19,-0.360843831718464,0.156,0.261,6.07066854201832e-15
"LLNLR-245B6.1",2.53538145134593e-19,-0.738254631491105,0.08,0.155,6.51897278770066e-15
"NXF1",2.90206521099968e-19,-0.563794323505371,0.157,0.255,7.46179007052237e-15
"CSRNP1",2.92125883689849e-19,-0.394966474554841,0.333,0.461,7.51114072143339e-15
"SULT1A1",2.92324919963961e-19,1.05458539341142,0.268,0.168,7.51625834211337e-15
"NDUFV2",2.97002756079794e-19,-0.372738265259095,0.591,0.701,7.63653486432365e-15
"CD109",3.16389916049697e-19,-0.6237747612848,0.079,0.155,8.13501752146981e-15
"TIPRL",3.37954416978098e-19,-0.467870871389933,0.248,0.367,8.68948396934087e-15
"POLD4",3.54106334684711e-19,-0.510178593849214,0.317,0.431,9.10478207741328e-15
"EIF3B",3.85185926767402e-19,-0.669237877937511,0.118,0.206,9.90390054904345e-15
"CYP1B1",4.01541880644338e-19,-0.960238439618267,0.072,0.142,1.03244448351272e-14
"MAP1LC3A",4.18575200639222e-19,-0.781890867317346,0.104,0.187,1.07624055588357e-14
"MCOLN1",4.21585985992998e-19,0.87896068625804,0.405,0.317,1.0839818871852e-14
"TIMM23",4.26193942547069e-19,-0.675767350520541,0.107,0.192,1.09582986507702e-14
"MAFB",5.10037157562298e-19,0.494093280117112,0.687,0.627,1.31140753952418e-14
"CDC20",5.36255421155113e-19,-0.892524820976058,0.045,0.103,1.37881993887403e-14
"NDUFA3",5.83905587049086e-19,-0.292784827791482,0.703,0.801,1.50133804542061e-14
"IER3",6.01779892261588e-19,-0.29474228207806,0.754,0.868,1.54729645898299e-14
"ARID5A",6.03867617252341e-19,-0.474523671168837,0.244,0.36,1.55266441747922e-14
"HIST3H2A",6.17877764860488e-19,-0.789621857493794,0.083,0.158,1.58868730900929e-14
"PAPSS1",6.36739699694212e-19,-0.480396839749124,0.239,0.355,1.63718511585376e-14
"PPP4C",6.62535307592141e-19,-0.344744213281199,0.464,0.601,1.70351078288091e-14
"CRTAP",6.80985235465616e-19,-0.438076545176544,0.391,0.517,1.75094923742919e-14
"MYH9",7.42125808490423e-19,-0.390739062861595,0.295,0.425,1.90815387879058e-14
"PRELID1",8.09107005853692e-19,-0.365375514204572,0.563,0.682,2.08037593345101e-14
"DOK3",8.31906775167292e-19,-0.838624009846069,0.092,0.169,2.13899870031014e-14
"BRI3",9.70118620058033e-19,-0.302622269778192,0.523,0.67,2.49436899589322e-14
"WDR26",9.99488392240691e-19,-0.475825845050064,0.203,0.313,2.56988455412927e-14
"TAX1BP3",1.13746669381e-18,-0.497353286686587,0.198,0.305,2.92465436312427e-14
"ACE",1.16488321451862e-18,-1.02449072706791,0.053,0.114,2.99514772117026e-14
"H2AFX",1.18130513282522e-18,-0.769805594515231,0.111,0.195,3.0373717575202e-14
"RP11-758H9.2",1.23079028203299e-18,-0.939540439392676,0.078,0.15,3.16460797316322e-14
"CXCL16",1.24065794825689e-18,0.464618804819007,0.64,0.574,3.18997971655811e-14
"SRP19",1.24298513207415e-18,-0.404190947384077,0.269,0.392,3.19596337158906e-14
"UGP2",1.25971528364807e-18,-0.412296789723532,0.491,0.614,3.23897993731593e-14
"ELK3",1.30325181591232e-18,-0.810367301128598,0.055,0.118,3.35092106907375e-14
"SRSF3",1.3103245344151e-18,-0.255516469731843,0.687,0.786,3.3691064428881e-14
"CALCOCO2",1.38042173279077e-18,0.934760724140804,0.3,0.199,3.54934035935162e-14
"GTF3A",1.57844546614752e-18,-0.354016378321457,0.468,0.602,4.0584989825585e-14
"KTN1",1.60590213098447e-18,-0.414280297357574,0.469,0.593,4.12909555918726e-14
"SPG21",1.6430800259392e-18,-0.346488910340161,0.506,0.637,4.22468736269488e-14
"CAPN2",1.74895020725334e-18,-0.538456162609031,0.152,0.248,4.49690077288978e-14
"PTPRO",1.91892560083653e-18,-0.805127407874721,0.066,0.133,4.93394150487089e-14
"RPS27L",1.986368474175e-18,-0.293620552365473,0.843,0.905,5.10735062079875e-14
"TBCB",2.00994035069204e-18,-0.371672244194495,0.387,0.524,5.16795862969937e-14
"CDK2AP2",2.05821986416289e-18,-0.481537907387513,0.261,0.377,5.29209491473561e-14
"GIMAP4",2.11229627066852e-18,0.77849409564286,0.406,0.31,5.43113617114289e-14
"PPP1R18",2.13529951961494e-18,-0.364496135698903,0.407,0.544,5.49028212483393e-14
"F2",2.30770432810428e-18,0.903185091937765,0.259,0.157,5.93356936842174e-14
"ISG15",2.42754795433686e-18,-0.448783497642553,0.589,0.697,6.24171130019094e-14
"PFDN6",2.44228139162534e-18,-0.466059222577079,0.264,0.379,6.27959391414708e-14
"CH17-373J23.1",2.47630662646184e-18,-1.44914222608902,0.058,0.12,6.36707959795867e-14
"NCOR2",2.51129169078799e-18,-0.742136422251604,0.118,0.203,6.45703319535407e-14
"CNN2",2.71876572901921e-18,-0.46008469224019,0.257,0.376,6.99049044245418e-14
"NAA10",2.7978285035277e-18,-0.463952940290089,0.306,0.425,7.19377664827041e-14
"SLC16A10",3.03871683023237e-18,-0.42641535297722,0.169,0.269,7.81314871389348e-14
"PTP4A1",3.08378686570321e-18,-0.368030407599759,0.453,0.583,7.9290327890961e-14
"SNRPB2",3.19024843054736e-18,-0.296441323914632,0.58,0.702,8.20276676462338e-14
"VIM-AS1",3.80577882064134e-18,-0.898883284787735,0.061,0.126,9.78541850363303e-14
"CSNK2B",4.24051285320778e-18,-0.300484060930517,0.599,0.716,1.09032066481679e-13
"RAB27A",4.27837931451699e-18,-0.831890121290426,0.075,0.145,1.10005688934861e-13
"PLEKHF2",4.32372177463238e-18,-0.576454094239201,0.153,0.247,1.11171534269348e-13
"PTGER4",4.50281964684413e-18,-0.649594626285423,0.268,0.376,1.15776498759656e-13
"ADAM9",4.5823812780447e-18,-0.574271164281194,0.261,0.37,1.17822187421085e-13
"SLC25A37",4.63023597361717e-18,-0.371514297214761,0.191,0.295,1.19052627353645e-13
"ACSL1",4.67094267216413e-18,0.63441745966746,0.484,0.388,1.20099277986684e-13
"COMMD7",4.83843025814582e-18,-0.424603519750082,0.259,0.379,1.24405718797445e-13
"ERH",4.96042904587093e-18,-0.277332075929839,0.652,0.755,1.27542551627433e-13
"POLR2I",4.99337095183111e-18,-0.375625977097166,0.364,0.49,1.28389553913482e-13
"PTPMT1",5.31314790828543e-18,-0.641901100415479,0.217,0.321,1.36611659017835e-13
"UBA1",5.33597879753736e-18,-0.604621932637217,0.171,0.269,1.37198686842281e-13
"SEC14L1",5.4717992673244e-18,0.880009488994273,0.364,0.267,1.40690902761445e-13
"FUCA1",5.62496179050502e-18,0.702119169790702,0.385,0.286,1.44629017557465e-13
"INSR",5.82726850171405e-18,0.960855405467932,0.182,0.095,1.49830727716072e-13
"KCTD20",6.05539337431095e-18,-0.456024687794043,0.149,0.246,1.55696274440283e-13
"MIDN",6.4189923605545e-18,-0.407001204541106,0.304,0.427,1.65045131574577e-13
"MTHFD2",7.59302536953661e-18,-0.324069648593618,0.393,0.533,1.95231868301525e-13
"PLG",7.76952786777602e-18,1.30701842448032,0.177,0.09,1.99770100536257e-13
"NEAT1",7.89665459436238e-18,-0.317989191623841,0.976,0.978,2.03038782930246e-13
"GRINA",8.0936148783381e-18,-0.324396048180632,0.586,0.71,2.08103025751829e-13
"PYURF",8.37533267515199e-18,-0.404548041866952,0.356,0.479,2.15346553743508e-13
"MALSU1",9.38909301049503e-18,-0.645319441969884,0.156,0.25,2.41412359485848e-13
"RP11-796E2.4",9.59340342958974e-18,-0.914584897845139,0.074,0.142,2.46665588981611e-13
"HNRNPD",9.6984400532026e-18,-0.436757703700998,0.333,0.454,2.49366290647945e-13
"SMPDL3A",9.75457505361742e-18,0.882240323342436,0.335,0.239,2.50809633778611e-13
"SNRPD3",1.05157342647531e-17,-0.322639311873361,0.423,0.546,2.70380559415333e-13
"RYBP",1.06131069482668e-17,-0.586153730867299,0.18,0.278,2.72884205853835e-13
"WSB2",1.06439518848835e-17,-0.799931978524715,0.092,0.167,2.73677290864126e-13
"WTAP",1.06912114589231e-17,-0.251490632435434,0.56,0.691,2.74892429031831e-13
"UBD",1.21587491347124e-17,1.05133144350317,0.168,0.081,3.12625757751726e-13
"LACTB",1.31512598810085e-17,-0.359068434547082,0.352,0.48,3.38145194060492e-13
"PCNA",1.34093733998546e-17,-0.507227709166753,0.206,0.307,3.44781808857061e-13
"CCND2",1.34485374387279e-17,-0.827425967775881,0.079,0.149,3.45788794624572e-13
"PTTG1",1.36323327280734e-17,-0.533452014551631,0.186,0.285,3.50514539104224e-13
"MB21D1",1.55013002435199e-17,-0.686218970475115,0.102,0.181,3.98569431861384e-13
"VASH1",1.59206352685329e-17,-1.04027478965833,0.046,0.101,4.09351374024517e-13
"KMT2E-AS1",1.59694364409738e-17,-0.970654601889256,0.092,0.165,4.10606149770317e-13
"C19orf53",1.62807623188022e-17,-0.255553734297851,0.645,0.772,4.18610960741043e-13
"TOMM5",1.66402433684764e-17,-0.41449461673863,0.204,0.313,4.27853937490266e-13
"CCT6A",1.70380509831701e-17,-0.393943448853531,0.415,0.531,4.38082366879269e-13
"F13A1",1.72778108742734e-17,-1.15533994216882,0.284,0.384,4.44247073199318e-13
"NHP2",1.77567195458504e-17,-0.313964779173222,0.384,0.517,4.56560772962906e-13
"SF3B5",1.77916249967206e-17,-0.2963062721559,0.603,0.716,4.57458261915681e-13
"SLC25A3",1.77966907945754e-17,-0.296754169399036,0.698,0.793,4.57588513710122e-13
"ZYX",1.77972609412782e-17,-0.372738747384566,0.434,0.562,4.57603173322144e-13
"LCP1",1.81594524249761e-17,-0.327919725622171,0.64,0.766,4.66915840750986e-13
"THOC7",1.83818161994656e-17,-0.361656477652637,0.352,0.482,4.72633258120658e-13
"PHF10",1.93857929226111e-17,-0.671424745321987,0.071,0.139,4.98447507626175e-13
"ZSWIM6",1.99652793015952e-17,-0.669080626588335,0.12,0.205,5.13347261402615e-13
"DOCK10",2.03581851098416e-17,-0.701102526241916,0.145,0.234,5.23449655544246e-13
"MTHFD1L",2.08834952867937e-17,-0.95338501485474,0.047,0.103,5.36956430814041e-13
"PTPN22",2.15145926684381e-17,-0.814879701841613,0.062,0.125,5.5318320669088e-13
"C12orf49",2.46883627335208e-17,-0.806793219163171,0.077,0.146,6.34787182604287e-13
"CDC26",2.57657951047989e-17,-0.319051329501233,0.26,0.378,6.62490123734588e-13
"FLOT2",3.0216091847019e-17,-0.655904203125421,0.104,0.183,7.76916153570553e-13
"JOSD1",3.21745523660449e-17,-0.556329506672979,0.189,0.29,8.27272090435747e-13
"TP53BP2",3.40360731442323e-17,-0.773976954840566,0.096,0.17,8.751355126845e-13
"LYAR",3.41803648931098e-17,-0.459920959924357,0.142,0.232,8.78845542131639e-13
"TWSG1",3.46641479966602e-17,-1.03879772767733,0.057,0.117,8.91284573290127e-13
"FAM49B",3.7739077428428e-17,-0.25751886428992,0.653,0.777,9.70347158839741e-13
"HNRNPL",3.81348428190885e-17,-0.560408631533438,0.186,0.283,9.80523078564403e-13
"GPR183",3.90443074751353e-17,0.416752774003149,0.782,0.711,1.00390723380068e-12
"DNAJB11",3.94614419303305e-17,-0.407549531168368,0.375,0.494,1.01463259491266e-12
"CCL7",3.97537855367624e-17,-0.356206965504725,0.049,0.105,1.02214933372124e-12
"IPO7",4.15219203541362e-17,-0.520032459080819,0.185,0.285,1.06761161614555e-12
"SPINT1",4.18793954661128e-17,-0.80978323149787,0.059,0.12,1.07680301622469e-12
"PIK3AP1",4.35880495418647e-17,-0.452944900947951,0.26,0.373,1.12073592982042e-12
"ETV3",4.4539584698957e-17,-0.619454779889601,0.181,0.279,1.14520180177958e-12
"SMARCD2",4.98041841876751e-17,-0.804817022895911,0.069,0.135,1.2805651838335e-12
"RBP1",5.02635699213495e-17,-0.926628954977269,0.052,0.109,1.29237690981774e-12
"LY86",5.42987628229341e-17,0.545001999179223,0.552,0.475,1.39612978970328e-12
"RGL1",5.58719875206858e-17,1.10787311356125,0.248,0.155,1.43658054313187e-12
"CBR1",5.62665139152281e-17,1.00112391290656,0.387,0.305,1.44672460578834e-12
"TOP2A",5.85233254049508e-17,-0.767378079835489,0.06,0.122,1.5047517428121e-12
"CFLAR",5.96780257991309e-17,-0.389623332700158,0.605,0.699,1.53444139934725e-12
"C1R",5.97177285732489e-17,1.85561834387712,0.11,0.041,1.53546223707538e-12
"MICA",6.24079614539425e-17,-0.811354582924033,0.071,0.137,1.60463350490377e-12
"CHKA",6.46251090893463e-17,1.36336609307106,0.156,0.076,1.66164080490527e-12
"GABARAPL2",6.50049773751298e-17,-0.28171118872375,0.556,0.69,1.67140797826934e-12
"CTD-3252C9.4",6.50991329708786e-17,1.14452346057709,0.256,0.165,1.67382890694723e-12
"MRPL4",6.97906091789839e-17,-0.556527550377168,0.181,0.278,1.79445614321004e-12
"PPIL1",7.21773560440457e-17,-0.87803380127905,0.058,0.118,1.8558241786045e-12
"MT1X",7.54381956631432e-17,-0.485153304788557,0.542,0.667,1.93966688689074e-12
"ZNF706",7.55870050591796e-17,-0.293990048323894,0.604,0.719,1.94349307408163e-12
"SOX4",7.75520689121979e-17,-0.314524103406687,0.183,0.28,1.99401879587043e-12
"KLF2",7.85523341271286e-17,0.965466743168761,0.379,0.277,2.01973761507673e-12
"FAM89B",8.10226911567221e-17,-0.977507918748242,0.077,0.143,2.08325543502164e-12
"CCL8",8.13267717519377e-17,-1.02958614165343,0.062,0.124,2.09107395528582e-12
"FMN1",8.13867719050356e-17,1.52106491627789,0.127,0.053,2.09261667922228e-12
"CREBL2",8.76777081469727e-17,0.741855308041385,0.366,0.271,2.25436923187496e-12
"EEF1G",8.76790987054041e-17,-0.402212130333721,0.386,0.498,2.25440498591335e-12
"RHOU",8.81128899017782e-17,-0.740380278967128,0.103,0.18,2.26555862515452e-12
"ZNF267",8.90732367640938e-17,-0.385635367834575,0.312,0.431,2.29025106367838e-12
"PPP4R2",9.11086123933918e-17,-0.429453911399438,0.21,0.315,2.34258464185889e-12
"MIR22HG",9.42904146016058e-17,-0.581505170599187,0.11,0.19,2.42439514023649e-12
"SERPINB1",1.00228241096858e-16,-0.270043512419509,0.568,0.698,2.5770685350824e-12
"PNPLA8",1.07113937932849e-16,-0.379051810572374,0.287,0.401,2.75411357212943e-12
"KDM7A",1.12729173003228e-16,-0.716166219991834,0.078,0.146,2.898492496259e-12
"JTB",1.13370781954124e-16,-0.285849508178608,0.556,0.685,2.91498954560444e-12
"GPNMB",1.16913291082371e-16,0.537351299886095,0.729,0.685,3.00607454030993e-12
"C20orf196",1.20341615247257e-16,-0.759436318324178,0.056,0.115,3.09422361123746e-12
"STARD4",1.20617160137822e-16,-0.81468266600001,0.075,0.141,3.10130842146369e-12
"HAUS2",1.23503988509987e-16,-0.650502789829305,0.097,0.172,3.17553455256879e-12
"MYD88",1.23529323734462e-16,-0.69607371601013,0.125,0.206,3.17618597186048e-12
"PPP2CA",1.25346900496409e-16,-0.377008968249783,0.363,0.488,3.22291950556366e-12
"EIF3E",1.2585743129276e-16,0.353344877600338,0.811,0.793,3.23604627339944e-12
"RNF13",1.28891527617148e-16,0.511842003007563,0.625,0.594,3.31405895809212e-12
"EHBP1L1",1.32996233839484e-16,-0.718248321573212,0.115,0.194,3.41959916448081e-12
"SYK",1.35242555421095e-16,-0.46731233679945,0.206,0.307,3.4773565849872e-12
"LINC01116",1.36741007915282e-16,-0.794363100040155,0.063,0.125,3.51588479551772e-12
"PTBP1",1.37665388187743e-16,-0.482173916819483,0.241,0.347,3.53965246108324e-12
"FCF1",1.45084162951235e-16,-0.670847788267503,0.093,0.166,3.73040399780216e-12
"SERPINB9",1.64772770309065e-16,-0.335900915466238,0.404,0.533,4.23663747018668e-12
"GPC3",1.75563673937683e-16,-0.713834690292373,0.116,0.194,4.5140931842857e-12
"RCN2",1.76983326674804e-16,-0.607596464596625,0.177,0.271,4.55059529546257e-12
"RAB31",1.77875361625694e-16,-0.394654608385781,0.539,0.648,4.57353129811985e-12
"MAP3K2",1.80174620615352e-16,-0.374680555427348,0.225,0.332,4.63264984526194e-12
"MOB1A",1.85871665341373e-16,-0.301297649743952,0.616,0.73,4.77913225925739e-12
"ESD",1.86591729808498e-16,0.600778666657131,0.52,0.446,4.7976465568361e-12
"VKORC1",1.92037349759614e-16,-0.340221708599651,0.486,0.601,4.93766433701919e-12
"DSTN",1.93033317937754e-16,-0.33536765824934,0.534,0.652,4.96327267081554e-12
"MAF",1.9954630658573e-16,0.48292524692577,0.488,0.394,5.13073463493228e-12
"MYOF",2.08413182322006e-16,-0.814467003309912,0.076,0.142,5.35871974386343e-12
"AHI1",2.14341337998499e-16,-0.758714656958035,0.072,0.137,5.5111444826174e-12
"CTSF",2.24086569438855e-16,1.38896739956208,0.151,0.073,5.76171387341185e-12
"SNRPA1",2.40016526328042e-16,-0.442578181595275,0.184,0.282,6.17130492494661e-12
"FEZ2",2.42850956104378e-16,0.803678646949307,0.392,0.31,6.24418378335576e-12
"FAM102B",2.5778000432859e-16,-0.712859447552754,0.069,0.133,6.6280394712967e-12
"CFH",2.59763222708246e-16,1.27372120468439,0.2,0.115,6.67903198227443e-12
"SNHG15",2.98138059743425e-16,-0.521803731397843,0.174,0.269,7.66572579212294e-12
"NME2",3.0165948860775e-16,-0.516340219853421,0.142,0.23,7.75626877108247e-12
"AC013461.1",3.19028800946282e-16,-1.0669036100801,0.085,0.153,8.20286852993081e-12
"C11orf31",3.33381482186505e-16,-0.260925779651523,0.637,0.762,8.57190466997942e-12
"HSPB11",3.84622758135775e-16,-0.315370010436866,0.335,0.456,9.88942035718705e-12
"NCBP2-AS2",4.02266432643095e-16,-0.632020253381444,0.104,0.179,1.03430745161193e-11
"DDB1",4.11922166147759e-16,-0.510248309250415,0.137,0.222,1.05913427359912e-11
"PHPT1",4.77231796824374e-16,-0.268293277687745,0.552,0.675,1.22705839599483e-11
"POLR2H",4.77806717984544e-16,-0.435862211697911,0.183,0.28,1.22853663328186e-11
"ZSCAN16-AS1",4.8378500453608e-16,-0.381437857359407,0.259,0.37,1.24390800366317e-11
"PTGS1",5.1633731749419e-16,-0.608547742192717,0.107,0.184,1.32760651074106e-11
"AGPAT2",5.22760487435557e-16,-0.445934579635442,0.242,0.349,1.3441217652943e-11
"PTTG1IP",5.53167681395476e-16,-0.438894273120305,0.344,0.462,1.42230474240405e-11
"SYNCRIP",5.69945135329876e-16,-0.408452603287439,0.28,0.39,1.46544293196018e-11
"RGS2",6.4272081741954e-16,0.421425363086855,0.735,0.681,1.65256376574912e-11
"RPIA",6.52672065979616e-16,-0.63889401048307,0.119,0.197,1.67815041604679e-11
"PDCD5",6.62320338210464e-16,-0.391393219074261,0.319,0.434,1.70295805360675e-11
"HMGN3",6.877253339932e-16,-0.343258849577112,0.507,0.624,1.76827937876332e-11
"PLPP1",7.38249902968097e-16,1.39270266694206,0.143,0.068,1.89818815051157e-11
"CAMTA1",7.46676869773594e-16,-0.299847445017098,0.451,0.576,1.91985556756186e-11
"EMC8",7.47601933908578e-16,-0.592962311725631,0.138,0.221,1.92223409246574e-11
"EIF1AX",7.4816590758244e-16,-0.337213321213722,0.459,0.583,1.92368418157597e-11
"SNAPC1",7.66438204033974e-16,-0.34540224557609,0.207,0.309,1.97066591021215e-11
"DCK",7.66543962408478e-16,0.734728414177455,0.344,0.25,1.97093783614468e-11
"SERPIND1",8.02869354702351e-16,1.45803952916616,0.163,0.086,2.06433768481068e-11
"MIR222HG",8.13346335175116e-16,-0.864616461084021,0.051,0.106,2.09127609700226e-11
"LRRC59",8.47300515765194e-16,-0.36031319665765,0.263,0.375,2.17857908613547e-11
"RAPGEF2",8.78791233830853e-16,-0.632298534409636,0.106,0.182,2.25954802042589e-11
"C16orf72",1.06822184091539e-15,-0.494357364418527,0.209,0.305,2.74661199736164e-11
"SMIM4",1.09999248769517e-15,-0.342908604165588,0.316,0.433,2.82830068436181e-11
"IVNS1ABP",1.1073912495785e-15,-0.357925056604457,0.367,0.485,2.84732438091624e-11
"EGFL7",1.11270519670204e-15,1.441627377296,0.181,0.101,2.86098760176028e-11
"SERTAD1",1.13340451801371e-15,-0.275589226788285,0.303,0.423,2.91420969671686e-11
"FGD2",1.13503153753031e-15,0.976518453435231,0.244,0.151,2.91839308929794e-11
"MRPL12",1.14130819734684e-15,-0.384496615775049,0.296,0.411,2.9345316370182e-11
"MORN2",1.23198146304571e-15,-0.803722832091209,0.076,0.14,3.16767073778314e-11
"TRA2A",1.42837493276523e-15,-0.300801699971789,0.29,0.404,3.67263762712596e-11
"RENBP",1.47066013397962e-15,0.811216615735371,0.352,0.265,3.78136133648839e-11
"LFNG",1.48691388089429e-15,-0.813616519267344,0.058,0.115,3.8231529705554e-11
"PDE4B",1.49964744741504e-15,-0.466427135657826,0.323,0.426,3.85589351679356e-11
"ZC3HAV1",1.5280387824464e-15,-0.640624437052198,0.292,0.394,3.92889331742618e-11
"LHFPL2",1.53220014399484e-15,-0.701303127552623,0.159,0.244,3.93959301023952e-11
"LEAP2",1.54720240308032e-15,1.75712641427398,0.174,0.098,3.97816681880011e-11
"UBA6",1.5552809649283e-15,-0.658618450561321,0.144,0.226,3.99893841702365e-11
"CNRIP1",1.6639249950504e-15,1.3312054515465,0.153,0.078,4.2782839472736e-11
"SRGAP2C",1.6834323631463e-15,1.06299757172534,0.225,0.138,4.32844129212176e-11
"EGR2",1.79532516427791e-15,-0.662790593562213,0.099,0.172,4.61614006239136e-11
"UAP1",1.87385659158208e-15,-0.628754536493894,0.115,0.192,4.81806006827585e-11
"LRRC8C",1.91476443663182e-15,-0.768040620136563,0.082,0.149,4.92324231946772e-11
"CTTNBP2NL",1.94340849665302e-15,1.17079526219316,0.172,0.091,4.99689192659425e-11
"BACH1",1.99695583828238e-15,-0.535743527210804,0.161,0.248,5.13457285139167e-11
"ALCAM",2.01263097700449e-15,-0.36588811716267,0.251,0.36,5.17487676807395e-11
"HK3",2.23250261684595e-15,-0.807483846649163,0.064,0.124,5.74021072843431e-11
"ARSA",2.27105500782826e-15,1.16591483042731,0.186,0.105,5.83933663612801e-11
"C3",2.31013986100015e-15,0.782706929953829,0.32,0.23,5.93983161060359e-11
"PPM1G",2.3290310409356e-15,-0.473037729970066,0.213,0.311,5.98840461245361e-11
"C10orf10",2.41615360322319e-15,0.952562957453001,0.167,0.088,6.21241414460745e-11
"HDAC1",2.45814932496246e-15,-0.518994647176026,0.136,0.219,6.32039354434347e-11
"UNC93B1",2.47452194434648e-15,0.793237023130698,0.33,0.242,6.36249082330368e-11
"APRT",2.56368743227029e-15,-0.263523452852765,0.665,0.76,6.59175312585336e-11
"MYL6B",2.61820747175588e-15,-0.499995820626868,0.132,0.214,6.73193505137872e-11
"FGGY",2.67226862064212e-15,1.61234340385193,0.121,0.053,6.87093707739502e-11
"SORT1",2.77111928175524e-15,-0.63542546089854,0.08,0.146,7.12510189724908e-11
"EIF1B",2.8745179588243e-15,-0.434383776254887,0.499,0.612,7.39096057572903e-11
"SSRP1",2.88409290169332e-15,-0.528241477268475,0.154,0.241,7.41557966883387e-11
"ICAM1",3.03690482929806e-15,-0.279840842868604,0.577,0.707,7.80848969709117e-11
"NARF",3.35312326786175e-15,-0.521017514512964,0.151,0.236,8.62155054632614e-11
"SEC24A",3.52795240762847e-15,-0.707657935171991,0.078,0.142,9.07107123049433e-11
"TOMM22",3.56084030516633e-15,-0.358772224744979,0.443,0.549,9.15563259264367e-11
"ARIH1",3.57784706129254e-15,-0.52559182999327,0.179,0.268,9.19936036399538e-11
"CLN8",3.60027215375058e-15,0.851052646106094,0.349,0.265,9.25701976172348e-11
"TGFBI",3.6771725965062e-15,-0.522632199812753,0.572,0.661,9.45474618013674e-11
"TTC19",3.72510149253075e-15,-0.613010911579327,0.131,0.21,9.57798095759507e-11
"ARHGDIA",3.8475622676477e-15,-0.274375031065478,0.526,0.646,9.89285210257576e-11
"CYC1",3.97804030509546e-15,-0.312861227159199,0.458,0.579,1.02283372324614e-10
"FCHO2",4.01072874175963e-15,0.914719253718348,0.245,0.159,1.03123857408124e-10
"TMEM176B",4.12060229781377e-15,0.405969916863441,0.695,0.627,1.05948926281388e-10
"DAPP1",4.15449673038061e-15,-0.881179118520531,0.12,0.194,1.06820419931546e-10
"CXXC5",4.21838196194086e-15,-0.605912968838937,0.125,0.203,1.08463037005423e-10
"MT-ATP8",4.30342883925501e-15,-0.293948873058784,0.155,0.244,1.10649762314925e-10
"STUB1",4.32629866225633e-15,-0.355355277124429,0.335,0.454,1.11237791203935e-10
"FADS1",4.49115200704794e-15,-0.877836004918088,0.085,0.151,1.15476500405217e-10
"CIRBP",4.54353296698628e-15,0.412009526659499,0.724,0.702,1.16823319647151e-10
"LYRM1",4.57986549481447e-15,-0.686102115629224,0.086,0.153,1.1775750160267e-10
"CDCA4",4.70053171083483e-15,-0.650386478835779,0.057,0.113,1.20860071348985e-10
"STK38L",4.72430832566765e-15,-0.542933434487498,0.142,0.224,1.21471415669567e-10
"UFM1",4.73997051921503e-15,-0.289566867367037,0.388,0.51,1.21874121990057e-10
"HIPK1",4.85292005145647e-15,-0.686347313337662,0.159,0.242,1.24778280363049e-10
"PSTPIP1",5.00088110139107e-15,-0.774737679947777,0.07,0.131,1.28582654878967e-10
"LAMTOR2",5.04902396292971e-15,-0.255107737201979,0.637,0.734,1.29820504134849e-10
"ARL2BP",5.53490571547001e-15,-0.363531346231768,0.205,0.306,1.42313495756165e-10
"CDC42EP2",6.11811701543251e-15,1.67071063793844,0.13,0.061,1.57309024700801e-10
"TCP1",6.32707682423356e-15,-0.365716333148695,0.438,0.547,1.62681799304693e-10
"SIGLEC12",6.51593527064763e-15,-0.732341663286674,0.055,0.11,1.67537727678892e-10
"PSME3",6.79125172379511e-15,-0.489713379969648,0.151,0.236,1.7461666432222e-10
"XRN2",7.23466697750388e-15,-0.309950072786427,0.338,0.457,1.8601775732558e-10
"NAA50",7.87112174766612e-15,-0.361417846091415,0.27,0.375,2.02382282375991e-10
"CDK4",7.98071460726122e-15,-0.466725633824291,0.222,0.32,2.05200133981901e-10
"PXMP2",8.21728479027715e-15,1.43933462549933,0.14,0.069,2.11282826527606e-10
"PHF19",8.58833205396309e-15,-0.880611115583022,0.058,0.113,2.20823193771499e-10
"PSTPIP2",9.05145647909883e-15,1.03269971034525,0.207,0.124,2.32731048990589e-10
"UNC13D",9.2281728933368e-15,-0.821856465937999,0.058,0.113,2.37274781433476e-10
"ZNF580",9.42997907302589e-15,-0.72485156924433,0.083,0.148,2.42463621925642e-10
"MTPN",9.5704259343564e-15,-0.324913717466605,0.412,0.524,2.46074791624172e-10
"DNTTIP2",1.023377133497e-14,-0.312333700639515,0.267,0.375,2.6313072856475e-10
"UBE2L6",1.04294049968517e-14,0.523404979888191,0.512,0.438,2.68160861279051e-10
"GGH",1.0920901427341e-14,1.87708789034379,0.245,0.171,2.80798217499792e-10
"TMEM251",1.13050318441125e-14,-0.344924823706929,0.205,0.303,2.9067497877582e-10
"HNRNPH3",1.19070313345945e-14,-0.358577490116607,0.287,0.398,3.06153589675095e-10
"NGFRAP1",1.25778538460853e-14,-0.416613195248191,0.379,0.477,3.23401778090546e-10
"SIGIRR",1.35343636578831e-14,-0.468005177849876,0.203,0.298,3.4799555837149e-10
"MPEG1",1.36986471371431e-14,0.561310924639261,0.448,0.358,3.52219615190222e-10
"GSDMD",1.4978952228124e-14,0.72873495376856,0.354,0.269,3.85138819689525e-10
"SLC25A6",1.50178780654433e-14,0.277894593137225,0.895,0.919,3.86139680818679e-10
"GAA",1.50891069358471e-14,0.735245847845524,0.37,0.291,3.879711175345e-10
"UBR4",1.54927535578606e-14,-0.437895405536618,0.128,0.207,3.98349679479711e-10
"LSM4",1.56095994021718e-14,-0.355054261312155,0.417,0.531,4.01354019828642e-10
"RING1",1.63777269259108e-14,-0.473482905164883,0.103,0.177,4.21104114719018e-10
"CTSZ",1.75325971301876e-14,-0.454449679881714,0.794,0.874,4.50798137411383e-10
"KHDRBS1",1.84502423844314e-14,-0.334421706787222,0.413,0.531,4.74392632188499e-10
"SSB",1.94438913232249e-14,-0.290068846449032,0.482,0.597,4.99941333702758e-10
"ANG",1.96155800260004e-14,0.689623676647507,0.303,0.209,5.04355793628523e-10
"SLC2A1",1.99109126541481e-14,-0.607347646008674,0.088,0.155,5.11949386163456e-10
"EGLN3",1.99122343244682e-14,-0.887146213119445,0.079,0.141,5.11983368950725e-10
"CTA-29F11.1",2.09457130751434e-14,-0.567317724886579,0.09,0.157,5.38556174588087e-10
"TMEM37",2.16459604399762e-14,0.812987648787643,0.301,0.215,5.56560934832668e-10
"CSF2RB",2.17761829702702e-14,-0.812337227449081,0.101,0.169,5.59909216531587e-10
"FAM207A",2.18823350526212e-14,-0.541398714777226,0.148,0.231,5.62638598872997e-10
"B3GNT2",2.32795467160307e-14,-0.514014697503817,0.169,0.257,5.9856370516258e-10
"TJP2",2.36480870340757e-14,-0.888985121701775,0.056,0.11,6.08039613820155e-10
"ARL14EP",2.4655926636647e-14,1.22370824350155,0.171,0.095,6.33953185681467e-10
"SLC6A6",2.56313669143499e-14,-0.444280815673241,0.128,0.207,6.59033706101765e-10
"RAC2",2.57930199031817e-14,-0.395844787225538,0.355,0.46,6.63190127750609e-10
"UBE2S",2.58082741378807e-14,-0.499278250425416,0.183,0.272,6.63582344633189e-10
"PTPN12",2.70856014216072e-14,-0.401739741655821,0.237,0.336,6.96424983752364e-10
"DCUN1D5",2.72727834790463e-14,-0.552492942432224,0.135,0.214,7.01237808813239e-10
"LGALS3BP",2.90424276886291e-14,0.550417080094093,0.484,0.41,7.46738900730031e-10
"CDKN2C",2.92000558916674e-14,-0.918371983731414,0.068,0.126,7.50791837086553e-10
"ADNP2",2.92526484467653e-14,-0.763113532453181,0.06,0.115,7.5214409686323e-10
"MGLL",3.16272486453143e-14,0.833925811723144,0.255,0.169,8.13199817168321e-10
"HK1",3.16761810533705e-14,-0.520548533235268,0.131,0.209,8.14457967244263e-10
"IRAK1",3.24083688068188e-14,-0.414369173133354,0.165,0.253,8.33283978760926e-10
"DPEP2",3.35473986470318e-14,1.42709545140277,0.12,0.054,8.62570714012483e-10
"BANP",3.40793273683158e-14,-0.72201311243699,0.077,0.138,8.76247665294135e-10
"IRF2",3.57578026481298e-14,0.93585392765265,0.272,0.19,9.19404621688714e-10
"BOLA3",3.67944383904423e-14,-0.341742375930552,0.214,0.315,9.46058599895053e-10
"AGT",3.8828638351593e-14,0.47708234712665,0.388,0.27,9.98361949296159e-10
"MIR3945HG",3.90871193394894e-14,-0.611352934916515,0.147,0.23,1.00500801245695e-09
"DPM3",4.17572190109255e-14,-0.3265100765415,0.279,0.387,1.07366161520892e-09
"DCAF13",4.44477922047775e-14,-0.446878765402158,0.148,0.228,1.14284163316924e-09
"PLEC",4.46781903907217e-14,-0.470121422537786,0.119,0.194,1.14876563132624e-09
"NDUFB10",4.49434428104764e-14,-0.274001130026314,0.554,0.677,1.15558580154297e-09
"PPP1R2",4.64691496149871e-14,-0.332766863042541,0.344,0.458,1.19481477490055e-09
"MPLKIP",4.76158472863497e-14,-0.324000668439721,0.284,0.396,1.22429866542662e-09
"TWISTNB",4.81472342741904e-14,-0.721208897032478,0.311,0.408,1.23796168765798e-09
"IER5L",4.97782717876188e-14,-0.857078847385521,0.069,0.127,1.27989892420325e-09
"PTP4A2",5.35379645279357e-14,-0.313089360572973,0.391,0.507,1.37656814394228e-09
"ACSL4",5.45889119080167e-14,-0.450177730802128,0.163,0.248,1.40359010297893e-09
"RHBDD2",5.57400515186847e-14,-0.513383916546853,0.203,0.293,1.43318820464842e-09
"ADAMDEC1",6.06766509842334e-14,1.70193429171037,0.154,0.084,1.56011805010661e-09
"EPS8",6.32027896835981e-14,1.2434021783736,0.155,0.083,1.62507012834467e-09
"RAB11FIP1",6.49120644748251e-14,-0.69235612965887,0.14,0.217,1.6690190017767e-09
"SULF2",7.00679608682325e-14,-0.737466456782694,0.08,0.14,1.80158740984399e-09
"ODF3B",7.01849627225823e-14,-0.445088521564414,0.202,0.294,1.80459576152304e-09
"VCP",7.11522351711235e-14,-0.391886991426274,0.275,0.379,1.82946627071993e-09
"ST20",7.20036163858424e-14,-0.816746602424841,0.057,0.109,1.85135698451278e-09
"WDR1",7.4064255749634e-14,-0.30195147084796,0.439,0.557,1.90434014383459e-09
"RPA3",7.60742606424841e-14,-0.324312698346263,0.324,0.433,1.95602138963955e-09
"BRD9",7.80016714197221e-14,-0.593670757999015,0.083,0.146,2.00557897554389e-09
"ANPEP",8.36642841656946e-14,-0.459344716884963,0.142,0.221,2.15117607446834e-09
"OSGIN1",8.7877747111041e-14,1.37936156826817,0.128,0.061,2.25951263371909e-09
"IMPAD1",8.86338404645898e-14,-0.659432398820307,0.103,0.172,2.27895330602553e-09
"NFIC",8.9923941342691e-14,0.943771724419257,0.245,0.165,2.31212437980327e-09
"CES2",9.45418317462177e-14,1.3249575048451,0.128,0.061,2.43085957785875e-09
"MTCH2",9.62243829837089e-14,-0.295374018658315,0.348,0.466,2.47412133527712e-09
"MED30",1.01733879884969e-13,-0.469936226009356,0.159,0.242,2.61578151960233e-09
"CYB5B",1.02313338268024e-13,-0.487869277178172,0.192,0.282,2.63068055354744e-09
"BANF1",1.03096527236187e-13,-0.267039225805391,0.516,0.619,2.65081790829685e-09
"ADCY3",1.05931621074421e-13,-0.74521997737822,0.061,0.115,2.72371384106552e-09
"UQCRFS1",1.20562931085998e-13,-0.259815940356945,0.437,0.565,3.09991408408318e-09
"SQRDL",1.20674199474767e-13,-0.278764505059583,0.386,0.502,3.1027750168952e-09
"MBD4",1.21728895855429e-13,-0.459196365556223,0.156,0.238,3.12989337023479e-09
"MZB1",1.22769788397433e-13,-0.836067901499373,0.051,0.101,3.15665679927481e-09
"CNN3",1.2350398095672e-13,1.48299908456532,0.13,0.065,3.17553435835918e-09
"KCNMA1",1.29581560937671e-13,0.885899035878469,0.293,0.211,3.33180109482941e-09
"TRIM26",1.31867393261918e-13,-0.637490655675378,0.09,0.155,3.39057441555044e-09
"RBBP8",1.32469757636726e-13,-0.617938276726346,0.094,0.161,3.40606240835551e-09
"SNAP23",1.34117749635878e-13,0.633147434016636,0.445,0.377,3.44843557863771e-09
"EIF6",1.34909552228395e-13,-0.368945037447464,0.472,0.572,3.46879440689649e-09
"IL10RB-AS1",1.38188363830785e-13,-0.562038397587131,0.102,0.169,3.55309921081715e-09
"COA4",1.51513595911736e-13,-0.446161690236573,0.236,0.327,3.89571757808255e-09
"UQCC2",1.52178569160043e-13,-0.265824896550335,0.382,0.497,3.91281537024304e-09
"RAB29",1.5521619706202e-13,-0.580948993177451,0.118,0.19,3.99091885885865e-09
"CKS1B",1.56691754027813e-13,-0.541215109322513,0.268,0.354,4.02885837956312e-09
"FLYWCH2",1.62502770721032e-13,-0.468823987229825,0.132,0.209,4.17827124077917e-09
"BCL2L11",1.64042538424356e-13,-0.604021183839918,0.126,0.199,4.21786174796703e-09
"RQCD1",1.67891329995342e-13,-0.454163682728851,0.161,0.244,4.31682187684022e-09
"EDEM2",1.73144847360073e-13,-0.368737594238955,0.15,0.232,4.45190031532219e-09
"JMJD1C",1.75097491323837e-13,-0.363502748392596,0.345,0.448,4.50210669691851e-09
"SNX2",1.76025923526567e-13,0.506316142313855,0.569,0.529,4.5259785457151e-09
"SLFN11",1.84372838778859e-13,-0.614331965280917,0.102,0.169,4.74059443068203e-09
"P2RY13",1.86103834721525e-13,1.34850448121544,0.138,0.071,4.78510179835986e-09
"NUTM2B-AS1",1.86546700572378e-13,-0.628170353999121,0.09,0.153,4.79648876511699e-09
"AKT1S1",1.97520054349265e-13,-0.717371599909399,0.101,0.167,5.0786356374283e-09
"TRAM1",2.03102801859476e-13,0.466349379642205,0.554,0.503,5.22217924141085e-09
"FIBP",2.04202194114512e-13,-0.291100776860222,0.323,0.433,5.25044681507234e-09
"SH3BGRL",2.05181612829473e-13,0.338403320027246,0.758,0.758,5.2756296290714e-09
"TMEM165",2.09751106409518e-13,-0.379833763722501,0.328,0.433,5.39312044800152e-09
"CLEC7A",2.12141814553226e-13,-0.318787595285909,0.447,0.554,5.45459033579255e-09
"FRMD4B",2.13534339863244e-13,0.632907864988494,0.378,0.295,5.49039494656373e-09
"GNL1",2.13766485476062e-13,-0.615046462953804,0.105,0.173,5.49636387456051e-09
"PLGRKT",2.15647031531464e-13,-0.287773441781941,0.218,0.317,5.54471647473699e-09
"AHR",2.24347427564147e-13,-0.432579306344813,0.223,0.317,5.76842105752935e-09
"NUFIP2",2.35881900053559e-13,-0.373106753199706,0.246,0.346,6.06499541417711e-09
"SRM",2.49509300788238e-13,-0.600781687916234,0.113,0.182,6.41538314186718e-09
"AKAP13",2.51433250645318e-13,0.67691964678732,0.452,0.392,6.46485174059243e-09
"CD59",2.54731544659126e-13,0.454843517243442,0.637,0.604,6.54965747627546e-09
"CHCHD5",2.55098154680758e-13,-0.31429531113774,0.283,0.388,6.55908375315166e-09
"ZC3H15",2.57786389567708e-13,-0.264509928731902,0.412,0.528,6.62820364856491e-09
"FMNL1",2.63638942315601e-13,-0.368106205267447,0.211,0.307,6.77868448481874e-09
"NUP58",2.7792366377864e-13,-0.410350031655009,0.17,0.255,7.1459732430764e-09
"RASGRP2",2.78827286144941e-13,-0.700329467714589,0.08,0.14,7.16920718135873e-09
"SLC39A7",2.81280884765024e-13,-0.51448913448524,0.141,0.217,7.23229410907829e-09
"TMEM70",2.85732052205782e-13,-0.330985916900928,0.362,0.47,7.34674252631506e-09
"NUDT16L1",2.97806953277732e-13,-0.632479882343785,0.103,0.171,7.65721238267705e-09
"VAPA",2.99242409940816e-13,0.363256748739675,0.747,0.736,7.69412084439826e-09
"TAPBP",3.04398800040032e-13,-0.303049091460534,0.48,0.598,7.8267019466293e-09
"GGCT",3.2108923895749e-13,-0.351445796824965,0.295,0.398,8.25584651207498e-09
"SASH3",3.24766092623343e-13,-0.65774144905982,0.081,0.141,8.35038577353139e-09
"MOAP1",3.2555715283122e-13,-0.83938284711362,0.063,0.117,8.37072551359632e-09
"LIMS1",3.31863869077808e-13,-0.284881480530358,0.625,0.711,8.53288380172859e-09
"CD164",3.39238747584856e-13,0.346789769326362,0.73,0.719,8.72250667790182e-09
"CSK",3.4693443601672e-13,-0.490748846534202,0.179,0.264,8.92037821886191e-09
"CLTC",3.51090922643587e-13,-0.337378979009242,0.355,0.463,9.02724980301192e-09
"ATP6V1A",3.74750887658607e-13,-0.352267274344486,0.307,0.413,9.63559482347811e-09
"MLEC",3.82872147959247e-13,-0.365637143219079,0.276,0.374,9.84440866832816e-09
"SRC",3.83436307432501e-13,-0.707799809760228,0.069,0.125,9.85891433670447e-09
"GANAB",3.84127436540049e-13,-0.442046152492538,0.163,0.245,9.87668464831774e-09
"IGSF6",3.8607289586694e-13,0.658369554571182,0.642,0.626,9.92670629853077e-09
"GIMAP2",3.8860111174091e-13,0.970723121925781,0.232,0.154,9.99171178508227e-09
"ELF1",3.97600792211203e-13,0.479290895486331,0.544,0.481,1.02231115693345e-08
"SELK",4.01667808325249e-13,-0.307412926251099,0.728,0.812,1.03276826876588e-08
"SMARCA4",4.08678291817741e-13,-0.584804405261905,0.101,0.167,1.05079362392178e-08
"HOTAIRM1",4.13161107143633e-13,-0.836688430118828,0.072,0.128,1.06231983868771e-08
"OPA3",4.17224660897472e-13,-0.663224844979382,0.073,0.13,1.07276804809958e-08
"IQGAP1",4.18192231613582e-13,-0.268153056263805,0.554,0.667,1.07525586592484e-08
"EXOSC6",4.49606486190057e-13,-0.807547606552348,0.062,0.115,1.15602819729187e-08
"NDUFAF6",4.75228509545641e-13,-0.558810676774864,0.068,0.124,1.22190754374375e-08
"CSRP1",4.95679822200193e-13,-0.429860145668103,0.17,0.253,1.27449195884114e-08
"ETF1",4.96454231568568e-13,-0.295520241624149,0.341,0.446,1.2764831202091e-08
"CNPY2",5.13197337225094e-13,-0.325804355148501,0.319,0.419,1.31953299347316e-08
"POLR3K",5.325274472442e-13,-0.608078592913006,0.112,0.18,1.36923457235429e-08
"FAM20C",5.41250126353859e-13,-0.559658459363726,0.091,0.154,1.39166232488104e-08
"LDLRAD4",5.68695195159278e-13,-0.696190248185891,0.151,0.226,1.46222908579354e-08
"PAICS",5.89880312879784e-13,-0.404559007018293,0.116,0.188,1.5167002604765e-08
"RMDN3",6.30679739816663e-13,-0.526387915996369,0.122,0.194,1.6216037470166e-08
"KLHL24",6.32539324693041e-13,0.880537454367295,0.216,0.138,1.62638511165075e-08
"XPOT",6.33252398728044e-13,-0.646001123239017,0.057,0.108,1.62821856760955e-08
"POLR3E",6.36685967652981e-13,-0.754400675318619,0.054,0.104,1.63704696002934e-08
"TMEM261",6.37987903448349e-13,-0.456470656129337,0.241,0.334,1.6403944973464e-08
"SFXN3",7.05722420831368e-13,-0.561988700643496,0.099,0.164,1.81455348844161e-08
"ATG101",7.33579372858822e-13,-0.493085119135517,0.17,0.251,1.8861792834946e-08
"GLTP",7.55937727417369e-13,-0.46042303306724,0.131,0.205,1.94366708473554e-08
"SEPN1",7.57248057103497e-13,-0.633916195741558,0.072,0.128,1.94703620442451e-08
"ARSB",7.58353781811914e-13,-0.847125057839567,0.061,0.113,1.94987924379479e-08
"MRPL14",7.7450253538635e-13,-0.369009332575998,0.387,0.486,1.99140091898538e-08
"KHSRP",7.87499966602251e-13,-0.48347951605143,0.129,0.203,2.02481991412771e-08
"SLC5A3",8.39113933769011e-13,-0.280936523197893,0.238,0.338,2.15752974650688e-08
"UBE2D2",9.02274864214619e-13,-0.268209129865699,0.438,0.559,2.31992913086863e-08
"ANKRD28",9.08943499934696e-13,-0.507333705476708,0.131,0.203,2.33707552703209e-08
"SAC3D1",9.43011220524224e-13,-0.772388399357848,0.054,0.104,2.42467045021189e-08
"NUPR1",9.58439208205557e-13,0.398472080118335,0.513,0.436,2.46433889213813e-08
"METTL7B",1.03289748393404e-12,1.72939598040316,0.1,0.043,2.65578601069121e-08
"SEMA4D",1.08539633431424e-12,-0.483878508616133,0.081,0.141,2.79077105478877e-08
"SERTAD2",1.12317943738437e-12,-0.485239892662069,0.14,0.215,2.88791896940269e-08
"MTX1",1.12692211809944e-12,-0.379784988500149,0.188,0.275,2.89754215005728e-08
"IFT27",1.13780506673779e-12,-0.576656621892881,0.096,0.16,2.9255243875962e-08
"IFT57",1.17029212505607e-12,-0.516982449470286,0.072,0.128,3.00905511194417e-08
"SLC25A39",1.18023856472535e-12,-0.357822292403057,0.335,0.438,3.03462939762182e-08
"TMEM107",1.2254434219997e-12,-0.935043897253302,0.161,0.236,3.15086012664562e-08
"H1FX",1.26639699518766e-12,-0.425910181251814,0.141,0.217,3.25615995402652e-08
"FTSJ1",1.31771393464826e-12,-0.864783223299605,0.056,0.105,3.3881060687676e-08
"CEPT1",1.33461079488596e-12,0.974735675410398,0.199,0.124,3.43155127581078e-08
"HMGB3",1.34571549464233e-12,-0.403348008339658,0.162,0.241,3.46010367982435e-08
"RAB20",1.37564200449401e-12,0.611205256522234,0.474,0.414,3.537050721955e-08
"SLC22A18",1.42431972654937e-12,1.05541753430583,0.188,0.115,3.66221088090374e-08
"UBE2K",1.43191211298777e-12,-0.326307932902649,0.286,0.385,3.68173242491414e-08
"TARS",1.44397937790871e-12,-0.413934094129718,0.144,0.22,3.71275977647889e-08
"AMD1",1.49437773495081e-12,-0.311645257413669,0.369,0.477,3.84234403210552e-08
"RPS19BP1",1.4965809607696e-12,-0.264710581637285,0.435,0.546,3.8480089663308e-08
"TIMM17A",1.49946894336976e-12,-0.320684642630362,0.307,0.406,3.85543454719232e-08
"C6orf62",1.5477642408993e-12,-0.350824169053477,0.393,0.503,3.97961141620028e-08
"RAB32",1.58484594042219e-12,-0.362658448225636,0.371,0.477,4.07495588201353e-08
"RER1",1.60105214905108e-12,-0.263627558045847,0.426,0.536,4.11662528564014e-08
"EIF2AK3",1.66797385445949e-12,-0.595377903840612,0.081,0.139,4.28869437458623e-08
"EIF4E",1.72948109358982e-12,-0.320205740252466,0.401,0.508,4.44684178783814e-08
"MAFK",1.83294200734791e-12,-0.689919567858566,0.065,0.117,4.71286048929293e-08
"IFNAR2",1.99989792655125e-12,-0.365515828790489,0.212,0.301,5.14213754874857e-08
"CCT2",2.04381867228945e-12,-0.296484991396906,0.317,0.417,5.25506657019065e-08
"SLC25A1",2.08266461107704e-12,-0.485876839503151,0.125,0.196,5.35494724800127e-08
"SCRN2",2.11289544681079e-12,1.47394939685489,0.115,0.055,5.43267677283989e-08
"MGP",2.15145537781504e-12,1.56385178249173,0.109,0.051,5.53182206743804e-08
"SHKBP1",2.2623314759529e-12,-0.355022830291327,0.244,0.338,5.8169066909701e-08
"LSM2",2.27747113757792e-12,-0.354399321761584,0.331,0.428,5.85583378894036e-08
"CDK5RAP3",2.29015913119043e-12,0.908727271737704,0.239,0.164,5.88845715811683e-08
"ARF5",2.39061247193139e-12,-0.323350955119199,0.373,0.483,6.14674278782999e-08
"DHX30",2.45457830373118e-12,-0.503583541119998,0.12,0.19,6.31121173455362e-08
"CDC37",2.49384120635108e-12,-0.295827309466569,0.439,0.542,6.41216450976989e-08
"SLC30A1",2.50140676963207e-12,-0.554385101889601,0.105,0.17,6.43161708607798e-08
"SLAMF8",2.60507329660484e-12,0.774144062711209,0.333,0.261,6.69816446023036e-08
"CTNND1",2.65133198522402e-12,-0.430895049744772,0.157,0.234,6.817104800408e-08
"MRPL42",2.65164632944141e-12,-0.260469186082169,0.233,0.33,6.81791304225975e-08
"ATF6",2.82835423767806e-12,0.909647775946432,0.289,0.215,7.27226441591784e-08
"BLVRA",2.84469129388886e-12,0.50670243276913,0.498,0.438,7.31427025484703e-08
"SEC61A1",2.89348893631456e-12,-0.373863210743689,0.18,0.263,7.43973875305199e-08
"AC093673.5",2.93523880149567e-12,-0.846453429361256,0.054,0.102,7.54708600640567e-08
"MGAT4A",2.9430269797129e-12,-0.383656614108713,0.261,0.353,7.5671109702378e-08
"ARMT1",3.03174497208922e-12,-0.47216376703814,0.138,0.213,7.79522267223581e-08
"ILF3",3.05839432296205e-12,-0.400244941342716,0.202,0.286,7.86374348320001e-08
"GPR155",3.0762547997561e-12,0.906242446036204,0.147,0.08,7.90966634113288e-08
"TBXAS1",3.1132143673169e-12,0.686430002472184,0.379,0.307,8.00469678124521e-08
"MRPL17",3.12135099570405e-12,-0.433982595762516,0.192,0.277,8.02561768015426e-08
"RABGEF1",3.2017624623099e-12,-0.581432504216477,0.064,0.117,8.23237164309121e-08
"NSA2",3.25477331728699e-12,-0.272414189841141,0.406,0.514,8.36867315340831e-08
"KLF7",3.26436697695317e-12,0.977863816018828,0.192,0.12,8.39334037114199e-08
"ETV6",3.30402132035542e-12,-0.441435557482827,0.138,0.212,8.49529961889785e-08
"ELOVL5",3.35970356280786e-12,-0.363348273628113,0.259,0.356,8.63846980069157e-08
"PSMB5",3.36027639378241e-12,-0.385390655451352,0.398,0.491,8.63994266369333e-08
"TNIP2",3.41117834223858e-12,-0.585045263767424,0.162,0.236,8.77082175356385e-08
"NKRF",3.43479628826332e-12,-0.703868827559036,0.075,0.13,8.83154821638265e-08
"MRPL13",3.44273774441947e-12,-0.273503819208391,0.33,0.436,8.85196728845135e-08
"IRF2BP2",3.50448384162028e-12,-0.370815345865327,0.455,0.56,9.01072885357406e-08
"KLF4",3.5046505815493e-12,0.444303985024698,0.616,0.554,9.01115757527957e-08
"GTF2A2",3.52461027616726e-12,-0.289268001054597,0.438,0.543,9.06247794208126e-08
"SNRPN",3.60606850862454e-12,0.816231425729324,0.252,0.176,9.27192334937543e-08
"APH1B",3.61681308191336e-12,0.924194444074108,0.253,0.18,9.29954979621564e-08
"SPON2",3.93420892718573e-12,1.29387402878168,0.138,0.076,1.01156379935799e-07
"TAF9",3.96966349162823e-12,-0.306770423137344,0.326,0.431,1.02067987696745e-07
"CLPTM1L",3.97803438687088e-12,-0.576890097216912,0.091,0.151,1.02283220155224e-07
"FLI1",4.22002414603815e-12,0.862368248369144,0.203,0.13,1.08505260842933e-07
"MCM7",4.2301884530252e-12,-0.594582778154894,0.086,0.144,1.08766605504184e-07
"CCL4",4.4301787631113e-12,0.471058106128269,0.804,0.789,1.13908756357118e-07
"PDGFC",4.50062272590285e-12,1.07227764553816,0.153,0.086,1.15720011528414e-07
"ZBTB10",4.51410955740812e-12,-0.567532654917932,0.118,0.185,1.16066784940078e-07
"SVBP",4.757606642175e-12,-0.322781993677034,0.2,0.288,1.22327581983604e-07
"REEP3",4.80003981120761e-12,-0.391603053213201,0.201,0.286,1.2341862362577e-07
"RPS6KA3",4.99869640278622e-12,-0.540425709534674,0.126,0.194,1.28526481908439e-07
"SEC62",5.0458219789672e-12,0.339958482162053,0.731,0.699,1.29738174723205e-07
"DHX9",5.17769465903211e-12,-0.425404723921693,0.129,0.201,1.33128885073034e-07
"PLBD1",5.70850529808426e-12,-0.426004704389867,0.247,0.336,1.46777088224343e-07
"UFD1L",5.8851808262577e-12,-0.339791576801615,0.247,0.338,1.51319769404738e-07
"TAF13",5.99183980668751e-12,-0.443093456442738,0.112,0.179,1.54062185109549e-07
"MGAT1",6.07896142920639e-12,0.437746410562251,0.661,0.649,1.56302256267755e-07
"TOB1",6.21066398733297e-12,-0.319843622832853,0.251,0.343,1.59688592442305e-07
"BAG1",6.49961761562801e-12,-0.375996365822031,0.32,0.415,1.67118168133027e-07
"UBL3",6.52487325624951e-12,-0.409617659140811,0.212,0.298,1.67767541164687e-07
"INO80C",6.67507388720642e-12,-0.445525479470365,0.11,0.176,1.71629499787851e-07
"SUCLG2",6.89995591419088e-12,0.74968019093762,0.293,0.219,1.77411666465676e-07
"PARVB",7.51651062934077e-12,-0.328295620371016,0.257,0.351,1.9326452130161e-07
"TRIP10",7.60333208806257e-12,-0.76108955019512,0.066,0.117,1.95496874648265e-07
"AK1",7.6221009798768e-12,-0.697154486999698,0.093,0.153,1.95979460394592e-07
"CXCL9",7.86264800196381e-12,-1.03782902062396,0.16,0.234,2.02164405426494e-07
"WDR54",7.869667490546e-12,-0.502263342127555,0.069,0.122,2.02344890516919e-07
"ADGRE5",7.8780374169506e-12,0.769470304035839,0.32,0.245,2.02560098064634e-07
"TRAPPC2P1",7.90489788635686e-12,-0.472038968197929,0.129,0.199,2.03250734454007e-07
"DYNLL2",8.38774089924556e-12,-0.551022991105818,0.11,0.174,2.15665594001402e-07
"MBNL1",8.94948997529437e-12,-0.313659439255669,0.398,0.504,2.30109286244769e-07
"INTS6",9.1280621862031e-12,-0.271749366159071,0.183,0.267,2.34700734931654e-07
"PLA2G16",9.27306371568605e-12,0.865239508940595,0.248,0.176,2.3842901425772e-07
"MRPS12",9.57617799416936e-12,-0.311247495489661,0.241,0.332,2.46222688586083e-07
"ATP11B",9.63127242077331e-12,-0.74905210757914,0.057,0.105,2.47639276482923e-07
"USPL1",9.71831788960812e-12,-0.657454418069221,0.063,0.113,2.49877389577604e-07
"PGP",1.03093345829622e-11,-0.515940866411045,0.128,0.196,2.65073610797124e-07
"ASAP1",1.0510382978705e-11,-0.39527201376727,0.199,0.285,2.70242967148462e-07
"PTPN7",1.06068761734056e-11,-0.577086231109711,0.1,0.161,2.72724000170606e-07
"CCNB1",1.06416714672461e-11,-0.392119231875725,0.056,0.105,2.73618656765831e-07
"CACNA2D4",1.06437953299349e-11,-0.602358319017528,0.07,0.124,2.73673265523285e-07
"WDR11",1.10840693623705e-11,-0.4871178277549,0.113,0.179,2.84993591445269e-07
"C7orf50",1.11572825800055e-11,-0.324195121411661,0.32,0.423,2.86876049697102e-07
"FRMD4A",1.1207474637292e-11,1.00379177428832,0.2,0.131,2.88166587874053e-07
"MZT2B",1.130314429625e-11,-0.262126935220022,0.528,0.637,2.90626446145179e-07
"LPCAT2",1.14611239655389e-11,-0.44508309417692,0.171,0.247,2.94688419401937e-07
"ATXN10",1.17333789069982e-11,-0.392756077458632,0.244,0.33,3.01688638456738e-07
"NIP7",1.22731786039512e-11,-0.504275885874745,0.091,0.15,3.15567968264793e-07
"ARID3A",1.33925177883214e-11,-0.462788868319946,0.112,0.178,3.44348417373319e-07
"RWDD4",1.34595809301505e-11,-0.517155432728296,0.121,0.188,3.46072744876028e-07
"FAM49A",1.35368934636757e-11,0.582437704048187,0.387,0.311,3.48060604738029e-07
"RP3-395M20.12",1.37166784646164e-11,-0.884782609309673,0.063,0.112,3.52683236682217e-07
"DYNC1I2",1.45798088128027e-11,-0.27511758321494,0.44,0.54,3.74876044194782e-07
"SERPINB8",1.48836073556786e-11,-0.327855199928379,0.103,0.166,3.82687312329207e-07
"MCM3",1.50328092131488e-11,-0.64249317492691,0.078,0.133,3.86523590488481e-07
"METTL5",1.51817824803646e-11,-0.30349776788976,0.236,0.326,3.90353991135134e-07
"BCL3",1.53410321753184e-11,-0.411907100954155,0.129,0.199,3.94448619291787e-07
"CMIP",1.5355310379456e-11,-0.374798370453894,0.185,0.267,3.94815740476573e-07
"PDGFB",1.53837456384271e-11,1.55356094236349,0.107,0.051,3.95546867855237e-07
"TAB2",1.59368670080644e-11,-0.475819430932344,0.134,0.204,4.09768724511351e-07
"PPP1R16A",1.5978072950816e-11,1.21285823962313,0.173,0.108,4.1082821171138e-07
"GMNN",1.67010485349511e-11,-0.495800311706696,0.12,0.186,4.29417359930663e-07
"CS",1.70026663810264e-11,-0.456264721339643,0.123,0.191,4.3717255798895e-07
"EMC6",1.73763885107364e-11,-0.315598289032818,0.22,0.309,4.46781701388053e-07
"SAP30",1.77673799917306e-11,1.26417084294459,0.136,0.075,4.56834874347377e-07
"DUT",1.78236433834509e-11,-0.389408906279022,0.392,0.488,4.5828151867529e-07
"PLEKHB2",1.78817294754925e-11,-0.266280574934855,0.463,0.573,4.59775028273862e-07
"AFF4",1.81846376687489e-11,-0.376774459987904,0.26,0.353,4.67563403738872e-07
"TP53",1.83009449926365e-11,-0.424251719220456,0.102,0.165,4.7055389765067e-07
"PRDX2",1.84007344101062e-11,-0.437997728857386,0.389,0.474,4.73119683152651e-07
"DOT1L",1.93917027985472e-11,-0.80259669867574,0.055,0.102,4.98599462356245e-07
"CNOT1",1.9513234960109e-11,-0.414793769249778,0.131,0.201,5.01724297294322e-07
"PIGX",1.95174365379679e-11,-0.668401801948032,0.072,0.124,5.01832328264231e-07
"TFPT",1.96698087308265e-11,-0.306007668295921,0.285,0.381,5.05750122087011e-07
"FAM104A",2.00470211912788e-11,-0.48369387746833,0.12,0.186,5.15449008870161e-07
"BIRC2",2.01333341933506e-11,-0.406119864142842,0.244,0.33,5.17668288779431e-07
"SCP2",2.08376650810083e-11,0.393232752063807,0.621,0.599,5.35778044562885e-07
"GAR1",2.11962936520481e-11,-0.56325705106592,0.09,0.148,5.4499910238146e-07
"DPYSL2",2.14346201094213e-11,-0.391112603331375,0.386,0.475,5.51126952253441e-07
"SSU72",2.23408943170353e-11,-0.270383610594026,0.439,0.546,5.74429074679611e-07
"PLIN2",2.32574423597863e-11,0.448030477543896,0.877,0.808,5.97995357954824e-07
"RPL36A",2.34807460036159e-11,-0.257902536415064,0.953,0.97,6.03736941244973e-07
"CDKN3",2.36146617672633e-11,-0.695824104276816,0.059,0.107,6.07180183359875e-07
"C19orf24",2.39291401286384e-11,-0.340145725601377,0.354,0.456,6.1526605098755e-07
"ANKRD10",2.44980704086971e-11,-0.37504632595654,0.201,0.282,6.2989438634842e-07
"ZBTB1",2.45607503006684e-11,-0.433512286910345,0.164,0.239,6.31506011730786e-07
"ACLY",2.45621709599989e-11,-0.411820626008099,0.123,0.191,6.31542539723491e-07
"NCBP2",2.49353785166532e-11,-0.321823927174445,0.235,0.325,6.41138452420187e-07
"FAM46A",2.54395808826409e-11,-0.762064963601494,0.235,0.31,6.54102503654462e-07
"EVL",2.55255409381087e-11,0.583673810147286,0.366,0.294,6.56312708600652e-07
"PKIB",2.58499418661964e-11,-0.931525872862637,0.136,0.203,6.64653705263643e-07
"VAMP5",2.66415254728902e-11,0.286028456904626,0.661,0.606,6.85006902958954e-07
"ARID4B",2.7051572319022e-11,-0.375989463893729,0.258,0.348,6.95550027466694e-07
"GADD45G",2.78028630378583e-11,-0.561415054967858,0.221,0.304,7.14867214429412e-07
"PRKCDBP",2.78830567617813e-11,-0.68013260320296,0.068,0.119,7.1692915545892e-07
"DHX15",2.83084171570579e-11,-0.415554421480679,0.167,0.243,7.27866021942273e-07
"MCMBP",2.87448750967402e-11,-0.43455752350728,0.125,0.194,7.39088228487385e-07
"N4BP2L2",2.90458998135032e-11,0.583336480234762,0.463,0.402,7.46828176004795e-07
"RANBP9",3.04620780035647e-11,-0.55329907703033,0.075,0.128,7.83240949627656e-07
"ANKRD22",3.06599115178218e-11,-0.47607968915638,0.157,0.231,7.88327644946233e-07
"SLC25A13",3.10917152197270e-11,-0.559120628768651,0.08,0.136,7.99430181729622e-07
"IL17RA",3.27338232769878e-11,-0.444266909185414,0.083,0.14,8.41652064097909e-07
"ESYT2",3.37960883106698e-11,-0.580626754118186,0.083,0.138,8.68965022643943e-07
"STX7",3.49754119552724e-11,0.554311048812321,0.444,0.388,8.99287792193964e-07
"RCC2",3.63400392074526e-11,-0.537824673043658,0.11,0.174,9.34375088102022e-07
"NFKBIB",3.6454353849211e-11,-0.533388071860464,0.123,0.188,9.37314346170914e-07
"BASP1",3.69609080729372e-11,-0.379265904503392,0.44,0.543,9.50338868371361e-07
"SQSTM1",3.76045928103385e-11,0.57266616336921,0.705,0.718,9.66889290339423e-07
"PIK3R1",4.16490530666486e-11,0.90683573578715,0.22,0.149,1.07088045244967e-06
"ELAVL1",4.19722932526858e-11,-0.341965517997372,0.233,0.32,1.07919160411306e-06
"TEX30",4.20737217592808e-11,-0.379421342021827,0.099,0.16,1.08179953387463e-06
"PABPC4",4.33272228209138e-11,0.46236243263156,0.561,0.518,1.11402955317134e-06
"CPD",4.36920764534784e-11,-0.345160067594908,0.102,0.164,1.12341066977184e-06
"MAPK1",4.4023514823376e-11,-0.312629975297843,0.223,0.311,1.13193261313864e-06
"LGALS3",4.63035755255402e-11,0.339466426633982,0.776,0.757,1.19055753391269e-06
"SSH1",4.73062882712655e-11,-0.597018759893029,0.062,0.111,1.21633928403078e-06
"TNFRSF21",4.85358599683751e-11,1.03778212084262,0.194,0.128,1.24795403150686e-06
"CYP27A1",4.90630782195721e-11,0.773634666738193,0.218,0.147,1.26150986718164e-06
"ISG20L2",5.12071874031443e-11,-0.440020715630462,0.126,0.193,1.31663920250965e-06
"ARRB2",5.14593347380742e-11,0.446855896586717,0.542,0.497,1.32312241478536e-06
"TMX4",5.34252675015712e-11,-0.47251656852471,0.136,0.204,1.3736704780004e-06
"SS18L2",5.51679137252111e-11,-0.319532753475058,0.261,0.35,1.41847739770263e-06
"MPZL1",5.67323512301374e-11,-0.423289537014226,0.131,0.199,1.45870221482929e-06
"MBOAT7",5.7057413081084e-11,-0.335978379510326,0.179,0.257,1.46706020514083e-06
"TMEM41B",5.89007867761314e-11,-0.516828059942373,0.105,0.165,1.51445702958789e-06
"CUL4A",6.17824745442431e-11,-0.494668783483914,0.111,0.173,1.58855098548158e-06
"RUSC1",6.19798363635406e-11,-0.69685198567743,0.075,0.126,1.59362555257936e-06
"STT3A",6.2712664504188e-11,-0.588595929374339,0.107,0.167,1.61246802973168e-06
"RANGAP1",6.33727575070366e-11,-0.533481731110112,0.091,0.148,1.62944034102093e-06
"RNF2",6.36214470315937e-11,-0.399697824265129,0.11,0.173,1.63583464607634e-06
"TIMP3",6.7188158873225e-11,1.06581356743095,0.137,0.076,1.72754194094836e-06
"TXNL4A",6.74415220141723e-11,-0.36099369640511,0.258,0.348,1.7340564140284e-06
"ACER3",6.7760667662663e-11,-0.255949748385676,0.228,0.315,1.74226228694239e-06
"PRR7",6.78809125499334e-11,-0.399194461022241,0.055,0.102,1.74535402348389e-06
"IL4R",7.11078813029128e-11,-0.51167581865719,0.101,0.161,1.82832584406049e-06
"LRRC25",7.11368025437447e-11,0.630679634209583,0.33,0.261,1.82906946700476e-06
"FAM173A",7.20215558234693e-11,-0.395580122359982,0.221,0.305,1.85181824333304e-06
"NIPA2",7.20381392129346e-11,-0.489077367555917,0.148,0.218,1.85224463544297e-06
"SERPINA6",7.41392596607331e-11,1.06582927027158,0.158,0.096,1.90626864439677e-06
"HSD17B10",7.56318316745328e-11,-0.254299493864785,0.349,0.454,1.94464565601559e-06
"NCKAP5L",7.8816009212233e-11,-0.656186874725782,0.055,0.1,2.02651722886493e-06
"VMO1",8.07068544453604e-11,0.831894791240514,0.288,0.219,2.07513464149911e-06
"CAT",8.14569088616994e-11,0.542267509961176,0.434,0.373,2.09442004065201e-06
"ITPRIP",8.27835210651090e-11,-0.657115159617037,0.09,0.146,2.12852989362608e-06
"CNOT10",8.4084985640062e-11,-0.618260763112523,0.096,0.153,2.16199315077727e-06
"CREBRF",8.73978601791212e-11,0.598169361885344,0.28,0.202,2.24717378092557e-06
"SASH1",8.9212721276147e-11,1.14546276145759,0.118,0.062,2.29383748945229e-06
"IRF7",8.94807498058252e-11,-0.399289851588434,0.201,0.279,2.30072903900738e-06
"CRIPT",9.3742402330522e-11,-0.277493637435705,0.223,0.308,2.41030464872238e-06
"COPA",9.62709416112931e-11,-0.412975010156327,0.24,0.322,2.47531845070957e-06
"CCNG1",9.65653983610899e-11,0.785671696657962,0.281,0.213,2.48288952266034e-06
"RP11-295G20.2",9.68204782093732e-11,-0.380005474649517,0.083,0.137,2.4894481357194e-06
"MFF",9.96233925262955e-11,-0.312660728388264,0.246,0.332,2.56151666863611e-06
"KMT2E",9.99733792405663e-11,-0.282054585265278,0.375,0.477,2.57051552703344e-06
"PAPOLG",1.00245071315869e-10,1.22843206867635,0.114,0.059,2.57750127367363e-06
"MBD2",1.01772359651199e-10,-0.298450329523141,0.18,0.257,2.61677091135162e-06
"HSPBP1",1.04305131173014e-10,-0.523312455552448,0.092,0.149,2.68189353272053e-06
"NPM3",1.04827318914306e-10,-0.383026324243501,0.169,0.243,2.69532002392464e-06
"C14orf142",1.08727073656031e-10,-0.367247367926561,0.092,0.149,2.79559051784386e-06
"PRR34-AS1",1.10401143321207e-10,-0.388672704089944,0.12,0.186,2.83863419707489e-06
"PTEN",1.11598489544305e-10,0.702061787855196,0.327,0.259,2.86942036316316e-06
"RAB22A",1.15757064960659e-10,-0.471578535051114,0.125,0.189,2.97634565426846e-06
"TRADD",1.18553106759768e-10,-0.430064299013913,0.164,0.239,3.04823748100716e-06
"HN1L",1.18762417703318e-10,-0.627542658167433,0.058,0.104,3.05361928398772e-06
"RPL22L1",1.199010248609e-10,-0.308675003564741,0.412,0.506,3.08289515122346e-06
"CCAR1",1.20639519914693e-10,-0.343126172222093,0.192,0.271,3.10188333604658e-06
"BST2",1.21749082707161e-10,0.290449398967642,0.74,0.712,3.13041241456653e-06
"HYOU1",1.27020257209255e-10,-0.695047823438631,0.08,0.132,3.26594485336436e-06
"JMY",1.2973004397414e-10,-0.758261839886864,0.084,0.138,3.33561889066309e-06
"FAM20A",1.30013234124257e-10,-0.805395441643456,0.096,0.151,3.34290027580289e-06
"PLPP5",1.30095622527871e-10,-0.559452051011747,0.098,0.155,3.34501864643662e-06
"TMEM38B",1.3084570959731e-10,-0.321373147546855,0.132,0.199,3.36430488516604e-06
"RNF146",1.34286044989225e-10,1.06104426199546,0.169,0.107,3.45276278876295e-06
"MT1M",1.34871577167959e-10,-0.466585864378671,0.07,0.12,3.46781799214257e-06
"HYAL2",1.35663166128786e-10,1.00138545743367,0.153,0.093,3.48817132750333e-06
"TUBA4A",1.3842374655592e-10,-0.303314735726609,0.126,0.191,3.55915137144582e-06
"APOC4-APOC2",1.41680748667655e-10,1.22110420164749,0.148,0.088,3.64289540974276e-06
"SLC25A32",1.61712942394822e-10,-0.74599617570939,0.058,0.103,4.15796317485567e-06
"TOMM40",1.61819690337559e-10,-0.438215863927816,0.164,0.236,4.16070787795933e-06
"ATP1B1",1.63704961897291e-10,0.545945909116589,0.423,0.36,4.20918198030315e-06
"EIF3D",1.68609398841617e-10,0.451957485233101,0.536,0.486,4.33528486301565e-06
"STYXL1",1.73045801003047e-10,-0.498053997050791,0.1,0.159,4.44935363539035e-06
"SORL1",1.73748157004461e-10,-0.560460395333989,0.101,0.158,4.46741261289869e-06
"FBXO9",1.93648011952151e-10,-0.569013808987857,0.09,0.145,4.97907768331372e-06
"TTL",1.93733016490307e-10,-0.616007314767522,0.066,0.113,4.98126331999876e-06
"MMP24-AS1",1.93782734009222e-10,-0.291240348371901,0.307,0.399,4.98254165684511e-06
"DNAJC2",1.9805631176346e-10,-0.426873955944728,0.151,0.219,5.09242388806208e-06
"RBM12",2.00039162697998e-10,-0.596398949844555,0.086,0.14,5.14340695129091e-06
"RRAGC",2.0110796237803e-10,-0.353034323480302,0.251,0.336,5.17088792866391e-06
"SLC43A3",2.20483706575163e-10,-0.303157273916156,0.213,0.294,5.66907706346059e-06
"SPTLC2",2.20847751738393e-10,0.932986009684245,0.194,0.131,5.67843739269757e-06
"PRRC2A",2.21265967604171e-10,-0.435425000692875,0.103,0.162,5.68919055903844e-06
"ME1",2.217540343543e-10,0.867427955908628,0.185,0.122,5.70173973131776e-06
"CD80",2.24393048206657e-10,-0.710344690197193,0.08,0.131,5.76959405548955e-06
"SLC2A5",2.27931471011196e-10,-0.335294376068661,0.091,0.147,5.86057398263986e-06
"GLRX5",2.32061836216592e-10,-0.428408781087832,0.161,0.231,5.96677393280102e-06
"DR1",2.44136185876439e-10,-0.346240066732006,0.164,0.238,6.27722961125501e-06
"TRIAP1",2.4748308630442e-10,-0.402853077258389,0.156,0.226,6.36328511505924e-06
"SIK3",2.50216979609803e-10,-0.611302228734979,0.056,0.1,6.43357897972725e-06
"C2orf69",2.57241820836311e-10,-0.72116568342734,0.087,0.139,6.61420169734324e-06
"UBA2",2.66889682761036e-10,-0.349189652894443,0.182,0.258,6.86226752315175e-06
"FEM1C",2.74292141698341e-10,-0.48433262705315,0.097,0.153,7.05259954734774e-06
"BHLHE41",2.78664443536304e-10,-0.529849110746832,0.071,0.121,7.16502017220545e-06
"YDJC",2.83951865429686e-10,-0.51486584066577,0.084,0.138,7.30097036392808e-06
"CARM1",2.84874093675147e-10,-0.622839563765503,0.068,0.115,7.32468269657539e-06
"HNRNPUL2",2.86331306440389e-10,-0.387240248741062,0.136,0.203,7.36215055119529e-06
"HAGHL",2.893763901201e-10,-0.61884976025231,0.067,0.115,7.440445742768e-06
"SMARCB1",2.97207736912576e-10,-0.409641135863237,0.182,0.255,7.64180533149615e-06
"GAMT",3.0518269619517e-10,0.771578527603701,0.273,0.207,7.84685748457022e-06
"FAM120A",3.09509297351707e-10,-0.252605490933175,0.274,0.365,7.95810305350708e-06
"CCNL1",3.13910546515429e-10,-0.260706428251297,0.575,0.671,8.07126797200471e-06
"USB1",3.1483304044032e-10,-0.442204372828427,0.122,0.184,8.0949871358015e-06
"PSMA3-AS1",3.39861056347262e-10,-0.315191166365655,0.198,0.276,8.7385074808008e-06
"RCAN1",3.63791623202555e-10,0.597183494120378,0.265,0.194,9.3538102157841e-06
"LSM1",4.06788191718087e-10,-0.31785298577015,0.225,0.308,1.04593379854554e-05
"MRPL20",4.0701075568465e-10,-0.257311426885043,0.485,0.584,1.04650605501637e-05
"ASXL1",4.1975903450663e-10,-0.603545165119473,0.057,0.101,1.07928442952345e-05
"PDIA4",4.24698121703423e-10,-0.315760483389539,0.445,0.539,1.09198381052384e-05
"NT5C3B",4.35373535988395e-10,-0.722283075268486,0.08,0.13,1.11943243573336e-05
"FAHD1",4.64009008736829e-10,-0.556957835905219,0.09,0.144,1.19305996326414e-05
"PIK3CB",4.6717650596479e-10,-0.500149826913077,0.082,0.133,1.20120423213667e-05
"EGR3",4.67505102475374e-10,-0.612440901356824,0.07,0.118,1.20204911948468e-05
"TM2D2",4.69156143860885e-10,-0.380388729904493,0.207,0.284,1.20629427709511e-05
"SUN2",4.73153910885346e-10,-0.469266624703257,0.086,0.138,1.2165733356684e-05
"ZDHHC3",5.06412084078723e-10,-0.379489019264565,0.115,0.176,1.30208675058321e-05
"RILPL2",5.11837783465828e-10,0.521801957395216,0.521,0.482,1.31603730884734e-05
"CD276",6.04403057260632e-10,-0.355206819456521,0.105,0.164,1.55404114082854e-05
"IRS2",6.09433579056152e-10,0.707436332340977,0.328,0.259,1.56697561846918e-05
"DDX3Y",6.46342428738005e-10,-0.324831339351433,0.276,0.365,1.66187565277116e-05
"TAF11",6.67755399842169e-10,-0.413277808369334,0.159,0.228,1.71693268407418e-05
"CTTN",6.72398086167713e-10,1.79076833222889,0.107,0.057,1.72886995915442e-05
"WDFY2",6.73318322411085e-10,-0.481047369364734,0.125,0.186,1.73123607058338e-05
"AGAP3",6.82131124623253e-10,-0.469219823742026,0.099,0.155,1.75389554763131e-05
"MRPL48",6.84934353516374e-10,-0.331572636601538,0.137,0.203,1.7611032097613e-05
"MLX",6.99219381710018e-10,0.707143877787229,0.297,0.232,1.7978328742528e-05
"GPD2",7.13891115369018e-10,-0.567247750263495,0.07,0.117,1.83555683583682e-05
"USP7",7.29284486245592e-10,-0.519941266896814,0.098,0.154,1.87513627103467e-05
"ETS2",7.6866138262405e-10,-0.281354947678745,0.501,0.591,1.97638214700296e-05
"CRKL",8.11789959965449e-10,-0.57374122886872,0.057,0.101,2.08727434506316e-05
"LYRM2",8.33901886151749e-10,-0.396756967848403,0.134,0.199,2.14412852967338e-05
"MYLIP",8.34935166517061e-10,-0.364242409742398,0.214,0.29,2.14678530014867e-05
"BCAT1",8.42967681324455e-10,-0.270001285021884,0.318,0.413,2.16743850222144e-05
"NELFE",8.45631940750764e-10,-0.312655316317544,0.272,0.352,2.17428884605836e-05
"MRC1",8.49228289010594e-10,-0.479434264916675,0.499,0.56,2.18353577670404e-05
"BCL2L12",8.56972916719746e-10,-0.653898718557524,0.085,0.136,2.20344876346981e-05
"ZNF593",8.79220189311082e-10,-0.394543081617323,0.216,0.294,2.26065095075665e-05
"GTF2E2",8.8097395083293e-10,-0.462187760204529,0.11,0.168,2.26516022238163e-05
"CDK5",8.97330079770754e-10,-0.38383474512268,0.09,0.144,2.30721510110656e-05
"MPHOSPH6",9.05348764238172e-10,-0.278478982771671,0.325,0.416,2.32783274260919e-05
"MAD2L1",9.06988360646701e-10,-0.550690846466239,0.059,0.103,2.3320484728948e-05
"FXN",9.10824868031266e-10,-0.420112987397248,0.094,0.15,2.34191290068199e-05
"ZNF428",9.43593211883516e-10,-0.346493967770532,0.252,0.333,2.4261668663949e-05
"FXYD6",9.45500468681059e-10,1.021039184639,0.129,0.074,2.43107080507274e-05
"ABHD3",9.70795479944203e-10,-0.44112421145676,0.188,0.261,2.49610933803253e-05
"GPR132",9.96177740927794e-10,-0.455564283508871,0.105,0.163,2.56137220747354e-05
"NRP2",1.02691643684893e-09,-0.351851652158183,0.273,0.356,2.64040754242597e-05
"TRIM22",1.05135379272172e-09,0.6932132363835,0.277,0.209,2.70324087184608e-05
"PPARD",1.05576472118738e-09,-0.532412888989237,0.067,0.114,2.714582251117e-05
"HHEX",1.07109065967781e-09,-0.409590045367222,0.118,0.176,2.75398830416358e-05
"ERAP1",1.11389817216831e-09,-0.472191296014199,0.104,0.161,2.86405498027917e-05
"SLC11A2",1.12328877567589e-09,-0.483467753922362,0.132,0.193,2.88820010001784e-05
"ANAPC16",1.13620534118653e-09,0.372440796362806,0.635,0.604,2.92141117325881e-05
"LGALS8",1.14030110009935e-09,-0.29664940024466,0.184,0.258,2.93194218857545e-05
"FAM50A",1.15507177526451e-09,-0.274470736311918,0.336,0.429,2.96992054856012e-05
"ST3GAL6",1.195028551214e-09,-0.323078796685913,0.14,0.205,3.07265741088144e-05
"COQ2",1.21547737829517e-09,-0.39805019112213,0.151,0.218,3.12523543507254e-05
"FAM195A",1.21861867309664e-09,-0.345783254307638,0.241,0.324,3.13331233226608e-05
"KRAS",1.22715852653348e-09,-0.326695502508985,0.209,0.285,3.15527000342288e-05
"ZNF511",1.25458116739058e-09,-0.340449967209622,0.173,0.244,3.22577909759466e-05
"ITGAE",1.25917420869897e-09,-0.318736234531614,0.135,0.199,3.23758872540679e-05
"PPP6R1",1.28264569158852e-09,-0.344567176162524,0.095,0.151,3.29793860221241e-05
"CALU",1.29050696356612e-09,-0.295650158078343,0.267,0.353,3.3181515047212e-05
"AP2A2",1.30239347254475e-09,0.652245834111013,0.31,0.25,3.34871409660706e-05
"RP11-347P5.1",1.31291174046712e-09,1.41334419826138,0.104,0.055,3.37575866708907e-05
"TGFBR1",1.34545162424673e-09,-0.319677769061266,0.137,0.202,3.4594252162632e-05
"SLC9A9",1.36322973200367e-09,1.10434901876313,0.12,0.067,3.50513628692783e-05
"MRPL11",1.38473566665225e-09,-0.290393289072521,0.258,0.343,3.56043234609627e-05
"ALDOC",1.4393039763982e-09,-0.288537606673142,0.102,0.159,3.70073838411506e-05
"DBF4",1.44304323483073e-09,-0.4938208027251,0.065,0.11,3.71035276539677e-05
"PILRA",1.49715813518874e-09,0.443805374276464,0.467,0.404,3.84949299719729e-05
"MED13",1.52377756911767e-09,-0.348787697101208,0.132,0.196,3.91793688571534e-05
"LIMK1",1.54931661983089e-09,-0.514371982024556,0.075,0.124,3.98360289290918e-05
"SRSF1",1.60743170263252e-09,-0.259684642357572,0.194,0.27,4.13302839380873e-05
"MSRB1",1.65384785447486e-09,-0.369774483799064,0.117,0.176,4.25237360342575e-05
"POLR2D",1.66602311760965e-09,-0.586184723873468,0.068,0.114,4.28367863999793e-05
"AFTPH",1.67223894890735e-09,-0.430566340411929,0.136,0.198,4.29966078543058e-05
"IRAK3",1.68098403072266e-09,0.850429859202288,0.23,0.169,4.3221461397941e-05
"MAN1A1",1.70715686394677e-09,0.936188805920772,0.264,0.203,4.38944172857993e-05
"COMMD3",1.78375970153636e-09,-0.267470605141403,0.302,0.389,4.58640294459029e-05
"SMC4",1.78998249585678e-09,-0.470705998583672,0.146,0.209,4.60240299334695e-05
"RNF139",1.79360827226154e-09,-0.345894616639583,0.172,0.242,4.61172558963887e-05
"AP001055.6",1.85367713505712e-09,1.01221440161086,0.135,0.08,4.76617464965887e-05
"KCNK6",1.86820547332128e-09,-0.680559542912684,0.099,0.151,4.80352991300369e-05
"C1orf131",1.98691270933394e-09,-0.412669973397484,0.1,0.155,5.10874995823942e-05
"KCNE1",2.07640397045305e-09,1.18823376058001,0.122,0.07,5.33884988882888e-05
"APOL4",2.11364388945564e-09,-0.671035295391238,0.058,0.101,5.43460116856833e-05
"DESI2",2.22237298902669e-09,-0.546544632219633,0.09,0.142,5.71416542938543e-05
"MAFG",2.22585481505025e-09,-0.368532675130417,0.107,0.165,5.7231179004572e-05
"PDE4DIP",2.24682320683799e-09,-0.356144749061935,0.289,0.368,5.77703182942183e-05
"FAM60A",2.27940075050384e-09,-0.484188851445977,0.1,0.155,5.86079520969547e-05
"IWS1",2.28174521095805e-09,-0.471372349149646,0.1,0.153,5.86682328641534e-05
"IGSF21",2.31179654457287e-09,1.08466102301112,0.116,0.065,5.94409127540576e-05
"IL18",2.32976038442704e-09,0.588706378542223,0.432,0.389,5.99027990043881e-05
"UBAP1",2.37237381933279e-09,-0.401045324490427,0.102,0.157,6.09984756426847e-05
"MYCBP",2.3740559876691e-09,-0.48182188653093,0.071,0.118,6.10417275549478e-05
"RAB30-AS1",2.43812941424728e-09,-0.503876048627737,0.093,0.146,6.2689183499126e-05
"CECR5",2.45408695755084e-09,-0.380002373767309,0.107,0.165,6.30994838525473e-05
"WDR18",2.47212195704742e-09,-0.345914131559512,0.14,0.203,6.35631997596032e-05
"FAM136A",2.51661993416899e-09,-0.342955120044621,0.18,0.249,6.47073317473532e-05
"ZFX",2.52729308448737e-09,-0.659964124144888,0.105,0.159,6.49817597883391e-05
"EIF4G3",2.55706093041856e-09,-0.536840465609797,0.081,0.13,6.57471506429219e-05
"POLR2K",2.60913615644088e-09,-0.285475554371969,0.46,0.545,6.70861088544079e-05
"RARRES3",2.79280390877007e-09,0.502349350386338,0.397,0.335,7.1808574102296e-05
"YTHDF3",2.87882621816024e-09,-0.34304871024763,0.224,0.299,7.4020379721336e-05
"FAM105A",2.90247498500536e-09,0.672771733305445,0.306,0.244,7.46284368144577e-05
"CUX1",2.92353878458711e-09,-0.327555250728532,0.13,0.192,7.51700292293037e-05
"MDH1",3.05244916220544e-09,0.487452133239376,0.509,0.477,7.84845728586262e-05
"ZWINT",3.07613160519091e-09,-0.662482447200342,0.067,0.112,7.90934958326687e-05
"CD37",3.19490133811242e-09,0.542241803024271,0.547,0.523,8.21473032055467e-05
"EIF2B1",3.38072873295922e-09,-0.485112696873402,0.102,0.156,8.69252971818476e-05
"TRAF4",3.3949258056413e-09,-0.662662211468743,0.068,0.112,8.72903323146491e-05
"GPRIN3",3.40231581439029e-09,-0.526271817296903,0.115,0.172,8.74803442196032e-05
"HRAS",3.46238235897068e-09,-0.763085618103169,0.069,0.113,8.90247752138541e-05
"IARS2",3.53530963384436e-09,-0.435486256533449,0.13,0.19,9.08998813054063e-05
"ABR",3.54831062302783e-09,-0.449290603231063,0.091,0.143,9.12341627392916e-05
"DENND4C",3.55270026480063e-09,0.894122747774256,0.137,0.082,9.13470292085539e-05
"HAPLN3",3.6186809243041e-09,-0.426601897631392,0.065,0.11,9.3043523925707e-05
"RP11-51J9.5",3.62200138696138e-09,-0.559140038249001,0.067,0.112,9.3128899661551e-05
"MARK3",3.65757702920154e-09,-0.344389941800973,0.155,0.223,9.404362057483e-05
"CD93",3.72175038244186e-09,-0.314711640048594,0.268,0.349,9.56936458333452e-05
"EMP2",3.79918213916831e-09,1.01454659666413,0.146,0.092,9.76845711622957e-05
"LATS2",3.82379749761337e-09,-0.577678228273073,0.084,0.133,9.8317481258635e-05
"FXYD1",3.95963878517729e-09,0.936669756377617,0.129,0.076,0.000101810232444479
"MPV17",4.0120394991174e-09,-0.309773259165364,0.184,0.254,0.000103157559601307
"ECH1",4.04726571982389e-09,0.440718979189178,0.519,0.475,0.000104063296188112
"GCSH",4.05777427060443e-09,-0.485389291636577,0.154,0.219,0.000104333492045781
"KPNA3",4.37434548859858e-09,-0.388463512194555,0.157,0.221,0.000112473171202847
"PSPC1",4.37597148688467e-09,-0.540618047672336,0.09,0.14,0.000112514978870779
"HILPDA",4.57512401373416e-09,-0.328624922895365,0.073,0.119,0.000117635588641133
"DENR",5.10828905743073e-09,-0.327365859144763,0.214,0.288,0.000131344328244659
"SLC35F6",5.13316324452361e-09,0.730304203143915,0.242,0.18,0.000131983893343191
"FPGS",5.14748312786601e-09,-0.461506885039528,0.092,0.143,0.000132352086183691
"SLC38A6",5.55186967606821e-09,0.78135534863951,0.285,0.228,0.000142749673111066
"SEPHS1",5.7071984423766e-09,-0.531819836480048,0.061,0.103,0.000146743486350387
"STK17A",5.97963052409196e-09,-0.401552720677858,0.151,0.215,0.000153748260035453
"ESYT1",6.02945610085353e-09,-0.486193556899568,0.088,0.138,0.000155029375265146
"ORAI1",6.02983273570153e-09,-0.364021479947966,0.11,0.166,0.000155039059300358
"TUSC2",6.04320761916583e-09,-0.365546705573791,0.196,0.267,0.000155382954303992
"PON2",6.10171586822103e-09,-0.344452098842783,0.187,0.257,0.000156887318403699
"ROGDI",6.14581454587377e-09,-0.458152001291655,0.119,0.176,0.000158021183603506
"LENG8",6.33425203105859e-09,-0.626459979359108,0.098,0.149,0.000162866288222579
"MTHFR",6.36667556087917e-09,-0.585250286135803,0.093,0.143,0.000163699962021325
"FYTTD1",6.4361883432007e-09,-0.401000664600025,0.191,0.26,0.000165487274680376
"ASS1",6.56241686128084e-09,1.19653654534345,0.112,0.064,0.000168732862337253
"STX3",6.61983933646726e-09,-0.38779646948094,0.099,0.152,0.000170209309019246
"GOT2",6.71214421358735e-09,-0.412796984291591,0.097,0.15,0.000172582652019758
"ABCF1",7.04526724949505e-09,-0.290831799482374,0.212,0.286,0.000181147911519017
"NUBP2",7.33522251969312e-09,-0.311417496243645,0.179,0.248,0.000188603241426349
"MRPL51",7.40282972007494e-09,-0.25249219732911,0.497,0.58,0.000190341557762567
"RP1-313I6.12",7.43781387670324e-09,-0.655449514684229,0.076,0.122,0.000191241070397794
"UBXN1",7.57872742139909e-09,0.351922348618778,0.611,0.591,0.000194864239459013
"SMURF2",7.61301039206376e-09,-0.468300768969089,0.061,0.103,0.000195745723200743
"VSIG4",7.72949933264824e-09,0.519813657073645,0.53,0.486,0.000198740886841052
"SCN1B",7.75421533590348e-09,0.979870663705157,0.119,0.069,0.00019937638471675
"PRPF19",7.77350069053584e-09,-0.444434241422841,0.11,0.165,0.000199872249755057
"FAM13A",7.78700746685213e-09,0.90042755866532,0.138,0.086,0.000200219535987702
"PTRH1",7.85642419854777e-09,-0.513887571581343,0.094,0.144,0.00020200437899306
"THOC6",7.95304440128195e-09,-0.327063279713841,0.141,0.202,0.000204488677645761
"STT3B",8.13147543197804e-09,-0.327198368641253,0.206,0.28,0.000209076496307019
"TMEM30A",8.22228429223322e-09,-0.328840025045147,0.254,0.331,0.0002114113737219
"ALKBH5",8.42522024300542e-09,-0.409740740133248,0.154,0.216,0.000216629262888155
"NUMB",8.65408670716726e-09,-0.267244745275328,0.217,0.29,0.000222513877414684
"GNAQ",8.84227919369858e-09,-0.250996463492023,0.326,0.412,0.000227352682628378
"SCAMP1",9.08861129603898e-09,0.853814941031322,0.158,0.102,0.000233686373643754
"NCOA2",9.13921118392727e-09,0.985792293401789,0.108,0.059,0.000234987397961138
"CCNK",9.32570756058466e-09,-0.413249552778079,0.114,0.169,0.000239782592797753
"NAE1",9.50731076529135e-09,-0.42558283487384,0.106,0.16,0.000244451974397171
"TUG1",9.54622676570402e-09,-0.40384100630257,0.095,0.146,0.000245452582599782
"TXNRD1",9.82780328504441e-09,-0.277511010850982,0.158,0.224,0.000252692478065062
"PDAP1",9.83144214032827e-09,-0.306768695676846,0.271,0.35,0.00025278604031212
"CRBN",9.8533910515913e-09,0.774306514862192,0.228,0.168,0.000253350390718515
"SNX20",9.8626311267944e-09,-0.641807834838425,0.077,0.122,0.000253587971532138
"GPR65",9.87928628191198e-09,-0.348840130014131,0.234,0.307,0.000254016208880521
"FAM104B",1.05502820864636e-08,-0.431847449845069,0.092,0.142,0.000271268853007152
"ALDH9A1",1.08834467894778e-08,0.655452614359503,0.303,0.244,0.000279835183851053
"DENND1B",1.11850452238546e-08,-0.509050619873028,0.12,0.176,0.000287589882795751
"B3GNT7",1.12281903987367e-08,-0.543519258149368,0.097,0.147,0.000288699231532317
"SF3A2",1.12664211180087e-08,-0.481699180161481,0.103,0.155,0.00028968221978624
"PAK1IP1",1.18596530726395e-08,-0.372035414789794,0.105,0.159,0.000304935399803707
"CHCHD1",1.19151951551764e-08,-0.271464681843954,0.261,0.341,0.000306363497829896
"CTBP2",1.22373751010855e-08,-0.319868506624229,0.106,0.16,0.000314647388599111
"PTMS",1.22489676020095e-08,-0.285367379432694,0.538,0.608,0.000314945454982869
"PRKDC",1.30822621944997e-08,-0.334191126603377,0.144,0.205,0.000336371125544975
"C21orf59",1.34853199967903e-08,-0.394688791333373,0.1,0.153,0.000346734547757473
"HMGCS1",1.35289414857886e-08,-0.281042828105984,0.171,0.238,0.000347856143482597
"CRTC3",1.36024349550469e-08,-0.566073707431335,0.062,0.103,0.000349745807564167
"CYSLTR1",1.40683555337424e-08,0.879473568274646,0.153,0.099,0.000361725557483586
"ID2",1.42503187375931e-08,-0.263399273865687,0.769,0.829,0.000366404195380993
"RARRES1",1.43752893098662e-08,1.09537032339266,0.152,0.099,0.000369617438735279
"RIOK1",1.46440917903094e-08,-0.401064551802684,0.087,0.136,0.000376528888112434
"CMAS",1.4675699903984e-08,-0.36671203665886,0.162,0.226,0.000377341595931237
"PHF14",1.48616525989677e-08,-0.422027769576945,0.141,0.2,0.000382122811624657
"ABTB1",1.50332549967193e-08,0.891843213721505,0.137,0.085,0.000386535052475646
"IL10RA",1.53857632666997e-08,0.478694807795423,0.372,0.312,0.000395598745113383
"PPIC",1.58893980796364e-08,-0.3663168278521,0.09,0.14,0.00040854820342361
"MGAT2",1.64177777109863e-08,-0.401990814261669,0.142,0.201,0.000422133900504879
"ME2",1.65640815543059e-08,-0.327903057700306,0.285,0.365,0.000425895664924313
"VARS",1.70357877835737e-08,-0.49310513195523,0.071,0.115,0.000438024175491248
"RC3H1",1.77346542002487e-08,-0.35068818729756,0.107,0.161,0.000455993428796796
"EP300",1.80378796488695e-08,-0.459772850404235,0.088,0.136,0.000463789961531733
"RUVBL1",1.81784402589609e-08,-0.454652556942,0.092,0.14,0.000467404055938402
"KBTBD2",1.90207816862114e-08,-0.569953412364099,0.07,0.113,0.000489062338715868
"SRA1",1.91568944132049e-08,-0.284891805739905,0.281,0.361,0.000492562069152325
"RNF11",1.91974467546193e-08,-0.442406035077958,0.17,0.233,0.000493604750954771
"PTGES2",2.07519148321558e-08,-0.407804312350303,0.176,0.24,0.000533573234164391
"MFSD14B",2.26334729640357e-08,-0.386243065276678,0.112,0.166,0.000581951856851285
"MAN2B2",2.27336874109471e-08,-0.578430298084487,0.068,0.111,0.000584528570710271
"TARDBP",2.30205566846549e-08,-0.345847694916021,0.177,0.242,0.000591904553475848
"YKT6",2.3668728077671e-08,-0.380905510724745,0.109,0.161,0.000608570336333077
"LPGAT1",2.4750943189623e-08,-0.445228563165155,0.114,0.167,0.000636396251291587
"PATL1",2.49728944233504e-08,-0.367108398612073,0.098,0.149,0.000642103061413185
"CCNH",2.54011325517503e-08,0.65439533154147,0.356,0.302,0.000653113920170603
"BEX4",2.54921642608426e-08,0.57991862116594,0.347,0.29,0.000655454527474784
"TMED2",2.64109304869723e-08,0.381902373569766,0.63,0.628,0.000679077844681033
"CLPP",2.76740049454663e-08,-0.325914411725736,0.222,0.293,0.00071155401515783
"GABARAPL1",2.79066034968776e-08,-0.364558577609931,0.223,0.294,0.000717534589111717
"PNPT1",2.79434874702158e-08,-0.629410673842246,0.086,0.132,0.000718482949834188
"MFSD10",2.80554687727426e-08,-0.326639501594788,0.188,0.255,0.000721362213084758
"DNM1L",2.8899567707706e-08,-0.400984952924835,0.128,0.184,0.000743065684900538
"ZDHHC12",2.90876498391981e-08,-0.314847763985041,0.216,0.284,0.000747901652665462
"S100A13",2.93577037007518e-08,-0.493328560109478,0.184,0.247,0.00075484527755373
"ECI2",3.05703847462882e-08,0.844484132514861,0.211,0.156,0.000786025732596562
"UBE2H",3.10607413473623e-08,-0.293750598300902,0.128,0.185,0.00079863378152338
"PPTC7",3.11259184956437e-08,-0.419983420141286,0.106,0.157,0.000800309616359991
"BAZ1B",3.15093164569407e-08,-0.390887863201409,0.134,0.191,0.000810167544740858
"LEPROTL1",3.17576802727036e-08,0.467171610153907,0.463,0.417,0.000816553475171754
"USP15",3.19652851997371e-08,0.674714770023129,0.298,0.242,0.00082189141305564
"TMBIM4",3.22927912995367e-08,0.325682276316846,0.691,0.668,0.000830312249893688
"PABPN1",3.25686741554787e-08,-0.271025797784051,0.24,0.315,0.000837405749885669
"MGST2",3.26602812707022e-08,0.46749478505638,0.487,0.448,0.000839761152032294
"FOXN2",3.52810356881095e-08,0.898323872973642,0.148,0.096,0.000907145989612671
"ARIH2",3.53296234978652e-08,-0.421126708256857,0.12,0.174,0.000908395279377109
"ZNF331",3.56493754021265e-08,0.400625576984243,0.533,0.479,0.000916616740339477
"GTPBP4",3.57917487617582e-08,-0.352761355000909,0.147,0.207,0.000920277444162327
"EEF2",3.58922470859773e-08,0.256609687805656,0.826,0.851,0.000922861457074649
"SCIMP",3.65054341050851e-08,0.574012664938566,0.256,0.196,0.000938627721709948
"RAB5C",3.73044218079858e-08,0.284102450257455,0.65,0.633,0.000959171293526931
"ZFP91",3.76560155346101e-08,-0.431135506160147,0.122,0.177,0.000968211471425894
"TSTA3",3.77245427193761e-08,-0.318856105660565,0.194,0.261,0.000969973442400597
"RUVBL2",3.85131928162705e-08,-0.305244721333103,0.146,0.207,0.000990251213691946
"XAF1",3.93399927845481e-08,-0.379179057816322,0.135,0.191,0.0010115098944763
"UGCG",4.13280771491831e-08,-0.371872060387294,0.228,0.297,0.0010626275196598
"SLC25A33",4.15414163022609e-08,-0.43732218109399,0.184,0.247,0.00106811289596373
"AP1G1",4.16385320586535e-08,-0.368756379583808,0.088,0.135,0.0010706099362921
"RNASEH1",4.33460900490247e-08,-0.432302011754285,0.096,0.144,0.00111451466734052
"MRPS2",4.38218370273462e-08,-0.570486128544485,0.11,0.16,0.00112674707364713
"CLECL1",4.49640150992745e-08,-0.45003900077443,0.173,0.232,0.00115611475623255
"NOP16",4.56583893269504e-08,-0.463461564764521,0.094,0.142,0.00117396850637455
"UBE2Q2",4.57827560257975e-08,-0.420539589872241,0.124,0.179,0.00117716622293531
"XIAP",4.59216128657575e-08,-0.380642217997724,0.157,0.217,0.00118073651000436
"INF2",4.71705631315321e-08,-0.445357322660726,0.103,0.154,0.00121284951923795
"GNPTAB",4.77819933738511e-08,-0.401954277315342,0.204,0.269,0.00122857061362846
"TNIP1",4.78096382911915e-08,-0.322074648243251,0.23,0.301,0.00122928141974312
"TMEM106B",4.86881589235755e-08,0.692968407848934,0.177,0.122,0.00125186994224297
"SLC25A11",4.88680156964416e-08,-0.31655894008955,0.227,0.298,0.00125649441958691
"HIBADH",4.99551894898668e-08,0.876245673166614,0.175,0.124,0.00128444783216346
"TAP1",5.03212528788903e-08,-0.273964227042005,0.288,0.366,0.00129386005402203
"LBR",5.21849896441395e-08,-0.347876195491875,0.148,0.207,0.00134178045373011
"MRAS",5.25617776733275e-08,-0.360643390532481,0.098,0.148,0.0013514684275366
"MRPS10",5.35799228603318e-08,-0.254770669523595,0.216,0.286,0.00137764697658485
"SLCO2B1",5.63751725761657e-08,0.284631639166116,0.448,0.381,0.00144951843727837
"TBC1D7",5.6776080963098e-08,-0.376732107219949,0.104,0.155,0.00145982659372318
"SLPI",5.75654997698679e-08,-0.309970618923853,0.08,0.126,0.00148012413008284
"COA6",5.77163255544799e-08,-0.262867957565325,0.222,0.294,0.00148400216265679
"PPP1R14A",5.96182803582386e-08,-1.40722287160258,0.076,0.117,0.00153290522457103
"ZFAND3",6.02702774877612e-08,-0.395254739911883,0.161,0.221,0.00154966937476531
"ANKLE2",6.0660209830103e-08,-0.337649074593545,0.113,0.165,0.00155969531515161
"ATP6AP2",6.12251604303944e-08,0.328160340535105,0.696,0.704,0.0015742213249863
"SLC36A4",6.28349613961319e-08,-0.328717628446824,0.11,0.162,0.00161561252741734
"NRIP1",6.34942199833194e-08,-0.313578577006293,0.126,0.18,0.00163256338421111
"TCEAL8",6.47003396888316e-08,-0.264190844102053,0.359,0.441,0.00166357513407924
"KATNA1",6.71664308416248e-08,-0.424490225318778,0.068,0.109,0.00172698326979986
"NUP93",6.77679782366148e-08,-0.480829787293451,0.1,0.149,0.00174245025641984
"DNAJC1",6.95756179142874e-08,-0.332058494456173,0.198,0.267,0.00178892828781216
"STK38",7.17307831980645e-08,-0.515914067168645,0.061,0.1,0.00184434189758863
"ITGB2",7.56402716394006e-08,0.268281838462846,0.786,0.797,0.00194486266439227
"SLC9A3R1",7.65618222816965e-08,-0.272307050712729,0.193,0.259,0.00196855757450698
"MRPS26",7.85100738900088e-08,-0.429739781440376,0.196,0.259,0.00201865101985991
"PAFAH1B1",7.93274308150842e-08,-0.283439301818477,0.227,0.296,0.00203966690111744
"CSDE1",8.11370306837153e-08,0.3047436132203,0.621,0.594,0.00208619533293969
"TPM2",8.33740058238176e-08,-0.369998740241828,0.105,0.155,0.002143712437742
"DLGAP4",8.35987478845475e-08,-0.454462468849201,0.114,0.165,0.00214949100560749
"SNTB1",8.37264932075401e-08,-0.453096434588383,0.072,0.113,0.00215277559335227
"RP11-792A8.4",8.53774672331052e-08,-0.322326656620902,0.084,0.13,0.0021952254374976
"ZCCHC6",8.73074561577981e-08,0.813785838173283,0.206,0.151,0.0022448493127293
"POP7",8.95493770401534e-08,-0.358904325433407,0.14,0.196,0.00230249358245643
"NSUN5",9.10346285227821e-08,-0.397418095108924,0.1,0.148,0.00234068236857777
"PCYT1A",9.13087108869084e-08,-0.307057273456966,0.123,0.177,0.00234772957432419
"SLC31A1",9.59635374594316e-08,-0.306575186223441,0.172,0.234,0.00246741447515691
"MSRB2",9.70551369203589e-08,-0.300259851018725,0.289,0.366,0.00249548168049627
"MATK",9.70823951130448e-08,-0.479285483576415,0.067,0.108,0.00249618254314661
"HOOK3",9.81661753025251e-08,-0.257688784324997,0.201,0.269,0.00252404869937853
"RHBDF2",1.00264028522075e-07,0.759725990441981,0.231,0.177,0.00257798870135958
"LSM12",1.01659768064099e-07,-0.342417643062607,0.166,0.226,0.00261387595646412
"CPQ",1.03392328514816e-07,0.649962889461014,0.269,0.215,0.00265842355077294
"CRLS1",1.04891328689683e-07,-0.318813190645046,0.16,0.219,0.00269696584326914
"CDC42SE2",1.06789880459979e-07,0.408189408082542,0.415,0.357,0.00274578140638699
"CHMP1A",1.08546579448416e-07,-0.298031671607884,0.128,0.183,0.00279094965077767
"ANO6",1.09304330469827e-07,-0.38602214567135,0.118,0.169,0.00281043294504018
"LARP1",1.11201039591761e-07,-0.26855154766337,0.17,0.231,0.00285920112998336
"MCRS1",1.12786279631099e-07,-0.359347334828501,0.105,0.155,0.00289996082187482
"TP53RK",1.12787268320383e-07,-0.511966973491504,0.089,0.134,0.00289998624305369
"NCK1",1.12934112385204e-07,0.712320017850511,0.223,0.167,0.00290376189764836
"DALRD3",1.13966717455936e-07,-0.594602476461173,0.062,0.1,0.00293031223922702
"INSIG1",1.18959163080945e-07,-0.364472875228558,0.54,0.61,0.00305867800113725
"TMEM214",1.20495554276453e-07,-0.475281651224321,0.066,0.106,0.00309818169155615
"HSPA13",1.21808290063233e-07,-0.526384707410448,0.069,0.109,0.00313193475410584
"ALDH7A1",1.23396889072664e-07,0.974342101157129,0.106,0.062,0.00317278081183632
"GBE1",1.30236035516163e-07,-0.261424439229392,0.133,0.189,0.00334862894519157
"FBXW7",1.30304868992031e-07,-0.494507912530679,0.067,0.107,0.0033503987915231
"SYPL1",1.35471900657691e-07,0.557916011294511,0.387,0.348,0.00348325350971055
"DEF8",1.36662652195503e-07,-0.338554837681282,0.137,0.193,0.00351387011325077
"MTRF1L",1.36882258138134e-07,-0.436383213598533,0.085,0.13,0.00351951662124769
"IRF1",1.39999335281865e-07,-0.273391828332491,0.382,0.461,0.00359966290876732
"CCR1",1.41092992682804e-07,-0.286276248249413,0.257,0.327,0.00362778302786026
"ARHGAP15",1.41754076315327e-07,0.784247377067252,0.204,0.151,0.0036447808102197
"NIFK",1.44067082162434e-07,-0.288640570428941,0.201,0.266,0.00370425281656051
"ZBTB38",1.44076691549101e-07,-0.338058535294979,0.155,0.215,0.00370449989311048
"PDE4A",1.44983837485767e-07,-0.485796690312546,0.122,0.172,0.00372782442943403
"ST3GAL5",1.48779936598074e-07,-0.573089466100491,0.119,0.167,0.00382542972980967
"LZIC",1.49056964816016e-07,-0.286718476635584,0.13,0.185,0.0038325526793494
"DEF6",1.49113781726935e-07,-0.324924257409948,0.104,0.154,0.00383401355576295
"PAF1",1.52536298289372e-07,-0.298393255387274,0.122,0.175,0.00392201330161633
"MAX",1.54021740327942e-07,0.591899687972645,0.314,0.263,0.00396020698731205
"CFP",1.55681005188364e-07,1.06504648190262,0.201,0.147,0.00400287000540323
"EHD4",1.57124979250434e-07,-0.3642151077314,0.171,0.23,0.00403999746648716
"TMEM189",1.58755580076407e-07,-0.312661761034292,0.101,0.149,0.00408192347492458
"ENOSF1",1.62605706603269e-07,-0.29759399491887,0.092,0.139,0.00418091792818325
"CPT1A",1.63674479921324e-07,-0.504361391524634,0.069,0.109,0.00420839822773708
"CRADD",1.66151860566314e-07,-0.517824836470787,0.062,0.1,0.00427209663888106
"DNM2",1.67603456981792e-07,-0.323430733451114,0.149,0.206,0.00430942008591584
"DHX29",1.71078783502372e-07,-0.295870706486624,0.158,0.217,0.00439877768141299
"YIPF1",1.72722918371084e-07,-0.475535978120321,0.102,0.149,0.0044410516771573
"QPRT",1.7525867676321e-07,0.576678953105585,0.224,0.166,0.00450625109693565
"CBX5",1.76361096307435e-07,-0.361478308809182,0.124,0.176,0.00453459650825678
"DST",1.78670397338955e-07,0.786866547896848,0.157,0.107,0.00459397325637922
"CDC34",1.83046195652976e-07,-0.530744295324863,0.062,0.1,0.00470648378262933
"SAMSN1",1.85612457068971e-07,0.422893980712277,0.606,0.573,0.00477246749615738
"GIMAP7",1.87291118164388e-07,0.667516950625448,0.179,0.126,0.00481562923024275
"PRRG4",1.88378965703878e-07,-0.509201508166574,0.095,0.14,0.00484359996617811
"NFIL3",1.900945986175e-07,-0.278226073779755,0.165,0.226,0.00488771231965316
"TMPO",1.90468501477821e-07,-0.427807026181377,0.15,0.205,0.00489732610999773
"MEAF6",1.9127233201647e-07,0.49212363871415,0.352,0.298,0.00491799420080748
"RRP1",1.92022950735955e-07,-0.369778681031504,0.109,0.158,0.00493729410932287
"SLC27A5",1.96881974994207e-07,1.04346141274249,0.127,0.082,0.00506222934105106
"RBMXL1",1.98799390333411e-07,-0.424613100727086,0.063,0.101,0.00511152992425266
"ELL2",1.99144508463678e-07,0.464094762414619,0.45,0.399,0.00512040360161808
"FAM72A",2.0194641947397e-07,1.12470064483867,0.1,0.059,0.00519244633751471
"RBMS1",2.07518391195307e-07,-0.272635449384405,0.334,0.41,0.00533571287441373
"TCEA2",2.07698539506098e-07,-0.476246479220256,0.091,0.136,0.00534034484778079
"SMC1A",2.07889031830588e-07,-0.354165360828415,0.148,0.205,0.00534524278642808
"ABI3",2.10621199224864e-07,0.577959000334743,0.309,0.257,0.00541549227446972
"MDM2",2.13710405704104e-07,0.570927841166409,0.227,0.172,0.00549492195146391
"TNFRSF1B",2.20939104250565e-07,0.369921030775406,0.433,0.374,0.00568078624849053
"SF3B4",2.21678800590112e-07,-0.352989145619415,0.169,0.227,0.00569980532077297
"SPAG9",2.22927606811831e-07,-0.262193997507705,0.242,0.311,0.00573191462634581
"FAM110A",2.23294724923688e-07,-0.383272570875488,0.113,0.163,0.00574135396723787
"SLC1A5",2.313597139701e-07,0.822233006850852,0.168,0.118,0.00594872096559921
"CPSF2",2.31550474640511e-07,-0.341531729937466,0.091,0.137,0.00595362580395682
"PPM1B",2.31593380364855e-07,0.637497930920682,0.229,0.176,0.00595472899594115
"PAFAH1B2",2.33615683803536e-07,-0.256954399287178,0.22,0.288,0.00600672646195652
"TAF15",2.35362756102414e-07,-0.291773109514376,0.166,0.225,0.00605164718490528
"JUNB",2.35706653980742e-07,0.340164013735104,0.854,0.899,0.00606048948715284
"IARS",2.41686619025437e-07,-0.403188443309427,0.072,0.113,0.00621424634838203
"YBX3",2.51049609149676e-07,0.487746216983041,0.48,0.451,0.00645498755045648
"TMEM41A",2.52427932503996e-07,-0.591503264704525,0.07,0.109,0.00649042700054275
"WHSC1L1",2.52711117686274e-07,-0.412389214604505,0.165,0.223,0.00649770825794948
"TOB2",2.55979851374664e-07,-0.297017366778714,0.149,0.207,0.00658175393854536
"JDP2",2.56616378268759e-07,0.769299038893126,0.132,0.084,0.00659812031804633
"CHIC2",2.65883771024916e-07,-0.36124024943889,0.195,0.257,0.00683640352059264
"RNF41",2.69919385980705e-07,-0.419884546328791,0.08,0.122,0.00694016725233588
"TMEM5",2.79735755121712e-07,-0.451097624568909,0.065,0.103,0.00719256573568946
"PRMT9",2.80329886947742e-07,-0.447491820599127,0.196,0.257,0.00720784205320034
"HCK",2.8528992233792e-07,-0.264334704419067,0.403,0.479,0.0073353744831526
"IFI27",2.89654474286559e-07,0.329945960165177,0.34,0.271,0.007447595842856
"ARHGEF2",2.89947802884869e-07,-0.341085119996291,0.158,0.215,0.00745513790777575
"PLEKHJ1",2.90931353577699e-07,-0.277759039937122,0.197,0.261,0.00748042696318978
"ADI1",2.95260601757795e-07,0.455979794988528,0.481,0.45,0.00759174059239643
"SF3B3",2.97950101664901e-07,-0.432152708954234,0.078,0.12,0.00766089301400794
"KIAA2013",3.09873669172552e-07,-0.323080503114884,0.111,0.161,0.00796747178176464
"RTN1",3.13495959899693e-07,-0.426158302728633,0.083,0.126,0.00806060812094091
"CHML",3.19243631021286e-07,-0.521521973874404,0.084,0.126,0.00820839224081931
"PRCP",3.21390241547686e-07,0.422385977518034,0.433,0.39,0.0082635858906741
"PCNX",3.22062706361436e-07,-0.544900779673149,0.065,0.103,0.00828087630596524
"TMEM138",3.31309715947407e-07,-0.441554642103364,0.093,0.138,0.00851863541643973
"SGTB",3.41377449005601e-07,-0.399807276687915,0.083,0.125,0.008777496968832
"MANBAL",3.44438370477922e-07,-0.508769599371633,0.093,0.136,0.00885619938172833
"PHF11",3.4833694894952e-07,-0.251561053509578,0.215,0.281,0.00895643963139007
"ATPAF2",3.56197546134011e-07,-0.280269309279908,0.115,0.165,0.00915855130619769
"AP3D1",3.57949490312161e-07,-0.322046298951693,0.136,0.19,0.00920359729490629
"UPF3A",3.58650864509319e-07,-0.300745299738778,0.144,0.199,0.0092216310282636
"MMP9",3.61456676284716e-07,1.06908789453597,0.355,0.313,0.00929377406063261
"POLR2C",3.6451186272646e-07,-0.39964995959096,0.167,0.222,0.00937232901442275
"ABHD14A",3.75390345057868e-07,-0.340589403185187,0.103,0.15,0.00965203655212791
"RAB3GAP1",3.81426620106931e-07,-0.331536369662041,0.092,0.137,0.00980724125618942
"UBE3A",3.87197020480299e-07,-0.313841045971821,0.193,0.256,0.00995560979058944
"TIFA",3.89576995234048e-07,-0.305195598388565,0.094,0.139,0.0100168037014578
"SAE1",3.9609047365367e-07,-0.347542403703109,0.126,0.177,0.0101842782585832
"C3orf14",4.02792065968722e-07,-0.282013078572588,0.118,0.167,0.0103565896001878
"GALC",4.04953322941437e-07,-0.367839300581958,0.128,0.179,0.0104121598394702
"DHFR",4.18021069733525e-07,-0.600123873436401,0.076,0.115,0.0107481577449884
"SLC43A2",4.19598823427198e-07,-0.294469321795267,0.229,0.292,0.0107887249479601
"ENGASE",4.22345211264682e-07,-0.325802627724967,0.081,0.123,0.0108593400720375
"HYI",4.25271709615478e-07,1.04794070367084,0.113,0.071,0.0109345861976332
"AP1M1",4.25882098155393e-07,-0.328561947239016,0.121,0.171,0.0109502805077715
"DNTTIP1",4.46763863754425e-07,-0.385011136641638,0.143,0.196,0.0114871924648538
"SAMD4B",4.4864101943035e-07,-0.419009182963414,0.096,0.141,0.0115354578915932
"CD209",4.57497834430044e-07,0.545221327234267,0.163,0.113,0.0117631843188653
"DAXX",4.66008558634158e-07,-0.35405994360309,0.089,0.132,0.0119820120596015
"OPTN",4.67600552206369e-07,-0.424607507806056,0.136,0.188,0.0120229453983302
"GOLGB1",4.76035271784451e-07,0.836401529411391,0.218,0.17,0.0122398189081218
"NF1",4.92964214840572e-07,-0.371054396002908,0.098,0.143,0.0126750958919808
"FBXO6",5.06588356007315e-07,-0.428886125728261,0.127,0.177,0.0130253998096601
"TRIM38",5.16888364978464e-07,-0.323871126470487,0.159,0.214,0.0132902336403263
"HCFC1",5.51595540826053e-07,-0.5590707504808,0.069,0.107,0.0141826245457195
"CNTLN",5.57003092060011e-07,0.834632854718904,0.137,0.091,0.014321663503047
"FAM198B",5.87677723006486e-07,-0.41135515302115,0.177,0.235,0.0151103696139428
"SERPINE1",6.15506852395071e-07,-0.418328786364671,0.069,0.107,0.0158259121887821
"ACOT8",6.29322813681509e-07,-0.331306566025327,0.093,0.138,0.016181148185379
"BRD7",6.32691482845787e-07,-0.339666607542641,0.096,0.14,0.0162677634069309
"MOSPD3",6.57084735776974e-07,-0.404467564968313,0.093,0.137,0.0168949627262975
"UBAP2L",6.65881846543478e-07,-0.294754743568568,0.132,0.182,0.0171211540383259
"SH3BP1",6.70494415427406e-07,-0.458071837365656,0.111,0.157,0.0172397524094695
"OS9",6.95690502617909e-07,0.431421338620824,0.437,0.403,0.0178875942033117
"MTHFD2L",7.16873861264002e-07,-0.318327472751878,0.088,0.131,0.01843226072082
"SDC2",7.20375797475904e-07,0.49308216480532,0.331,0.272,0.0185223025047005
"UBE3C",7.74642203839276e-07,-0.433618919701299,0.065,0.102,0.0199176003451155
"SUCNR1",7.75420561285957e-07,-0.474689201563433,0.084,0.126,0.0199376134717845
"C10orf128",7.9710394945014e-07,-0.319574189566498,0.121,0.17,0.020495136748262
"VTA1",8.03777153688401e-07,-0.394484353771108,0.106,0.152,0.0206667181756362
"LRRFIP2",8.0420248076851e-07,-0.378389511747886,0.155,0.209,0.0206776541855199
"IMPA2",8.1722969946492e-07,-0.358047190448007,0.073,0.113,0.021012610032642
"ARL8A",8.1979954343485e-07,-0.294416534806568,0.189,0.248,0.0210786858607969
"OAS1",8.34793433996743e-07,0.60033510502587,0.234,0.18,0.0214642087749243
"LTV1",8.91708363371874e-07,-0.364949846411459,0.093,0.137,0.0229276054390176
"MVD",9.08910084951494e-07,-0.335208098377823,0.105,0.15,0.0233698961042728
"ARHGAP17",9.1816393309138e-07,-0.455785513863886,0.092,0.134,0.0236078310476456
"ITGAX",9.25659236218857e-07,0.561823057566784,0.318,0.267,0.0238005502816593
"TACO1",9.29207634726986e-07,-0.438833435315014,0.086,0.127,0.0238917867041003
"UROS",9.38401692907322e-07,-0.325427733806891,0.178,0.234,0.0241281843280331
"CEP68",9.49820210635296e-07,0.820515176879556,0.1,0.06,0.0244217772558547
"TM7SF2",9.6504750313018e-07,1.14187076679501,0.105,0.065,0.0248133014004832
"COPG1",1.00509591773245e-06,-0.296003519667974,0.141,0.193,0.0258430262367367
"UBAC1",1.01790749545912e-06,-0.280827244061436,0.131,0.182,0.0261724375232448
"SPEN",1.03817911776472e-06,-0.411602278660371,0.092,0.134,0.0266936614759666
"CCNT1",1.04454967381689e-06,-0.391456008513078,0.085,0.126,0.02685746121318
"VGLL4",1.04893310725802e-06,-0.592946164991129,0.067,0.103,0.0269701680538182
"PET117",1.07304644013016e-06,-0.376557966100914,0.067,0.105,0.0275901700686266
"ARCN1",1.08342729380309e-06,-0.373640846920023,0.127,0.176,0.0278570825782651
"LTC4S",1.08887675130132e-06,0.732807872533611,0.174,0.126,0.0279971990294594
"BMP2K",1.09052141170223e-06,-0.334232337027021,0.22,0.283,0.0280394865376878
"SYS1",1.11871931465003e-06,-0.254877200102162,0.175,0.231,0.0287645110182815
"F11R",1.14544275165348e-06,-0.256203852820407,0.079,0.119,0.0294516240305142
"TFG",1.18308111450548e-06,-0.251532980124652,0.253,0.319,0.0304193816161648
"LAMP1",1.18690321866793e-06,-0.27843103578026,0.615,0.679,0.0305176555583899
"PARP8",1.18853515724567e-06,1.10571032479206,0.104,0.065,0.0305596159631006
"MEF2D",1.20655660188579e-06,-0.462137078365041,0.064,0.1,0.0310229833476875
"EBP",1.20758017636538e-06,0.691390413054085,0.253,0.207,0.0310493014947066
"TMEM131",1.21876349489321e-06,-0.395316699523315,0.082,0.122,0.0313368469806942
"POLDIP2",1.27113773959616e-06,-0.303932283429966,0.214,0.276,0.0326834935604965
"CD300A",1.30927238642609e-06,0.459376365946702,0.436,0.399,0.0336640115997877
"CD81",1.31601595379854e-06,-0.265434913009801,0.467,0.537,0.033837402204068
"RHOBTB3",1.33038423998183e-06,0.744953269579288,0.153,0.107,0.0342068395784128
"CDK2AP1",1.33717362029081e-06,-0.366452367839963,0.132,0.18,0.0343814081249173
"MGMT",1.38363974826688e-06,0.546118787583645,0.349,0.308,0.0355761452074381
"RIN3",1.3854090463554e-06,0.565950839396651,0.289,0.242,0.0356216373998902
"GFOD1",1.39492131796042e-06,0.813183002863143,0.109,0.068,0.0358662169273984
"C1orf54",1.39699687176182e-06,0.280570474102182,0.546,0.506,0.03591958356674
"NCLN",1.39835874061133e-06,-0.3222739272111,0.085,0.126,0.0359545999385985
"PES1",1.42585778587762e-06,-0.296402403586467,0.13,0.179,0.0366616553904855
"TRIM44",1.43017212343211e-06,-0.266444485578946,0.177,0.234,0.0367725856376863
"MIS18BP1",1.44399954434202e-06,0.724443834539502,0.213,0.165,0.037128116284122
"CAMK1",1.45241465585349e-06,-0.355538687177481,0.236,0.296,0.0373444856313049
"REPIN1",1.45390946015842e-06,-0.435878795579335,0.118,0.163,0.0373829200395932
"RAB5B",1.51911872963639e-06,-0.266835807108349,0.129,0.179,0.0390595807764107
"TTC39C",1.58923498199813e-06,-0.316391501501717,0.129,0.179,0.040862409857136
"SGK1",1.60181021495154e-06,0.325421496715944,0.678,0.67,0.041185744246834
"ELMO1",1.61001832424141e-06,0.693330644821146,0.187,0.14,0.0413967911528951
"BCAM",1.64581336006738e-06,-0.341296199890488,0.114,0.161,0.0423171531140524
"RNASEK-C17orf49",1.67220393294272e-06,-0.383617625949455,0.065,0.101,0.0429957075238232
"EXOC5",1.6732311935097e-06,-0.291516295433144,0.11,0.156,0.0430221204475214
"ABCG1",1.692574293565e-06,-0.334208006353703,0.185,0.24,0.0435194702361434
"MAP3K11",1.70008558285017e-06,-0.269914054130469,0.152,0.205,0.0437126005062436
"SART1",1.71753552905678e-06,-0.369793599518085,0.109,0.155,0.0441612735231078
"PIM2",1.72783559376585e-06,-0.519516157346971,0.109,0.153,0.0444261087869076
"RNF103",1.74788388857173e-06,-0.433940477991004,0.065,0.101,0.0449415905429562
"RSL1D1",1.75040729420952e-06,0.414279906001551,0.511,0.487,0.0450064723487152
"SMS",1.79568097959829e-06,0.306014046717612,0.632,0.619,0.0461705493474313
"PMPCA",1.82175598843314e-06,-0.328561060952254,0.1,0.144,0.046840989974593
"SIK1",1.85014451265474e-06,-0.285243351859959,0.15,0.202,0.0475709157093787
"EVA1B",1.85873750965355e-06,0.743277581368931,0.142,0.098,0.0477918588482122
"RSPRY1",1.86022491132721e-06,-0.303825658732262,0.074,0.113,0.0478301029200452
"PINK1",1.86249533341799e-06,0.922803788289617,0.101,0.062,0.0478884800128433
"CRYZ",1.88102345884649e-06,1.02555807459726,0.115,0.075,0.0483648751738611
"PLBD2",1.91132647588981e-06,-0.32495154952232,0.141,0.191,0.0491440263480787
"TET2",1.92797255633824e-06,-0.366013009359682,0.132,0.181,0.0495720303685689
"GATAD2A",1.97732603215554e-06,-0.320696816944312,0.081,0.121,0.0508410069387831
"AHNAK",2.00278631293911e-06,0.521969411456174,0.415,0.379,0.0514956416782904
"CCNG2",2.13047381895277e-06,0.553712415758498,0.172,0.124,0.0547787428329136
"TMEM106A",2.19548025220381e-06,-0.289946944401092,0.116,0.163,0.0564501882446643
"LIPE-AS1",2.20568132919294e-06,-0.473317324555005,0.086,0.126,0.0567124783362089
"CDC16",2.23669979987954e-06,-0.332349911297501,0.094,0.136,0.0575100252545027
"CCDC137",2.31938023125893e-06,-0.433924280518412,0.068,0.103,0.0596359045061297
"FAM63B",2.33977885315444e-06,-0.404351966780798,0.091,0.132,0.0601603938723069
"OSBPL1A",2.34290087867846e-06,0.730760118575467,0.156,0.111,0.0602406673925805
"BLMH",2.41958456869815e-06,-0.30512509577671,0.066,0.102,0.0622123584303669
"RBM22",2.42438824029048e-06,-0.319074421883435,0.182,0.237,0.0623358704343487
"GPSM3",2.46380231598714e-06,0.313937783108778,0.615,0.622,0.0633492851486613
"NSUN6",2.49283086047055e-06,-0.354759080601328,0.072,0.108,0.0640956670844188
"BTBD1",2.54452171697651e-06,-0.335690551886147,0.096,0.138,0.0654247423869
"PPIH",2.5687899450711e-06,-0.282882676316551,0.135,0.184,0.0660487270676682
"TNS3",2.58833495283719e-06,-0.411366091084407,0.147,0.196,0.0665512683073499
"SLC41A2",2.60429141465856e-06,-0.625641968329975,0.068,0.103,0.066961540853701
"CDC42EP1",2.60607444551389e-06,-0.465208608855111,0.074,0.111,0.0670073861430532
"NUP37",2.65614394560386e-06,-0.315725921687202,0.099,0.142,0.0682947731293664
"KCTD12",2.72006412817206e-06,0.364553219390977,0.55,0.521,0.06993828886356
"GAS7",2.725349000575e-06,0.934792529562615,0.133,0.092,0.0700741735027845
"CD300C",2.75928599122923e-06,-0.394809053337418,0.108,0.151,0.0709467614064858
"MXD4",2.76089213838721e-06,0.768061674203396,0.146,0.103,0.0709880586622119
"ZFAND1",2.85256419993295e-06,0.65606657316049,0.191,0.144,0.0733451307086761
"RNASEH2A",2.88787083897362e-06,-0.292866021165445,0.098,0.14,0.0742529350116897
"ERAP2",2.9863743881993e-06,-0.315435474712087,0.092,0.133,0.0767856582693805
"LGALS2",3.12450211420068e-06,0.76019693602127,0.259,0.211,0.0803371983603279
"FLAD1",3.150536499808e-06,-0.440475646956516,0.078,0.116,0.0810065944830634
"AVPI1",3.16521600158005e-06,0.467511003406814,0.385,0.34,0.0813840338326261
"NUTM2A-AS1",3.16619369377575e-06,-0.492492105327921,0.083,0.122,0.0814091722543622
"CEBPA",3.18771509884619e-06,-0.439447322461331,0.08,0.118,0.0819625306215332
"RASSF5",3.19769978384015e-06,-0.377845533343105,0.171,0.221,0.0822192568420979
"GMPPB",3.20440925268377e-06,-0.451899653966222,0.082,0.12,0.082391770705005
"NUDT14",3.23591063581468e-06,-0.312932758486459,0.168,0.221,0.083201734268067
"LPP",3.33234181028851e-06,0.541180491122952,0.28,0.234,0.0856811726261381
"GUCD1",3.41705943205816e-06,-0.351758197187162,0.082,0.12,0.0878594321170795
"SLC25A40",3.45712707017326e-06,-0.394745366023919,0.067,0.102,0.0888896512282949
"SLC35E3",3.49921028382366e-06,0.703584184063327,0.162,0.117,0.089971694817674
"CD38",3.59056142639109e-06,0.635504273594708,0.182,0.135,0.0923205153953677
"CTBP1",3.63239908321371e-06,-0.296733703428623,0.169,0.222,0.093396245227591
"RRM1",3.76303964156542e-06,-0.421790140493785,0.075,0.112,0.0967552752639301
"MAP1S",3.76671430331989e-06,-0.409217806373598,0.084,0.123,0.096849758166961
"FRA10AC1",3.80699663937791e-06,-0.309744249773448,0.108,0.151,0.0978854975916849
"OTUD4",4.00282544267505e-06,-0.33369968309212,0.089,0.128,0.102920647782061
"C8orf76",4.02826022313975e-06,-0.276331530023342,0.093,0.134,0.103574626857369
"SUSD6",4.04936192863966e-06,0.522707218950216,0.22,0.169,0.104117193909183
"DENND3",4.13295406273102e-06,-0.338854015175982,0.111,0.155,0.10626651486094
"GLT8D1",4.17711151493838e-06,-0.376232442085816,0.086,0.126,0.107401891272096
"CXCL10",4.37196305961768e-06,-0.499381875954201,0.184,0.238,0.11241191418889
"GPR137B",4.46670367896175e-06,-0.258956524857094,0.318,0.388,0.114847884993464
"IGF2R",4.58354545849293e-06,-0.399082903975948,0.113,0.156,0.11785212082877
"HTATSF1",4.76031294642383e-06,-0.273955264649818,0.113,0.158,0.12239716647845
"PARP12",4.92684960916713e-06,-0.320267155897636,0.101,0.142,0.126679157150905
"IL6ST",4.99794820761428e-06,0.552887499563797,0.274,0.227,0.128507244314178
"ACADM",5.01133657740104e-06,0.591943879828474,0.233,0.188,0.128851486078135
"STXBP3",5.10003101844506e-06,0.64131063268585,0.189,0.143,0.131131997546259
"METTL15",5.26619339089836e-06,-0.439314052275888,0.069,0.104,0.135404364466779
"JAK1",5.30939318981193e-06,0.440830769559863,0.401,0.358,0.136515117696444
"HIP1",5.3779385898634e-06,-0.635417926375018,0.068,0.102,0.138277557022568
"SOCS6",5.4591395740227e-06,-0.386163382971456,0.077,0.113,0.140365396727272
"TK1",5.53759577202179e-06,-0.348556977985769,0.079,0.115,0.142382662490224
"REL",5.55710440195133e-06,-0.30666411820235,0.685,0.727,0.142884268382973
"SEH1L",5.6270678010298e-06,-0.370023162195155,0.088,0.127,0.144683167300078
"TCN2",5.71162399817707e-06,0.530748579605928,0.297,0.255,0.146857276241129
"R3HDM4",5.74614005353087e-06,-0.323028962000567,0.095,0.135,0.147744753056386
"MAGOHB",5.89784323083614e-06,-0.308123389343403,0.139,0.186,0.151645345151259
"LDLR",6.2109613309541e-06,-0.252804937177476,0.094,0.134,0.159696237741492
"TMED10",6.23881666429783e-06,0.324515799304313,0.612,0.615,0.160412454072426
"TMCO3",6.33301345605472e-06,-0.443536072099791,0.076,0.111,0.162834441982079
"ARID5B",6.4297868396256e-06,0.625209182770565,0.243,0.198,0.165322679220453
"YTHDC1",6.6008851472226e-06,-0.27087118568899,0.226,0.284,0.169721958905387
"CAND1",6.8418596079001e-06,-0.278509574686485,0.135,0.181,0.175917894238327
"BLOC1S4",6.85284896958664e-06,-0.434570791729324,0.083,0.12,0.176200452706012
"RNF10",7.07912674789387e-06,-0.308830718848463,0.173,0.224,0.182018506941847
"SIPA1L1",7.10893835925974e-06,-0.260107621708121,0.08,0.117,0.182785023093287
"EFTUD2",7.3239103156522e-06,-0.281632739898551,0.112,0.155,0.188312382036049
"CCDC112",7.35076113488547e-06,-0.27842660658257,0.125,0.171,0.189002770300175
"MALT1",7.42248030771139e-06,-0.489827517567102,0.109,0.15,0.190846813671875
"CCPG1",7.47277117782092e-06,0.572335439944498,0.252,0.206,0.192139892524131
"TECR",7.67647207451691e-06,0.402939817843192,0.448,0.418,0.197377449979979
"DNAJC9",7.72730292750076e-06,-0.29072395191307,0.09,0.13,0.1986844128719
"TSR3",7.76963184036652e-06,-0.289998342036614,0.151,0.201,0.199772773879504
"CXorf21",8.04927883936727e-06,-0.33460472967341,0.1,0.14,0.206963057517811
"SNX24",8.07076796874829e-06,-0.325854735442935,0.142,0.189,0.207515586012456
"IMPDH1",8.08380963382566e-06,-0.300961349379832,0.113,0.156,0.207850913304925
"IL18BP",8.17856273402538e-06,0.509053642227098,0.248,0.201,0.210287205017261
"FBXW2",8.19381810314744e-06,-0.343399307770518,0.112,0.154,0.210679451068127
"SIGMAR1",8.51792513486229e-06,-0.35999179209449,0.104,0.145,0.219012891067579
"TWF1",8.66023696075796e-06,-0.276359530185834,0.141,0.189,0.222672012735009
"SLC52A2",8.73001282504783e-06,-0.294149862684016,0.127,0.172,0.22446608975763
"PEPD",8.75864325275625e-06,0.473297153296055,0.358,0.317,0.225202235314869
"SATB1",8.75885714440272e-06,-0.57324907798232,0.107,0.147,0.225207734896883
"TBCC",9.02680084879066e-06,-0.480541255197914,0.098,0.136,0.232097103424105
"PNPLA2",9.13865638260642e-06,-0.298838125256166,0.107,0.149,0.234973132909576
"VAC14",9.19503730484561e-06,-0.358717610349077,0.1,0.14,0.23642279918219
"MID1IP1",9.21811887564879e-06,-0.290084758599422,0.154,0.204,0.237016272530682
"CHSY1",9.63060107164615e-06,-0.288368610176273,0.074,0.109,0.247622014754166
"ATG16L2",9.63898420246532e-06,0.890552123119645,0.108,0.072,0.247837561813788
"KCMF1",9.90660930528698e-06,-0.288629354581981,0.097,0.136,0.254718738457539
"TOR2A",1.05319952493736e-05,-0.284103859050785,0.122,0.165,0.270798661851894
"BRD3",1.07742373821535e-05,-0.345513763123812,0.092,0.13,0.277027191569931
"FYB",1.09038850999623e-05,0.25764120681938,0.627,0.615,0.28036069369023
"HMGCS2",1.09232072452735e-05,0.93000990800488,0.137,0.099,0.280857504690471
"SNX10",1.10117008664596e-05,0.398434928151056,0.599,0.6,0.28313285267841
"CSF3R",1.10491051264416e-05,-0.310957232946116,0.166,0.215,0.284094591011067
"BNIP3L",1.10501004988279e-05,0.292906137762008,0.656,0.633,0.284120184025862
"RNF126",1.14403476467853e-05,-0.360837369477619,0.139,0.184,0.294154218694144
"FUNDC1",1.21641636216642e-05,-0.27520916790486,0.107,0.149,0.312764975040231
"C1orf162",1.21799121076132e-05,0.260493230775372,0.777,0.781,0.31316990011095
"TMEM140",1.22743112586843e-05,0.603565102499636,0.154,0.112,0.31559709108329
"PRPF38B",1.26791763569061e-05,0.457893803199175,0.424,0.396,0.32600698248877
"CSNK2A2",1.28076185517192e-05,-0.279118087734632,0.077,0.112,0.329309488201804
"CXXC1",1.31971017522408e-05,-0.350432593939864,0.089,0.126,0.339323880253616
"NDUFAF4",1.38276323397736e-05,-0.270690436153811,0.143,0.19,0.35553608272026
"BAK1",1.39821916827738e-05,-0.367691451598349,0.098,0.136,0.359510112547479
"RALGAPA1",1.41640707035967e-05,-0.397846609747079,0.079,0.113,0.364186585930879
"PHACTR4",1.45221841459119e-05,-0.373716357517032,0.161,0.209,0.373394398759686
"RNF114",1.51662635763451e-05,0.389935417332286,0.406,0.369,0.389954969074984
"ATP6V1C1",1.57537530418885e-05,0.501759117116962,0.392,0.363,0.405060498213038
"ATXN1",1.58443636365584e-05,-0.300399626296425,0.132,0.176,0.40739027782319
"FIG4",1.60312280436849e-05,-0.255618713371951,0.092,0.13,0.412194935459225
"TANK",1.65593997136539e-05,0.506668735618847,0.458,0.435,0.42577528543747
"KIAA1033",1.7095364494084e-05,0.504503498628281,0.339,0.303,0.439556011871888
"SUZ12",1.72802426584471e-05,-0.287244242422693,0.121,0.164,0.444309599233993
"GTF2A1",1.72921490147381e-05,-0.319400581338287,0.079,0.113,0.444615735466946
"SLC30A5",1.73247769659034e-05,-0.270766213131143,0.083,0.119,0.445454665347309
"CFAP36",1.75372740921234e-05,-0.296221939671128,0.075,0.11,0.450918391456678
"ABCD4",1.75522792959361e-05,0.755688813777213,0.116,0.079,0.45130420525711
"SH3GL1",1.75824491920389e-05,-0.25433761837145,0.104,0.145,0.452079933625704
"AGO3",1.76070203445124e-05,-0.317092421475094,0.092,0.129,0.452711707098102
"CYTH4",1.76260369513056e-05,-0.30045435065425,0.162,0.209,0.453200662091969
"SIPA1",1.78501347030214e-05,0.708249398242502,0.164,0.124,0.458962663484085
"IL16",1.79045443541575e-05,0.605375697778925,0.162,0.12,0.460361644434098
"SLAIN2",1.80292007592031e-05,-0.449342948215772,0.097,0.134,0.463566809920631
"TCTN3",1.81507606689904e-05,-0.551834340176683,0.073,0.106,0.46669235832108
"C1orf35",1.8159148740021e-05,-0.314215385047281,0.128,0.171,0.466908032403421
"AGPAT1",1.85952481524906e-05,-0.472910987937285,0.095,0.132,0.478121020496838
"JUN",1.88894079448132e-05,0.393512360149176,0.787,0.798,0.485684457077036
"CCDC47",2.01402153613928e-05,0.449924725850297,0.313,0.269,0.517845217372131
"AKR7A2",2.02299398107202e-05,-0.252842711067338,0.237,0.295,0.520152212413239
"MINPP1",2.06904792547587e-05,-0.39414962724778,0.074,0.107,0.531993602598355
"PLEKHA1",2.09131502028301e-05,0.796483376936201,0.126,0.088,0.537718918015166
"TM6SF1",2.09865437311909e-05,0.646284242758559,0.242,0.203,0.539606012416381
"HDAC10",2.15382027827894e-05,-0.304798241575551,0.081,0.116,0.553790269951081
"MYC",2.17111573010983e-05,0.598742967612995,0.203,0.159,0.558237276525839
"DNAJC21",2.18641529067551e-05,-0.290654287661783,0.107,0.147,0.562171099538488
"CYP17A1",2.22829448818775e-05,-0.455695035679925,0.088,0.124,0.572939078802834
"RUNX3",2.37033460308227e-05,-0.420214693841365,0.113,0.152,0.609460433144514
"CHD2",2.37375447685702e-05,-0.260216463123686,0.18,0.228,0.610339751089477
"FOXO3",2.37850593449722e-05,0.485134323288034,0.317,0.278,0.611561445877926
"CNEP1R1",2.38931342066116e-05,0.654285887819671,0.132,0.093,0.614340266720398
"SPOP",2.39951213520053e-05,0.506945781340179,0.243,0.199,0.616962560202761
"GABPB1-AS1",2.43445723882515e-05,-0.27004414188345,0.08,0.115,0.625947645246723
"PRDM2",2.43746430150218e-05,-0.319785973601037,0.127,0.169,0.626720821202241
"CNTRL",2.52514721977586e-05,0.731796553316068,0.158,0.119,0.64926585314877
"AKAP9",2.54982465365333e-05,0.511487018311576,0.348,0.313,0.655610914947343
"FHIT",2.58870072707326e-05,0.812409429862101,0.105,0.07,0.665606730945077
"C6orf120",2.60966069878889e-05,-0.446867527763039,0.075,0.107,0.670995958872598
"DCLRE1B",2.61286342234835e-05,-0.365131721455665,0.072,0.104,0.671819443154208
"NELFCD",2.61423067310774e-05,-0.340964694963602,0.112,0.151,0.672170990669462
"SLC8A1",2.64029807645573e-05,-0.305442757702049,0.203,0.253,0.678873441418298
"SLC35A5",2.6702372662037e-05,0.781959272291033,0.107,0.072,0.686571405886294
"KCTD5",2.67582764322582e-05,-0.430341468644584,0.081,0.115,0.688008803626223
"YPEL3",2.6865375777829e-05,0.59168721896861,0.17,0.129,0.690762541999539
"TBRG4",2.75689858842767e-05,-0.284254297099215,0.111,0.151,0.708853765056524
"ADH5",2.84334393733668e-05,0.560042575752713,0.285,0.246,0.731080593168007
"STK17B",2.89696828826625e-05,0.546900971387144,0.33,0.288,0.744868486279017
"ASCC1",2.93174475305071e-05,0.916820521120655,0.107,0.073,0.753810210904399
"RECQL",2.94860236274098e-05,-0.253888114322802,0.17,0.221,0.75814463950796
"NSL1",2.99609295647178e-05,0.504357505195972,0.295,0.258,0.770355420968023
"CDCP1",3.13625567460199e-05,-0.370009412311062,0.081,0.115,0.806394059053664
"NOC4L",3.35855824586544e-05,-0.366543276001405,0.077,0.111,0.863552496176922
"CASP7",3.36197720820285e-05,-0.283973775707087,0.09,0.126,0.864431579773116
"SGMS1",3.48948801502926e-05,0.761920076175012,0.138,0.101,0.897217158424324
"SPOPL",3.56505693757971e-05,-0.263119578456382,0.071,0.103,0.916647439790494
"GNG2",3.67303306311555e-05,0.486539782638022,0.196,0.154,0.944410261188269
"ZFHX3",3.71564684610919e-05,0.660522348493626,0.26,0.223,0.955367117071596
"SYAP1",3.71720381092547e-05,0.610894910440104,0.441,0.42,0.955767443865156
"GDF15",3.71909810524575e-05,0.666493832212926,0.146,0.107,0.956254504820788
"EVI2A",3.75253282415972e-05,0.400759202569221,0.455,0.426,0.964851239747946
"SLK",3.76029502152566e-05,-0.369761302580185,0.093,0.129,0.966847055934677
"PRKAG2-AS1",3.91345852735439e-05,0.778459492223229,0.126,0.09,1
"PDE6D",4.03094628294229e-05,-0.300587166628901,0.078,0.111,1
"P2RY6",4.14649540377795e-05,-0.447096557469593,0.098,0.133,1
"OPA1",4.1483061253617e-05,-0.277698433752022,0.08,0.114,1
"FARP1",4.16254151553334e-05,0.794572799470261,0.124,0.089,1
"MAN1A2",4.2079192943677e-05,-0.29542865472962,0.115,0.155,1
"VEZF1",4.23451851257625e-05,-0.260614393359359,0.092,0.128,1
"COMTD1",4.24182381526809e-05,-0.342448916930796,0.101,0.138,1
"PELI1",4.28886873158694e-05,0.587535937862424,0.226,0.185,1
"SLC35A4",4.34242274664911e-05,-0.260779156754891,0.102,0.14,1
"LPCAT3",4.38974945185928e-05,-0.287321467883762,0.104,0.142,1
"OAS2",4.55835455403176e-05,-0.253464269733687,0.102,0.138,1
"HBS1L",4.58385866077957e-05,-0.253269903287123,0.078,0.111,1
"CLASP2",4.66903499879903e-05,-0.297439798648239,0.086,0.121,1
"SERPINF2",4.97553434189416e-05,0.689426653636702,0.147,0.11,1
"FBXW11",5.01931651556678e-05,-0.294022485344058,0.088,0.122,1
"SIGLEC7",5.04555177313065e-05,0.547240477593953,0.195,0.155,1
"CETN3",5.15885607023767e-05,-0.296196755896438,0.096,0.132,1
"SLC46A3",5.29791371084443e-05,0.713433377266429,0.146,0.109,1
"IDH3A",5.34256815506753e-05,-0.311079112775811,0.114,0.153,1
"DAZAP1",5.39763783262988e-05,-0.25537455822672,0.178,0.223,1
"RDX",5.74066507080753e-05,0.454753770217734,0.365,0.333,1
"UBE2E2",6.22502857151637e-05,0.482466403659226,0.334,0.3,1
"TMUB1",6.27567647479038e-05,-0.266302149950121,0.172,0.217,1
"SQLE",6.56301291035208e-05,-0.262607742932373,0.111,0.149,1
"LETMD1",6.58595339663129e-05,0.732323451112568,0.141,0.105,1
"MFSD2A",6.60869215014466e-05,-0.312928601039843,0.083,0.115,1
"WBP2",6.79970718738367e-05,0.519059415438058,0.33,0.298,1
"CYB5R1",6.85801376505256e-05,0.574562202394272,0.217,0.178,1
"RB1",7.26035046568729e-05,0.320948603609204,0.427,0.391,1
"SCAF4",7.28286279869741e-05,-0.300790461970069,0.072,0.103,1
"TP53I13",7.36510427856917e-05,-0.323856689580365,0.115,0.153,1
"ATP5A1",7.43227784128295e-05,0.319717972328598,0.581,0.587,1
"USP33",7.71649526601135e-05,-0.312212041037442,0.095,0.13,1
"ITGB3BP",7.74404200591772e-05,-0.295132581196339,0.104,0.14,1
"RNF187",7.82640102907121e-05,-0.296356653137617,0.107,0.144,1
"VPS41",8.0231204962199e-05,-0.262306041335146,0.144,0.186,1
"SEPT1",8.05803807891229e-05,-0.454910838627272,0.07,0.1,1
"NSMCE3",8.08586562814501e-05,-0.308313562852563,0.084,0.117,1
"ERN1",8.12486598026124e-05,-0.253588756304256,0.15,0.193,1
"TMEM43",8.33261249312736e-05,-0.372081896441351,0.076,0.107,1
"TMX1",8.52359689717044e-05,0.445030454503653,0.382,0.355,1
"FUT11",8.53428293019923e-05,-0.261557781015338,0.071,0.101,1
"YPEL2",8.5385660164781e-05,0.657350829266605,0.129,0.093,1
"ZNFX1",8.55899728326291e-05,-0.338821989727291,0.126,0.164,1
"C4orf32",8.7461770611709e-05,-0.410422504339643,0.083,0.115,1
"CLIC2",8.7990385828104e-05,0.432646123838658,0.285,0.243,1
"AKNA",9.19794067698281e-05,0.647564307072054,0.114,0.08,1
"CH17-189H20.1",9.80819115380501e-05,-0.255243115206174,0.097,0.133,1
"ATF3",9.821796936573e-05,0.601816782606452,0.566,0.586,1
"FAM213A",0.000102844276633698,0.419532285647595,0.29,0.252,1
"GAS6",0.000105770632136294,0.689844533710787,0.159,0.124,1
"RAB42",0.000107446295310256,-0.326446447025455,0.082,0.114,1
"GOLIM4",0.000109257034370962,0.540947333763473,0.288,0.252,1
"SCCPDH",0.00011044270174237,0.548571454274922,0.263,0.226,1
"SMARCA2",0.000111775592018502,0.688321152002374,0.151,0.116,1
"CD84",0.00011280231552197,0.366265782545864,0.411,0.387,1
"SAMD8",0.000112968242877988,-0.280059585372007,0.09,0.124,1
"TMEM134",0.000113040856102755,0.431092914071589,0.28,0.241,1
"FCGR2A",0.000114592405306702,-0.271969178267211,0.726,0.777,1
"FNBP1",0.000116076587301088,0.314248607696665,0.469,0.444,1
"EEA1",0.000119565778520764,0.696952325084288,0.145,0.11,1
"MIR4458HG",0.000120245954583889,0.635243850744592,0.189,0.153,1
"ZNF672",0.000123045787834805,-0.383662421399218,0.086,0.118,1
"ATG4C",0.000124138889582954,0.64742406945113,0.163,0.128,1
"ANAPC10",0.000129591907374139,-0.257328401538299,0.12,0.158,1
"JARID2",0.000129734738625415,-0.250352152102886,0.168,0.212,1
"MRTO4",0.000132908600172374,-0.312322467042382,0.099,0.134,1
"ALG2",0.000136733641337872,-0.362217196964413,0.113,0.149,1
"AKIRIN2",0.000139331382474109,0.515633694801449,0.371,0.351,1
"RARA",0.00014021964255587,-0.266862362650781,0.146,0.187,1
"UHRF1BP1L",0.000141103016367693,-0.29919429754447,0.076,0.105,1
"DIAPH1",0.000142477642915115,-0.326928115558051,0.099,0.133,1
"GNA12",0.000142505916969658,-0.342317638680507,0.076,0.107,1
"USP32",0.00014564616808178,-0.343892701057697,0.082,0.113,1
"SLC39A11",0.000145972186745203,-0.325736340620176,0.094,0.128,1
"CNIH1",0.000147564813609018,0.392953190004721,0.422,0.4,1
"APOC2",0.000148015553493474,0.386217669358536,0.207,0.165,1
"HADH",0.000150431429967588,0.735217928597323,0.183,0.151,1
"GBP2",0.000151895581896542,0.434185187008493,0.424,0.4,1
"CDK16",0.000152849173906302,-0.285699376935786,0.096,0.13,1
"SBNO1",0.00015490333815675,-0.26152056837372,0.128,0.165,1
"ICE2",0.000156015883055521,-0.41074677052012,0.081,0.111,1
"CD1D",0.000156249414063291,-0.390519613242432,0.076,0.105,1
"GMCL1",0.000157795264280904,-0.281528880759998,0.072,0.101,1
"TGS1",0.000158096889424102,-0.267265550996711,0.075,0.105,1
"PHF20",0.000164228129166616,0.545174611863198,0.278,0.244,1
"CCDC107",0.000164282116493555,0.435121118492349,0.429,0.409,1
"PITPNB",0.000174699168649176,-0.25632093699571,0.136,0.176,1
"CUL1",0.0001776336689551,-0.266107648934556,0.115,0.15,1
"AP2A1",0.000183161766053478,-0.327525672789065,0.097,0.13,1
"N4BP2L1",0.000185046431424297,-0.257930726038838,0.236,0.285,1
"POLR2M",0.000186797149540039,-0.264817723348626,0.099,0.133,1
"NSMCE4A",0.000190199107095027,-0.259849827148526,0.122,0.159,1
"TCF4",0.00019128916871396,0.357315013881231,0.247,0.208,1
"C7orf49",0.000197548367723217,-0.336780507144443,0.081,0.111,1
"BAZ2B",0.000199029316272786,-0.280248920397577,0.143,0.183,1
"SCO1",0.00020653725333642,-0.322238219624499,0.08,0.11,1
"PPP1CB",0.000207349745593356,0.332397918587464,0.657,0.668,1
"TLR2",0.000211832606534643,0.479493040422455,0.286,0.251,1
"PCTP",0.000218136767885082,0.713336626874991,0.114,0.082,1
"ALDH16A1",0.000218503842998752,-0.257295702833136,0.114,0.149,1
"TRIP12",0.000222166124235471,-0.270505032430221,0.17,0.211,1
"CCDC28A",0.000232214021629756,0.519335121920267,0.248,0.213,1
"GFPT1",0.000234054762403852,-0.387282181727498,0.075,0.103,1
"OGT",0.000235061614069535,-0.269958719984905,0.104,0.138,1
"CTSA",0.000246154227367245,0.269072029711742,0.613,0.621,1
"PBX2",0.000248698479633901,-0.290901861751327,0.087,0.117,1
"APOL3",0.000249132604799587,0.609800475677653,0.131,0.097,1
"ST6GAL1",0.000267037325915913,0.609549601588683,0.15,0.117,1
"SESN3",0.000267150134746197,0.629081948004991,0.147,0.114,1
"FAM234A",0.000274046547806943,-0.326357025457461,0.08,0.11,1
"ZNF562",0.000283137982151876,0.70099413426688,0.115,0.084,1
"SLC2A8",0.00029308803581401,0.596122967493382,0.158,0.124,1
"PQLC3",0.000293158351561655,0.479705003798356,0.31,0.284,1
"CASP3",0.000294670300803633,0.555799705099064,0.16,0.126,1
"MILR1",0.000318453409253589,0.650781246415956,0.18,0.147,1
"PAPD4",0.000319296745091515,0.539540457760486,0.24,0.207,1
"INPP5D",0.000321661186783768,0.580674581072758,0.153,0.12,1
"ISCU",0.000324989892800531,0.313365373246162,0.471,0.46,1
"HSD17B14",0.000333141858139031,0.508121485620254,0.204,0.167,1
"NBEAL1",0.00033388010246657,0.300237537414808,0.776,0.816,1
"AIDA",0.000335206570001747,0.517912457761878,0.236,0.202,1
"ZMYM5",0.000344903148442152,-0.313456805962815,0.08,0.109,1
"LMAN2",0.00035045340032744,0.308134256925055,0.574,0.576,1
"GCNT1",0.000370273126696171,0.826321291890148,0.11,0.081,1
"PKN2",0.000371923814245299,0.60727731592721,0.121,0.09,1
"AKAP17A",0.000372854252352653,-0.300409734514945,0.122,0.157,1
"JKAMP",0.00038652575148733,0.459183166021333,0.246,0.211,1
"SNHG12",0.000390467743635604,-0.476881546054794,0.11,0.142,1
"CWF19L2",0.000408129778451001,0.746229097677775,0.145,0.115,1
"STX12",0.000413402731260457,0.39218622444267,0.349,0.319,1
"PIGK",0.000420082480150343,0.55962732245686,0.128,0.096,1
"MTERF4",0.000439373744036237,-0.292730919388832,0.088,0.117,1
"MAPKAP1",0.000450954325970619,-0.303439890059498,0.123,0.157,1
"LYPLA1",0.000456206147239672,0.374340222967046,0.359,0.33,1
"HRSP12",0.000462026919558602,0.665872380132299,0.185,0.154,1
"ITPR2",0.000464544224142408,-0.303427308181355,0.172,0.211,1
"VPS28",0.000470737681777438,0.268824638301236,0.589,0.584,1
"SREBF1",0.000477225519292003,-0.313795692386511,0.074,0.101,1
"URI1",0.000488594328830437,-0.292128504070055,0.073,0.1,1
"LEO1",0.000499509664743415,0.743816550119367,0.109,0.08,1
"NT5DC1",0.000499958702028094,0.726556694190952,0.119,0.09,1
"SORBS3",0.000500341603345814,0.658690180834925,0.143,0.112,1
"ICAM2",0.000507542636237146,0.656770679976782,0.185,0.153,1
"ZNF280D",0.000518992675891268,0.725464557728353,0.109,0.08,1
"FMNL2",0.000520648311727931,0.517431313213316,0.221,0.188,1
"ING2",0.000529926443603919,-0.299285577014523,0.109,0.142,1
"LY6E",0.000545359757312823,-0.329464142957857,0.565,0.594,1
"UGDH",0.000547479899098657,0.724517765295796,0.16,0.13,1
"TKT",0.000548009189326593,0.289019414508296,0.588,0.592,1
"RNF44",0.000582584316210396,-0.347469725772679,0.078,0.106,1
"MRPS18B",0.000584093399382082,0.319768512636656,0.264,0.226,1
"FUOM",0.000588327895254371,0.351746297689841,0.44,0.421,1
"RAD51AP1",0.000605749685164212,-0.277667469945223,0.077,0.104,1
"ERO1B",0.000614706233282463,-0.637725877477676,0.084,0.111,1
"VAMP2",0.000616983190490249,0.388533679133431,0.347,0.319,1
"CIITA",0.000620932104637332,-0.419765626093997,0.088,0.116,1
"TNFRSF14",0.000624468348251404,0.337558876705141,0.395,0.372,1
"ATXN7",0.000640241971529948,-0.316900116092,0.091,0.12,1
"TNNI2",0.000650841300292562,0.631140742898324,0.133,0.103,1
"NINJ2",0.000668835563755803,0.586699967392345,0.129,0.1,1
"CERS5",0.000669007835173718,-0.307081289464954,0.076,0.103,1
"HMGCL",0.000707256935157184,0.530291408540912,0.186,0.154,1
"GTF2B",0.000722003455399828,0.515751590640952,0.262,0.23,1
"ZNF131",0.000744696111084189,-0.25152066636644,0.107,0.138,1
"GBP4",0.000746718788558879,0.277626420625599,0.217,0.179,1
"RP11-1143G9.4",0.000750476503290557,0.46496890351913,0.295,0.356,1
"PCMTD1",0.000772921467553631,0.555392968251272,0.218,0.188,1
"APH1A",0.000776629038213091,0.346911672123344,0.414,0.398,1
"PXN",0.000801691026445384,0.799719609637789,0.105,0.078,1
"TATDN3",0.000816575289044571,0.727829144243476,0.129,0.101,1
"RCHY1",0.000821698280596497,0.548121660837184,0.15,0.12,1
"TEX264",0.00082616451900125,0.399580251169936,0.319,0.292,1
"CORO1B",0.000882667427599781,0.359278514697316,0.466,0.461,1
"CPNE8",0.000948133545327811,0.461333894099266,0.133,0.103,1
"NDRG2",0.000956293862031073,-0.431071306689105,0.115,0.148,1
"YTHDC2",0.000972069895363953,-0.492875682500034,0.084,0.11,1
"CCDC186",0.0010198663759409,-0.268227487794789,0.089,0.117,1
"IER2",0.00102183208900706,0.332113929155325,0.614,0.635,1
"BICD2",0.00105411419570641,-0.273031334855127,0.083,0.11,1
"UBAC2",0.00105536262254576,0.534376260911325,0.253,0.223,1
"C17orf58",0.00109211691326443,-0.459384660781028,0.076,0.101,1
"LONP1",0.00114608511388599,-0.275050331223386,0.088,0.116,1
"ZNF800",0.00114766074732105,-0.254174184017076,0.099,0.128,1
"PAG1",0.00117362459882357,0.494888342503194,0.241,0.211,1
"IGHA1",0.00117484234438558,0.865336286085471,0.165,0.14,1
"GIMAP1",0.00117581005805387,0.588703540660901,0.151,0.122,1
"SSH2",0.00117701962748254,0.506124797291752,0.167,0.137,1
"FCHSD2",0.00129652197879165,0.734146710139004,0.135,0.108,1
"HPS3",0.00131249420629616,0.643927993335602,0.149,0.121,1
"GOT1",0.00131388285048121,0.772989602206069,0.117,0.091,1
"DHRS3",0.00139812924745755,0.391258086980142,0.306,0.28,1
"TRAPPC12",0.00140322730634397,-0.294195169468551,0.083,0.109,1
"PIAS2",0.00141913396152365,0.573291256852658,0.13,0.103,1
"LENG1",0.00143048012569517,0.596451845173834,0.14,0.111,1
"TMEM39A",0.00143226567816137,0.533351892562035,0.112,0.084,1
"NR3C1",0.00147259274367181,-0.348826175775597,0.245,0.29,1
"SERPINB6",0.00148775316195032,0.290901812863846,0.513,0.51,1
"FAM21A",0.0014937172873898,0.608782963545604,0.137,0.109,1
"CTSO",0.00150819564229028,0.563906377622656,0.125,0.097,1
"LMO2",0.00151217602781234,-0.267680997379703,0.081,0.107,1
"ING3",0.00153166732096368,0.536553565872097,0.158,0.129,1
"TIMM44",0.00154183524522313,-0.252331630805447,0.104,0.134,1
"LMBRD1",0.00156585717226811,0.464348174091451,0.25,0.221,1
"RSRC2",0.00158884185733801,0.258860918044563,0.456,0.434,1
"C6orf48",0.0016404276374515,0.342334968678637,0.435,0.422,1
"POU2F2",0.00165749782990723,0.664884851575308,0.106,0.081,1
"PALLD",0.00166921211411401,-0.386706627568072,0.075,0.1,1
"AHCY",0.00167951523303336,-0.327124272010588,0.233,0.268,1
"ABHD14B",0.00168397017509194,0.497475134960716,0.219,0.191,1
"CALD1",0.00169804596023591,0.486968435894241,0.179,0.149,1
"BIN2",0.00171432194633543,0.561932819782128,0.195,0.167,1
"DIAPH2",0.00175623590742962,0.563947001196452,0.109,0.083,1
"STOM",0.00175719928779294,0.303504810506764,0.44,0.425,1
"FOXN3",0.00178545114881988,0.433570089187918,0.294,0.269,1
"APOBEC3G",0.00183852444814226,0.46538873715455,0.141,0.112,1
"EPSTI1",0.00184526025244706,0.304741368503977,0.449,0.426,1
"OPN3",0.00187193152827658,-0.312167695447868,0.241,0.284,1
"ECHS1",0.00187514344342804,0.336232652234273,0.493,0.493,1
"PPP1R21",0.00188199545509493,0.622030002948518,0.102,0.077,1
"KRCC1",0.00195577938909491,0.375835699693964,0.191,0.16,1
"GHDC",0.00196415404347332,0.578538629952111,0.104,0.079,1
"SAR1B",0.00199063217004002,0.457893741196442,0.289,0.264,1
"CD1C",0.00202559607024275,-0.323285057717153,0.09,0.115,1
"PLAA",0.00202985939561706,-0.258075394295795,0.078,0.103,1
"MSMO1",0.00205181717647589,0.561024922436133,0.121,0.095,1
"SECTM1",0.00206907899385097,0.56540975453622,0.12,0.094,1
"SIAH2",0.00209563298265619,0.502053106160223,0.261,0.232,1
"SP140L",0.00213196130306767,0.611431143189304,0.124,0.097,1
"ABCC5",0.00214137195158064,0.48812181184744,0.151,0.123,1
"HLA-DQB2",0.00218991339408503,-1.74361870723702,0.079,0.102,1
"OLFML2B",0.00229204942007994,-0.296238291385771,0.108,0.136,1
"FGD4",0.00237729021166178,0.406265405525228,0.233,0.202,1
"DHCR24",0.00239453914891082,0.717213306000842,0.14,0.115,1
"WDR45",0.00243343321441393,0.424914211736202,0.194,0.165,1
"PMPCB",0.00281414566995132,0.430680749527148,0.207,0.179,1
"PIAS1",0.00283600141551751,0.435718474795185,0.234,0.205,1
"HMOX1",0.00295681557029146,-0.382602238214135,0.592,0.648,1
"MAN2B1",0.00307349113103166,-0.280150688003465,0.08,0.105,1
"FAM21C",0.00315197534542473,0.476002270037615,0.136,0.11,1
"AMDHD2",0.00326291199341537,0.391220788745175,0.222,0.194,1
"FAM26F",0.00328105830115446,0.27697045349698,0.615,0.646,1
"CYB561A3",0.0033177127671633,0.470891918304346,0.157,0.129,1
"DUSP11",0.00360895076412312,0.63785423071781,0.151,0.126,1
"PDCD4",0.00363580926044214,0.406077516457523,0.25,0.226,1
"MPP1",0.00369514161475378,0.31962717172699,0.434,0.423,1
"RASSF3",0.0037150222576551,0.356036182867529,0.252,0.223,1
"RP11-138A9.2",0.00372723196135738,-0.364094819620946,0.159,0.188,1
"NUP214",0.00376607440534243,0.453132057076179,0.312,0.293,1
"NMD3",0.00387340717170785,0.413728932144207,0.167,0.14,1
"GRHPR",0.00388390355470799,0.398780240860214,0.378,0.369,1
"BIN1",0.00390766342993521,0.497750411107889,0.207,0.182,1
"PIK3C2A",0.00391348041030646,0.696812197855324,0.121,0.098,1
"CHID1",0.00412879411218308,0.460838191656751,0.265,0.243,1
"LACC1",0.00420341630977628,0.593341100141096,0.113,0.089,1
"MYCBP2",0.00425235835245139,0.444589059479697,0.229,0.204,1
"EIF2S3",0.00431908286100525,0.380766551208033,0.387,0.373,1
"CASP1",0.00445250356271296,0.294590502012764,0.492,0.488,1
"PLTP",0.00469899341672326,-0.26544355979635,0.438,0.479,1
"UQCRC2",0.00503592722913381,0.277320684330991,0.485,0.483,1
"GSAP",0.00551344508827102,0.405143053368644,0.161,0.135,1
"COX11",0.00569411548469175,0.456634446554156,0.161,0.136,1
"RGS18",0.00590210134709323,0.447620483352466,0.232,0.208,1
"GNAI3",0.00599418712294552,0.28671949540751,0.483,0.484,1
"JCHAIN",0.00616916752669614,-0.422782541730338,0.124,0.099,1
"FAH",0.00632619580013042,0.417221686544823,0.196,0.173,1
"ARRDC1",0.00675344278015146,0.521234917370455,0.169,0.146,1
"FES",0.006764231671622,0.477399737340049,0.232,0.209,1
"ILF3-AS1",0.00694012435919275,-0.468682441343898,0.107,0.132,1
"GCC2",0.00721196054656889,0.401457768835903,0.243,0.219,1
"FSCN1",0.00750279813004476,-0.397148451009632,0.159,0.188,1
"ZRANB2",0.00799327787171078,0.47533455803794,0.19,0.166,1
"DBP",0.00814871612861013,0.484770708722276,0.107,0.086,1
"TCEA1",0.00830155553638417,0.36848756982213,0.375,0.367,1
"SIGLEC1",0.00832227061282739,0.46715729386177,0.173,0.149,1
"TUBB",0.00847915215517524,-0.281970093229675,0.761,0.747,1
"SNX29",0.00909814600115431,0.50334877864258,0.133,0.111,1
"TCF12",0.00921286192020033,0.474186500859012,0.159,0.135,1
"HAAO",0.00964527141412311,0.528142658323678,0.124,0.103,1
"DARS",0.00975238437155641,0.319372876429505,0.43,0.423,1
"ITSN2",0.0100463091188814,0.364829056855822,0.279,0.259,1
"TLN1",0.0102685935012623,0.336925858129548,0.367,0.355,1
"RBM23",0.0104283599416456,0.339927755467054,0.183,0.157,1
"NDFIP1",0.0104322825222021,0.250717307436098,0.545,0.565,1
"VPS13C",0.0105567759359713,0.40253386367777,0.207,0.183,1
"ST3GAL1",0.0107880423852844,0.420532130385564,0.182,0.158,1
"MBNL2",0.0108133899319167,0.508360132707488,0.117,0.096,1
"IER3IP1",0.0110731807547277,0.281676691533187,0.376,0.361,1
"SNX1",0.0111230103583693,0.455306394237199,0.212,0.19,1
"DIP2B",0.0111429198767227,0.547303318715339,0.1,0.08,1
"LILRB2",0.011169859887485,0.360380954469833,0.265,0.242,1
"PXDC1",0.0112711988961959,0.572757253872633,0.125,0.105,1
"HMHA1",0.0121730193072058,0.422364155149707,0.195,0.172,1
"ALKBH7",0.012341112243272,0.305018180544956,0.411,0.409,1
"SCARB2",0.0126007207593341,0.259209843562517,0.469,0.469,1
"ARMCX1",0.0126597151245812,0.616732752096617,0.161,0.14,1
"SIRT7",0.0130533794179674,-0.251549794762327,0.102,0.125,1
"MRPL45",0.0133523741198627,0.59693299801829,0.138,0.118,1
"XRN1",0.0137633425673706,0.539053373059091,0.124,0.103,1
"PARP10",0.0145857968651574,0.402432510252136,0.127,0.105,1
"GBP5",0.0146119753526083,-0.290259958916724,0.141,0.165,1
"UBQLN2",0.0150289423616251,-0.265793413155094,0.082,0.102,1
"NMRK1",0.015228633560922,0.426344236249629,0.165,0.144,1
"PCK2",0.0153495479467912,0.520130480032899,0.112,0.093,1
"TST",0.015516673541654,0.58211828211047,0.108,0.089,1
"PCCB",0.0157397931643703,0.530505439936744,0.104,0.084,1
"IL10",0.0163781340652001,0.482895463016199,0.21,0.185,1
"SNX4",0.0167639970204518,0.518047401806505,0.179,0.159,1
"ZMYM2",0.0169935723921495,0.343969838830143,0.173,0.151,1
"SPG20",0.0172803178106685,0.362365282768136,0.206,0.182,1
"KLF3",0.0178054281979835,0.39246000610061,0.227,0.206,1
"EPS15",0.0180577269518121,0.407126470566216,0.189,0.168,1
"PCM1",0.0182520967671081,0.43526072230948,0.229,0.209,1
"RPA2",0.0184436808471583,0.37728814190718,0.218,0.197,1
"RASSF1",0.0193649149728164,0.572284581898697,0.126,0.107,1
"SPAG7",0.0197088588089869,0.328717218977445,0.354,0.345,1
"EAPP",0.0203218633343312,0.422164978783941,0.23,0.211,1
"MPHOSPH8",0.0205394247997683,0.396941469603541,0.26,0.242,1
"PREX1",0.020918979074387,0.406137472004393,0.217,0.197,1
"PSMG2",0.0216171277607679,0.298459851913317,0.445,0.45,1
"IVD",0.0216939073105809,0.626821412836456,0.1,0.082,1
"MRPL50",0.0218045385221014,0.414460716701435,0.231,0.213,1
"MKLN1",0.0219727609708682,0.587775036571705,0.136,0.118,1
"PPIE",0.0225407849058971,0.409929561946904,0.19,0.168,1
"VPS26A",0.0225590116617819,0.257543849293763,0.36,0.346,1
"TNS1",0.0228729483746732,0.461217095868414,0.105,0.086,1
"LRRC41",0.0231347923161861,0.552336018431636,0.108,0.09,1
"GBP3",0.0233964667544174,-0.285662059441945,0.12,0.14,1
"PAN3",0.0234758445037059,0.350190821265197,0.113,0.094,1
"THRAP3",0.0241347757615813,0.287201784139679,0.331,0.319,1
"MAT2B",0.0243831822719687,0.343885287699931,0.278,0.261,1
"CST7",0.0245545333186157,-0.629587018380445,0.154,0.176,1
"SHTN1",0.0246933926328527,0.321405163313037,0.265,0.246,1
"AFF1",0.0247839448408537,0.509320765875571,0.117,0.099,1
"SMIM3",0.0251962563673861,0.424899778340605,0.226,0.207,1
"GLOD4",0.0254239189733753,0.385612041287786,0.24,0.222,1
"ASCL2",0.0256114482201187,-0.257262944974987,0.082,0.101,1
"S100A16",0.0256273017944996,0.40158342692132,0.147,0.127,1
"TBC1D22A",0.0256388147812138,0.374289056197709,0.144,0.125,1
"C20orf27",0.0256673038596327,0.309809874191476,0.299,0.284,1
"SLC7A8",0.0258360691821542,0.413953121223852,0.138,0.118,1
"IK",0.0261301110850098,0.310493910946434,0.308,0.292,1
"TAGLN",0.0261661714071642,0.451396822976951,0.128,0.109,1
"C14orf159",0.0262557070665134,0.433982110962734,0.101,0.084,1
"ITGA4",0.0263769051691074,0.576071683421568,0.128,0.11,1
"RBM14",0.0270148137998165,-0.271047982550052,0.094,0.113,1
"IGBP1",0.0271820998828456,0.362122091438919,0.292,0.279,1
"C3orf38",0.0272903782657754,0.343982330145378,0.13,0.111,1
"CDC42EP3",0.0275880572524697,0.444319368304019,0.199,0.18,1
"ACADS",0.0282559438661322,0.556751609918297,0.117,0.1,1
"HPS1",0.0289874372106735,0.371635737300135,0.245,0.228,1
"EIF4B",0.0301636388530525,0.325763954084148,0.43,0.433,1
"SUMF2",0.0305212745840844,0.274670571848035,0.33,0.314,1
"HBP1",0.0323469858960907,0.410406675694019,0.268,0.251,1
"KLHDC8B",0.0329278134650163,0.464318171996561,0.122,0.104,1
"PHC2",0.0329499854231097,0.582336381867073,0.16,0.143,1
"VIMP",0.0334472369848509,0.304380312697825,0.518,0.542,1
"MARCH7",0.0336613879180649,0.421566121495618,0.18,0.162,1
"GPN3",0.0342682182697537,0.456164962200705,0.213,0.196,1
"DNAJB14",0.0357877773051671,0.359343899476048,0.185,0.166,1
"ATG7",0.0359829391416858,0.415570052598547,0.162,0.144,1
"ARRDC3",0.0365106857740154,0.257364211295703,0.372,0.362,1
"ELF2",0.0366469207881118,0.344489274851384,0.177,0.158,1
"GNPDA1",0.0375176206446278,0.305649363054718,0.306,0.293,1
"WAS",0.0379314496858525,0.280179050458522,0.341,0.332,1
"EAF2",0.0383714107390329,0.469812105654394,0.169,0.153,1
"PPIL4",0.0385505215884551,0.502076424959341,0.176,0.159,1
"WDR43",0.040138033535116,0.559455696221023,0.139,0.123,1
"CPSF3L",0.0401486274406601,0.403777736072114,0.157,0.14,1
"SGPP1",0.0403895101514465,0.40911039462301,0.136,0.119,1
"WDR33",0.0406147776032652,0.323120538996664,0.269,0.253,1
"SORD",0.0410846944687088,0.408680683185439,0.155,0.138,1
"BTK",0.0418396385004198,0.389378684293813,0.216,0.2,1
"WIPI2",0.0421021720866835,0.375281859444824,0.262,0.25,1
"PSME4",0.0425126966934821,0.415680792541251,0.152,0.134,1
"CLK4",0.0426115844579739,0.562901692209371,0.103,0.087,1
"SARS",0.0429830259680199,0.302361064747346,0.301,0.287,1
"HVCN1",0.044063017821637,0.464133422633127,0.144,0.128,1
"MMAB",0.0452651538311131,0.415786932645199,0.134,0.117,1
"MYO1F",0.0467887850706652,0.312209204529356,0.265,0.249,1
"ACAT1",0.0487457357806278,0.422662694411447,0.266,0.259,1
"PRDM1",0.0495742654760717,0.421999624188711,0.278,0.264,1
"ERRFI1",0.0500138929180061,-0.358609695749877,0.183,0.206,1
"AGA",0.0512414897111563,0.579389122737535,0.119,0.104,1
"PNISR",0.0522514612486313,0.26814791854707,0.371,0.367,1
"BTN3A2",0.0529489938925549,0.476984871186923,0.158,0.142,1
"HSD17B4",0.0539242167380421,0.364848471293822,0.265,0.253,1
"AP1S2",0.0546306563074046,-0.305765377170453,0.659,0.705,1
"EIF3L",0.0557278792811739,0.284749884625982,0.569,0.613,1
"SLC39A1",0.0559801990354862,0.295985794788411,0.297,0.283,1
"SPSB3",0.0564120517625038,0.364756470041327,0.175,0.159,1
"ITGB5",0.0569129186880617,0.516032106822988,0.116,0.102,1
"OFD1",0.056922245703694,0.40038752300465,0.15,0.134,1
"YAF2",0.0577130589284339,0.425598149152569,0.235,0.221,1
"USP4",0.0577296954025315,0.388714114878749,0.141,0.126,1
"STX5",0.0584957549722013,0.339929168628582,0.187,0.172,1
"ACP5",0.0598038610620263,0.273329839478565,0.543,0.548,1
"RNF14",0.0604598991766796,0.357375758163079,0.1,0.085,1
"SDHA",0.0606455444143434,0.278599802330543,0.223,0.207,1
"IGFBP4",0.0610925920682718,0.265603891795029,0.141,0.125,1
"THBS1",0.0614049860570499,0.537533878609954,0.131,0.117,1
"TPD52",0.0618997853859348,0.464544397065346,0.206,0.194,1
"TMEM205",0.0619063963027969,0.261811661714342,0.341,0.33,1
"GALM",0.0619381595917031,0.36156603483368,0.234,0.221,1
"CMKLR1",0.0634517502374233,0.256750636921759,0.151,0.134,1
"PRKAG1",0.0634785611013269,0.432550943059834,0.174,0.159,1
"PRPS1",0.0644893388717866,0.345001040909442,0.14,0.124,1
"WBP1L",0.0658529580659687,0.428410433040735,0.1,0.086,1
"GBAS",0.066149905832367,0.341697070046691,0.3,0.292,1
"ARL16",0.0667422104230003,0.341301354757622,0.12,0.105,1
"TP53TG1",0.0668813204594377,0.330404745778333,0.167,0.15,1
"CFAP97",0.067145324187687,0.353625702386456,0.158,0.142,1
"C16orf62",0.0674809262640581,0.476064288276073,0.102,0.088,1
"TRIM56",0.0686402845275033,0.434664328684619,0.116,0.101,1
"HTATIP2",0.0688463468967384,0.326539863604876,0.293,0.285,1
"ATF6B",0.0688512713369319,0.390090911935761,0.174,0.158,1
"ANGPTL4",0.0696214130113303,0.96071158861511,0.122,0.109,1
"ATM",0.0709166959678751,0.279404834117159,0.187,0.171,1
"SLAMF7",0.0715368070650933,-0.462499473598374,0.121,0.136,1
"MRPL10",0.0720420686377869,0.429523685155682,0.131,0.116,1
"PRKAG2",0.0723052044099257,0.36362548137705,0.184,0.167,1
"NIT1",0.0724640781280588,0.412238725717651,0.107,0.093,1
"DOK1",0.0735264633986537,0.365664061713614,0.128,0.113,1
"SC5D",0.0739935180627257,0.333138813723146,0.119,0.104,1
"WDR45B",0.0746898075832138,0.663646071051742,0.333,0.334,1
"PTK2B",0.0749730198126919,0.479037079472585,0.155,0.14,1
"MIA3",0.0752023173279053,0.34929633124943,0.124,0.109,1
"WRB",0.0771605609223761,0.338900302810457,0.14,0.125,1
"SND1",0.0772183457980568,0.286756603967249,0.22,0.205,1
"PTPN18",0.0772647785363095,0.380604374890454,0.239,0.228,1
"NCOA3",0.0788850330774558,0.427982008169868,0.15,0.136,1
"ZC3H7A",0.081667205692878,0.325485058536511,0.121,0.106,1
"PDLIM2",0.0868307445984199,0.315213883733644,0.159,0.144,1
"TRIM14",0.0872498311622796,0.34583022242886,0.113,0.099,1
"TBC1D9",0.087380928259523,0.445588752290657,0.152,0.139,1
"FGFR1OP2",0.0876762125028074,0.311392348492981,0.319,0.313,1
"ARRB1",0.0878572554454877,0.338590465261108,0.117,0.103,1
"RPF1",0.0884475867328934,0.354261654614068,0.212,0.199,1
"RNPEP",0.0890645940980584,0.312992418065802,0.277,0.27,1
"CSNK1D",0.0891231117263118,0.308118011925898,0.25,0.239,1
"EIF2A",0.092537602256829,0.292567491727031,0.339,0.335,1
"UROD",0.0950621083557261,0.378878945728616,0.24,0.232,1
"ZRSR2",0.0970255022979456,0.289828784188209,0.115,0.101,1
"CCDC174",0.0972252886084719,0.370059863680767,0.152,0.138,1
"SRFBP1",0.0973656459904233,0.316595183798041,0.112,0.099,1
"CLEC10A",0.0993796226198873,0.269227376747738,0.236,0.218,1
"NCOA7",0.0997336945743671,0.353411060978591,0.177,0.163,1
"PHACTR1",0.101272119303106,0.334528913574592,0.473,0.488,1
"TMEM120A",0.103556952687996,0.396653679424724,0.167,0.154,1
"KLF10",0.10598248816165,0.314281015415952,0.366,0.367,1
"GGA1",0.106545691042228,0.378709007702743,0.217,0.205,1
"TAPBPL",0.107235583210577,0.444265717559452,0.142,0.13,1
"ARHGAP5",0.107463691745547,0.341645537423633,0.123,0.109,1
"ACYP2",0.107951739867068,0.367408092562342,0.17,0.157,1
"TNRC6B",0.108798359611418,0.342114954671706,0.219,0.207,1
"ZBTB44",0.1117959283116,0.403254583884892,0.106,0.094,1
"EMC2",0.11327275109746,0.37162148428021,0.213,0.203,1
"EPAS1",0.119748817246268,0.343777019208663,0.163,0.151,1
"DHRS4L2",0.119794398239503,0.303543735677685,0.247,0.238,1
"RABGAP1L",0.120922559331126,0.347220345339094,0.168,0.156,1
"MEF2A",0.12126372540468,0.319348931089693,0.222,0.211,1
"UFSP2",0.123433305089169,0.450834297809891,0.141,0.13,1
"RSBN1L",0.125853591352601,0.384092054848467,0.171,0.159,1
"ARHGAP4",0.125934174624096,0.30404508166165,0.237,0.227,1
"SDHD",0.126316324120089,0.251905086596311,0.456,0.475,1
"NAPRT",0.132564421404794,0.316067601426231,0.265,0.26,1
"AZI2",0.134538500694037,0.382591159143729,0.275,0.268,1
"SARNP",0.13603894233178,0.267217078751427,0.13,0.149,1
"MMADHC",0.136386766237729,0.271352886056327,0.409,0.421,1
"SLC12A5",0.137257024337291,0.520990099230616,0.102,0.091,1
"TMEM173",0.138125973010116,0.314060249334501,0.151,0.138,1
"ANAPC13",0.139232556056117,0.298270988054249,0.311,0.309,1
"MOCS2",0.139730456883836,0.371673852555612,0.191,0.181,1
"MTMR14",0.142129153538104,0.307423713181267,0.21,0.201,1
"GPR108",0.144478547803573,0.33135687919216,0.227,0.217,1
"SAP30BP",0.145325752938728,0.344673616914752,0.241,0.233,1
"ALDH3A2",0.146284546242195,0.348636855413788,0.155,0.144,1
"SNX9",0.146916989926815,0.30888177312529,0.287,0.282,1
"DNPEP",0.148990429276065,0.295099040015861,0.196,0.185,1
"HERC1",0.149331521936865,0.371687782688185,0.107,0.096,1
"H1F0",0.151006035668436,0.402886743187917,0.192,0.179,1
"NFE2L3",0.152121919978128,0.512062146544464,0.111,0.101,1
"TBC1D15",0.15234935668737,0.440605009899317,0.181,0.172,1
"RPAP3",0.156993739712097,0.340100396072797,0.109,0.097,1
"NBN",0.157655603364388,0.359041195476472,0.291,0.286,1
"PARP14",0.167626317694034,0.320708584095769,0.267,0.263,1
"PHAX",0.167770290132746,0.277009497785831,0.129,0.117,1
"AFMID",0.167835710962755,0.513721085464568,0.135,0.126,1
"TM2D3",0.168380017626612,0.338360949907496,0.26,0.255,1
"DHRS4",0.170012490308419,0.393362981686321,0.114,0.104,1
"ARHGEF1",0.172110384338471,0.377830796200984,0.145,0.134,1
"ACAA2",0.174737507457684,0.349949379790362,0.296,0.302,1
"PPIL3",0.175305767003469,0.292368991372022,0.209,0.199,1
"RNF141",0.177116946072672,0.308689630816547,0.186,0.176,1
"RASGEF1B",0.178302632808773,0.440685794064798,0.43,0.442,1
"SNW1",0.178817526306762,0.287390679286273,0.287,0.282,1
"TRAPPC6A",0.181364392914404,0.321729217135873,0.267,0.263,1
"DDX27",0.183730188234327,0.30656313289293,0.249,0.241,1
"RAB7B",0.184858118396687,0.28795137020805,0.119,0.108,1
"IFNAR1",0.186060826037297,0.314074034299986,0.303,0.3,1
"DCPS",0.187321675536099,0.531823122924794,0.116,0.108,1
"RFC1",0.188386188623738,0.321442897615853,0.151,0.141,1
"COMMD10",0.188445058709442,0.339226910071871,0.234,0.228,1
"GRASP",0.19247521296646,0.536636281333474,0.159,0.152,1
"PSMB8-AS1",0.197943975510408,0.336751859371235,0.149,0.139,1
"PDLIM1",0.19942519285056,0.367021337730648,0.109,0.099,1
"ZDHHC7",0.19971261325192,0.366212635724879,0.13,0.121,1
"MLXIP",0.201409817183757,0.357611966370076,0.124,0.114,1
"DMAP1",0.201614125280207,0.370865362784456,0.109,0.099,1
"GPX2",0.205409595702018,0.706608245578459,0.176,0.172,1
"GSTZ1",0.210345131003043,0.343288555222623,0.109,0.099,1
"ZMYND8",0.213633466272978,0.328320052400601,0.127,0.117,1
"EMB",0.214793729061764,0.28489075607559,0.168,0.159,1
"HNRNPH2",0.216254269644393,0.294536260548824,0.336,0.341,1
"SRP68",0.220143427119041,0.372695155680163,0.117,0.108,1
"CYP20A1",0.220178030940369,0.368585324432171,0.2,0.193,1
"PHF3",0.220180634035358,0.351860705717549,0.178,0.169,1
"TSPAN14",0.225380367055204,0.282929305540783,0.23,0.223,1
"FUBP3",0.22582450138947,0.323633133610178,0.109,0.1,1
"SUCLA2",0.228478928066994,0.41725984297085,0.126,0.119,1
"KCNAB2",0.228748812494146,0.385251792262716,0.2,0.194,1
"PRPF31",0.231642044781818,0.335339298628209,0.202,0.195,1
"WDR70",0.232025855122093,0.342183565070786,0.114,0.105,1
"TMEM55A",0.239350801737048,0.344860023022385,0.119,0.11,1
"ZNF581",0.239383177641068,0.253963900042414,0.16,0.151,1
"NOB1",0.24916635532268,0.314316465659632,0.126,0.117,1
"NUBP1",0.24962693640334,0.289256944433085,0.221,0.217,1
"ADRBK2",0.251706628553643,0.336348190976751,0.157,0.149,1
"MED11",0.253851735744407,0.388880824228576,0.12,0.111,1
"UBXN2B",0.260509155478989,0.456929255401548,0.135,0.127,1
"NARS",0.260717465135263,0.257957706877049,0.331,0.334,1
"NFKBIL1",0.261941786043384,0.32453109740807,0.11,0.102,1
"SFMBT2",0.263722028011265,0.512806542994893,0.111,0.105,1
"MORC3",0.270475984556508,0.350311980966321,0.113,0.105,1
"NSFL1C",0.272277033095951,0.296183548642916,0.239,0.236,1
"CEP63",0.272704243487233,0.387348781282614,0.123,0.116,1
"CCL5",0.277201880610375,0.253383625606393,0.315,0.307,1
"TMEM11",0.279191465167593,0.362337623682611,0.147,0.139,1
"SDCCAG8",0.279370214833324,0.272544541833045,0.245,0.242,1
"MED4",0.281385627724672,0.262307598855743,0.287,0.286,1
"AATF",0.28183198253584,0.305401778216606,0.174,0.167,1
"POLK",0.282926040487545,0.35284039629379,0.114,0.106,1
"TREM2",0.283144997179379,0.430754442502509,0.426,0.448,1
"DPAGT1",0.285742971215679,0.386051591957172,0.1,0.093,1
"PIK3R5",0.289531634369247,0.355902503339405,0.114,0.106,1
"ACTR6",0.293743896084396,0.438278021458697,0.112,0.105,1
"ORC4",0.296280454765196,0.398924149889485,0.107,0.099,1
"NOTCH2",0.305610956167634,0.257096798224276,0.153,0.145,1
"C12orf76",0.308061355058723,0.315838601528054,0.102,0.095,1
"METTL23",0.308301343563414,0.256135651571956,0.215,0.209,1
"DERA",0.309852506736889,0.335872995745776,0.213,0.209,1
"CH17-340M24.3",0.310736938091264,0.264530633859773,0.233,0.23,1
"MED29",0.317051968202502,0.269080936317799,0.214,0.209,1
"RIC8A",0.318988207059953,0.304641306081252,0.122,0.115,1
"ARFIP1",0.321754149879638,0.310313853219122,0.111,0.104,1
"SPG11",0.325432339582524,0.352671004080315,0.11,0.103,1
"BCL2L1",0.330393655604512,0.292528490248334,0.184,0.177,1
"BAIAP2",0.336083242394701,0.293893362199499,0.152,0.145,1
"CEBPZ",0.342989764688505,0.250694019862716,0.191,0.186,1
"PIGP",0.349463849727891,0.26279676169396,0.283,0.286,1
"ZCCHC2",0.349492053894777,0.303596260272711,0.107,0.101,1
"ANKH",0.352046823233715,0.263141528531502,0.16,0.154,1
"RAD50",0.354979660452229,0.323441943591973,0.135,0.129,1
"GLA",0.358651418068818,0.267297528933863,0.34,0.344,1
"FAM58A",0.370327972917003,0.391818120513266,0.1,0.094,1
"MAN1B1",0.380143241137236,0.340325965407394,0.123,0.117,1
"C2orf47",0.383483722817082,0.455378716944961,0.104,0.099,1
"C4orf27",0.39392782032522,0.354161861047038,0.163,0.159,1
"ARL4A",0.401201030773489,0.299050040247676,0.433,0.45,1
"RNF166",0.404753245873556,0.279086531701909,0.152,0.147,1
"RHOQ",0.404996391976351,0.271448412016433,0.252,0.251,1
"ABCB7",0.40752715806226,0.336127942021748,0.106,0.1,1
"GPATCH2L",0.415296686662711,0.3478348261421,0.185,0.182,1
"CCDC117",0.416570246154435,0.308227777865957,0.104,0.099,1
"IQSEC1",0.417477376968642,0.345582337662178,0.101,0.095,1
"PLRG1",0.432849462919325,0.268772633086028,0.137,0.132,1
"KAT5",0.437055140267429,0.388975779463645,0.122,0.117,1
"MDM4",0.438540103189727,0.26769212994014,0.207,0.203,1
"MRPS30",0.4470459724719,0.315880359818679,0.131,0.126,1
"CDK6",0.46175052323129,0.274415813575749,0.11,0.105,1
"DTNBP1",0.46339680394143,0.352064071675525,0.157,0.153,1
"TTC14",0.464041038126851,0.264458179209264,0.133,0.129,1
"NFU1",0.469403234968882,0.278936434079189,0.256,0.258,1
"UVRAG",0.469427876131386,0.265635272913676,0.129,0.125,1
"ASMTL",0.473725212185151,0.304210648588499,0.101,0.097,1
"KLF11",0.476690419464467,0.265540864608577,0.114,0.123,1
"PDPK1",0.481817842805403,0.31007410838509,0.138,0.134,1
"DNAJB12",0.483643976266449,0.266778871257882,0.165,0.163,1
"TICAM1",0.48408177836364,0.328731080866778,0.111,0.107,1
"DNASE1L1",0.4899024469248,0.255904149023996,0.109,0.104,1
"ATAD1",0.491477108018445,0.337214950068845,0.13,0.127,1
"RBCK1",0.492297269745456,0.25605344906069,0.263,0.267,1
"C9orf72",0.496855452760536,0.260253945273059,0.223,0.221,1
"PRKCD",0.497943803853689,0.279282230339339,0.146,0.142,1
"NAGPA",0.511689166448079,0.296272515430308,0.112,0.109,1
"VPS4B",0.511862083651083,0.295740446219788,0.197,0.196,1
"TM7SF3",0.512458148259549,0.299273369015447,0.148,0.146,1
"EXOSC8",0.513157904159673,0.331082091724207,0.171,0.169,1
"CCDC82",0.516126309965076,0.340402674955051,0.131,0.128,1
"STX8",0.521975525700997,0.298578691004286,0.292,0.299,1
"SAMD9",0.529904738367584,0.362058340994332,0.109,0.105,1
"TBC1D9B",0.534608820766596,0.317958700122762,0.12,0.117,1
"COPS2",0.535590411316873,0.251145840499924,0.235,0.236,1
"SYNJ2BP",0.535939604461674,0.259794355873081,0.114,0.111,1
"DHRS1",0.544369936496314,0.323134594512618,0.105,0.101,1
"STK16",0.557137445452371,0.308138606175599,0.113,0.109,1
"NT5C3A",0.558865479710377,0.400258520649455,0.162,0.161,1
"DDIT3",0.559923300452472,0.29257813518438,0.278,0.28,1
"XRCC4",0.565215268527826,0.384540692099558,0.104,0.101,1
"BROX",0.575092085494475,0.253207829765439,0.231,0.233,1
"STX6",0.582371449465248,0.296083452124182,0.149,0.147,1
"C12orf45",0.586601806104174,0.382107218765721,0.223,0.226,1
"UTRN",0.590775699372286,0.352389640586581,0.176,0.178,1
"PDE8A",0.605421812835254,0.419955944791485,0.101,0.099,1
"ARID4A",0.615715886355342,0.290521243776777,0.185,0.186,1
"MARCH6",0.644933978724218,0.285162422840718,0.199,0.202,1
"TCEAL1",0.647366759056131,0.276235124088565,0.113,0.111,1
"MED8",0.651554895079991,0.262535705031969,0.173,0.173,1
"PDCL",0.65799578805777,0.340637167619729,0.106,0.104,1
"RBM5",0.667731761170109,0.280267292741036,0.163,0.163,1
"GMPR2",0.680516285703436,0.289714673892622,0.145,0.145,1
"SLC12A7",0.685416366234391,0.338187201788943,0.111,0.109,1
"ADK",0.691171551985096,0.276251255648446,0.158,0.158,1
"DDX19B",0.69198467690715,0.315209182450018,0.115,0.114,1
"TMEM101",0.701113903286697,0.259306940378262,0.14,0.139,1
"NDUFA4L2",0.702434535192622,0.290196336338198,0.143,0.143,1
"PEX16",0.712918843191243,0.32862830986038,0.136,0.136,1
"STARD10",0.719437600505105,0.251312467875038,0.112,0.111,1
"CD2AP",0.730181060226005,0.258445450512204,0.107,0.112,1
"UNC50",0.732976310533408,0.250399732529111,0.188,0.191,1
"ZSWIM7",0.742150268626781,0.250733671171446,0.205,0.207,1
"PLOD1",0.748863066308788,0.305869672638951,0.162,0.164,1
"OSBPL9",0.751430207141385,0.255547579871763,0.133,0.132,1
"COPS7A",0.751659839212348,0.27609678775548,0.134,0.134,1
"PMAIP1",0.752591809198948,0.274064729774141,0.384,0.409,1
"TPGS1",0.766594872782334,0.287957294589103,0.1,0.105,1
"RSRC1",0.77278913891318,0.272409041904415,0.239,0.246,1
"U2SURP",0.796092061791609,0.267380165223431,0.263,0.282,1
"LYRM5",0.809559304351573,0.254663134286603,0.178,0.186,1
"KNOP1",0.81687589565696,0.277645501887457,0.116,0.116,1
"SIRT1",0.824297859116771,0.259547583929953,0.112,0.116,1
"DOCK4",0.827502847666261,0.257485827110672,0.11,0.114,1
"PDHB",0.834723309259591,0.252188476427747,0.246,0.256,1
"UBA3",0.83494749511261,0.264500458722234,0.186,0.19,1
"MRPL46",0.836403946327094,0.315483514234676,0.099,0.103,1
"ABHD5",0.836751181229524,0.274312945975764,0.143,0.149,1
"IFRD2",0.843299871807657,0.276260677700128,0.105,0.109,1
"VRK3",0.857434350746485,0.253136669234193,0.116,0.116,1
"PGGT1B",0.862622270524027,0.267586767956848,0.116,0.117,1
"USE1",0.862742856257785,0.277771796532666,0.163,0.165,1
"NEDD9",0.869775394795966,0.388342138063168,0.132,0.135,1
"SPINK1",0.869967160985699,0.675375198477187,0.194,0.207,1
"ASNSD1",0.876088749269388,0.298521338858823,0.152,0.154,1
"SNX27",0.876548906800989,0.259936311233136,0.182,0.19,1
"TOR1AIP1",0.882211990047595,0.287838198636847,0.148,0.153,1
"RLF",0.883118844243684,0.255587534841542,0.116,0.117,1
"TCF7L2",0.900659298729887,0.361180891369752,0.147,0.152,1
"HCCS",0.906424720302349,0.291133276058911,0.149,0.153,1
"FAM3A",0.922437314436534,0.271076035905462,0.107,0.111,1
"HOMER3",0.925008381041911,0.268783798806719,0.13,0.134,1
"ATXN3",0.927994005644268,0.284795797336599,0.142,0.144,1
"ZCCHC7",0.928319551624064,0.270880394327625,0.097,0.1,1
"TMEM91",0.931354744150548,0.320640116476925,0.135,0.138,1
"ENTPD3-AS1",0.942254974379177,0.314440640428008,0.097,0.1,1
"PHKB",0.95880131716975,0.269060204056384,0.157,0.161,1
"ARFGAP2",0.965035976993848,0.265737323963224,0.124,0.127,1
"MRPS22",0.965403570099766,0.282732564451837,0.147,0.152,1
"RPP30",0.978522071482209,0.287939795720313,0.177,0.184,1
"MR1",0.994777304949856,0.310915259828444,0.131,0.134,1
"MPST",0.995553831745985,0.266060736834139,0.297,0.318,1
"CEP57",0.995765222399537,0.301268671892661,0.15,0.155,1
