"","p_val","avg_log2FC","pct.1","pct.2","p_val_adj"
"BEX1",2.41072565200157e-154,-3.83597740727217,0.015,0.27,6.19845779642644e-150
"VCX3A",2.41474641413853e-146,-3.25769203815436,0.064,0.472,6.20879598003299e-142
"FBLN1",5.40527291282121e-127,-3.36205087343373,0.018,0.258,1.38980377134459e-122
"NTS",2.50538071372903e-115,-3.22123861236925,0.011,0.202,6.44183489114009e-111
"PAGE5",1.00392824637673e-109,-2.59045084722614,0.063,0.412,2.58130030708384e-105
"TUBB2B",3.29990742314432e-107,-3.52773957524301,0.012,0.196,8.48472196638867e-103
"ACTA1",1.82970810690845e-103,-5.83752576214754,0.002,0.11,4.70454548448301e-99
"TSC22D3",7.79456714896417e-95,2.42025882089535,0.883,0.635,2.00413910534167e-90
"GP2",2.65923680704361e-92,-2.98951946666389,0.015,0.196,6.83742967827053e-88
"CD24",1.70920088141038e-90,-2.51990163518544,0.044,0.318,4.39469730628237e-86
"PRAME",2.80430071537717e-87,-3.56878926607963,0.007,0.145,7.21041799937779e-83
"MT1G",2.88696081410304e-86,-2.27732542487301,0.088,0.436,7.42295364522174e-82
"CRABP1",4.72709891756904e-84,-4.14389393588476,0.003,0.11,1.21543167368535e-79
"CKB",2.6217545897852e-83,-2.41056967633549,0.087,0.424,6.74105540125571e-79
"MDK",1.13248277871546e-82,-2.51669270561588,0.135,0.504,2.91183972063319e-78
"CLDN6",2.17840402380273e-82,-3.05374701045098,0.014,0.178,5.60111242600159e-78
"ALB",2.32128377112442e-79,3.72270408490142,0.724,0.315,5.9684848323151e-75
"WFDC2",3.57789801722831e-79,-2.80702310053829,0.018,0.196,9.19949138189743e-75
"KRT19",3.03407995929744e-75,-2.69320723719952,0.023,0.211,7.80122639134559e-71
"CTAG2",5.71789856019799e-74,-3.1970234749312,0.019,0.19,1.47018607779811e-69
"SERPINH1",4.26773156134709e-73,-2.08919502207782,0.129,0.493,1.09731913905356e-68
"DMKN",7.06864968675348e-72,-2.34868903629987,0.025,0.217,1.81749120745806e-67
"HSPB1",2.52112745377536e-68,-1.53605950718842,0.648,0.926,6.48232290914722e-64
"VCX2",1.50784470149082e-65,-2.21014685852853,0.031,0.228,3.87697029647319e-61
"BAMBI",4.87477601857537e-65,-3.16487620189321,0.016,0.166,1.2534024098961e-60
"TKTL1",3.07330950180608e-64,-2.56480723796255,0.019,0.178,7.90209339104379e-60
"PCSK1N",1.60049788667456e-62,-2.85956580355298,0.014,0.151,4.11520016621763e-58
"UBE2C",3.65290374331125e-62,-2.05821008150852,0.066,0.326,9.39234610480189e-58
"VCX",5.64056808513237e-62,-2.4098586379993,0.026,0.205,1.45030286604923e-57
"PGAM2",7.73043867170946e-61,-2.73476879921159,0.015,0.157,1.98765039126994e-56
"FKBP4",3.62201110634878e-60,-1.61313644051367,0.227,0.62,9.31291495664399e-56
"APOE",8.61305917021448e-60,-0.592415554425753,0.723,0.994,2.21458977384555e-55
"CXCR4",3.74175353505842e-55,1.39717533939178,0.936,0.813,9.6207966893422e-51
"HLA-B",8.48890244460705e-54,0.85723681653426,0.994,0.985,2.18266659655736e-49
"NQO1",1.13491582220991e-53,-1.8416075634352,0.113,0.412,2.91809556206613e-49
"RANBP1",4.28639175364862e-52,-1.39748097801918,0.301,0.682,1.10211704769813e-47
"B2M",4.82162845068449e-52,0.552388458844231,1,1,1.23973710724e-47
"LY6K",1.64059814600846e-51,-2.10099227466199,0.018,0.157,4.21830595301696e-47
"HMGA1",3.3368910570532e-50,-1.71558732157128,0.16,0.481,8.57981428589518e-46
"BCAM",4.67326554271981e-49,-2.21065391146309,0.036,0.214,1.20159003634412e-44
"MALAT1",5.27334823055264e-49,0.673334898476906,1,1,1.3558832970397e-44
"RPS17",9.65699765644842e-49,-0.656613376312117,0.963,1,2.48300723742602e-44
"GLB1",9.82508559624091e-48,-1.9174248804207,0.11,0.383,2.52622600850546e-43
"KRT18",2.45392630059123e-47,-1.51666543496371,0.113,0.395,6.30953530408017e-43
"CST3",3.03923119588768e-47,-1.51111243507099,0.417,0.736,7.81447125086639e-43
"BAG3",5.54198889787916e-47,-1.34403650427772,0.203,0.546,1.42495618542269e-42
"ACTL8",4.48691922470118e-46,-2.3271004667695,0.014,0.131,1.15367667105517e-41
"NDN",6.72639619675254e-46,-2.86593331124213,0.013,0.125,1.72949099010901e-41
"COX5A",5.08103886186163e-45,-1.20885982223751,0.304,0.694,1.30643671216186e-40
"HSPA6",6.95456031982625e-45,-1.30482305086181,0.33,0.694,1.78815654943373e-40
"AHCY",2.39623440609862e-44,-1.8870537297039,0.076,0.303,6.16119790496078e-40
"LAPTM4B",1.32012864213544e-42,-1.79373186506597,0.067,0.279,3.39431476465864e-38
"NME1",1.63860722495052e-42,-1.30383262034106,0.166,0.478,4.21318689679277e-38
"RPS24",2.29508926634476e-42,-0.520970759675054,0.956,1,5.90113352162564e-38
"SDF2L1",1.23835201084236e-41,-1.33477313593652,0.187,0.51,3.18405069027787e-37
"CLDN3",2.71192362848154e-41,-2.57781127691155,0.024,0.157,6.97289803355174e-37
"C4orf48",6.15696568498627e-41,-1.17631524832407,0.208,0.546,1.58307901692367e-36
"TYMP",2.40005493104664e-40,-1.56406325528264,0.245,0.567,6.17102123870712e-36
"UCHL1",2.59971027427837e-39,-1.92058331386653,0.019,0.136,6.68437505722455e-35
"ZFAND2A",1.61312898573119e-38,-1.15755972307942,0.347,0.674,4.14767724811203e-34
"LIPC",3.99572554635108e-38,-2.54676443226936,0.01,0.101,1.02738095247779e-33
"PSMG3",8.13137045354275e-38,-1.66956251605507,0.07,0.273,2.09073797101491e-33
"MT1H",2.16426602887736e-37,-1.90831815596558,0.024,0.151,5.56476081344946e-33
"STOML2",2.17218964641239e-37,-1.54708453414575,0.184,0.469,5.58513401885555e-33
"FAM83D",4.47095999672867e-37,-2.02797437335233,0.023,0.145,1.14957323435888e-32
"CYR61",6.17114025328098e-37,-1.85514284568143,0.043,0.208,1.58672358192361e-32
"DNPH1",3.82593061914395e-36,-1.14414357735209,0.23,0.552,9.83723280794292e-32
"FKBP10",4.39369279529573e-36,-2.2050141195197,0.015,0.116,1.12970629152644e-31
"WBP5",6.62768101984094e-36,-1.7720804131902,0.052,0.226,1.7041093438215e-31
"EPCAM",3.78689529548693e-35,-1.78986579858826,0.027,0.157,9.736865183756e-31
"TIMM13",8.97320285180132e-35,-1.16979548560211,0.205,0.507,2.30718991725516e-30
"FLOT1",1.42965070950903e-34,-1.41975477563545,0.122,0.368,3.67591790428962e-30
"MZT2A",2.5409562255594e-34,-1.09751177685582,0.281,0.617,6.53330664715832e-30
"KRT8",3.40577936353274e-34,-1.54962566647915,0.125,0.365,8.75693989951539e-30
"COTL1",5.30824780724344e-34,-1.01548833904425,0.44,0.78,1.36485667619843e-29
"SNRPE",7.5508984263447e-34,-0.997639549850645,0.353,0.7,1.94148700338175e-29
"TUBB",7.8304388900322e-34,-1.39006318065961,0.384,0.662,2.01336244740508e-29
"LSM2",1.65053021202508e-33,-1.09237485083642,0.199,0.501,4.24384328115888e-29
"PHLDA2",2.01499525058006e-33,-1.06276012828968,0.103,0.335,5.18095578829145e-29
"CLTA",6.67201788725562e-33,-1.16731329669413,0.252,0.564,1.71550923917116e-28
"CHST13",9.10342191511422e-33,-2.26983662340887,0.017,0.119,2.34067184281417e-28
"TYMS",1.04101922146819e-32,-2.34716714155554,0.032,0.163,2.676668622239e-28
"RPS2",1.81158185086629e-32,-0.547738448190635,0.829,1,4.6579392549474e-28
"CRP",1.90908782021222e-32,-2.15062697898882,0.017,0.116,4.90864660332966e-28
"MIF",1.47482667173343e-31,-0.663382771317132,0.517,0.849,3.79207433836098e-27
"HSP90AA1",1.7978427499242e-31,-0.678504103021942,0.949,0.994,4.62261327860511e-27
"PTMS",2.0576283696347e-31,-1.2479792990947,0.186,0.457,5.29057406400474e-27
"CYBA",2.59628896196987e-31,-0.629886765634761,0.695,0.97,6.67557817901693e-27
"GTSF1",3.76089796465676e-31,-1.41996514939488,0.053,0.217,9.67002084672546e-27
"MTCH1",4.80959322141502e-31,-1.21429343944517,0.189,0.463,1.23664260909023e-26
"ZFP36",6.58204151678671e-31,1.43400511406198,0.797,0.718,1.6923745147962e-26
"DEFB1",1.1855059567658e-30,-1.27938999714742,0.073,0.261,3.04817291603622e-26
"QPRT",2.80937434538928e-30,-1.68798338649797,0.062,0.228,7.22346331686492e-26
"MAGEF1",8.10954559585258e-30,-2.19190060231627,0.025,0.136,2.08512636360562e-25
"H2AFY2",8.80657544110271e-30,-2.16616868222605,0.015,0.107,2.26434667741633e-25
"EIF6",1.24646979133835e-29,-1.03195866088379,0.252,0.555,3.20492312748916e-25
"RPS5",1.36798461036572e-29,-0.482903819339364,0.939,1,3.51736203017234e-25
"MSRB2",1.46952437500648e-29,-1.71253356747208,0.054,0.211,3.77844107301667e-25
"GPC3",2.83551978872779e-29,-1.63142267131485,0.078,0.261,7.29068848077691e-25
"DDAH2",3.37114905602865e-29,-1.43089435126901,0.109,0.32,8.66789845286086e-25
"H2AFV",7.5562851354733e-29,-0.884693896715742,0.357,0.691,1.94287203403289e-24
"HSPE1",8.10370249787592e-29,-0.500889998600333,0.803,0.982,2.08362398625386e-24
"SRGN",1.0089569392042e-28,0.741705234410007,0.973,0.938,2.59423008208183e-24
"IGLC3",1.09826029119123e-28,6.90442379814875,0.313,0.03,2.82384686071089e-24
"HSD17B2",1.15900966302237e-28,-2.20699442533052,0.014,0.101,2.98004564556312e-24
"ASGR2",2.32963263966691e-28,-1.83380033369747,0.038,0.169,5.98995144311157e-24
"RPL37A",2.58676331166017e-28,-0.428024634438233,0.955,1,6.65108582694062e-24
"MEG3",2.74448537124589e-28,-2.16948973432702,0.017,0.11,7.05662078654744e-24
"RPL28",2.88697096483188e-28,-0.392267940699195,0.991,1,7.42297974477574e-24
"CYP17A1",3.33947518946661e-28,-2.08327965430766,0.035,0.16,8.58645860715654e-24
"ELF3",4.2881394452685e-28,-1.51656113784373,0.04,0.175,1.10256641416744e-23
"CREB5",7.0261744589772e-28,-2.02763532034299,0.018,0.113,1.80656997689222e-23
"ISG20",1.75051564196352e-27,1.18952203534606,0.734,0.602,4.5009258186166e-23
"AGT",2.03092312252007e-27,-1.25101566302479,0.176,0.418,5.2219095326236e-23
"KIAA0101",2.37738330882667e-27,-1.44441789689362,0.057,0.211,6.11272796365513e-23
"HSBP1",2.78194386006612e-27,-0.986445400895494,0.271,0.558,7.15293405300201e-23
"TXNIP",4.12845407511453e-27,1.66427456276058,0.604,0.377,1.06150811179345e-22
"KRT10",4.86364586079598e-27,-0.85293839977128,0.311,0.623,1.25054062372786e-22
"H3F3A",6.48233943113762e-27,-0.559710730797296,0.825,0.964,1.66673911453411e-22
"HSPA1A",7.77849860531943e-27,-0.586477203862683,0.772,0.958,2.00000756139973e-22
"PTGDS",9.16160007836162e-27,-0.48758260271829,0.051,0.202,2.35563061214834e-22
"SERPINF1",1.85341531511423e-26,-1.42960275862837,0.082,0.258,4.76550145822171e-22
"NDUFA4",1.87470096065923e-26,-0.76340929550526,0.674,0.864,4.82023111004702e-22
"PCBD1",2.0953701753284e-26,-1.35607304041513,0.135,0.35,5.38761579480438e-22
"TMEM98",2.46130728130179e-26,-2.23478673461767,0.018,0.11,6.32851328168316e-22
"RPL13",8.85718290600782e-26,-0.507895180785848,0.871,1,2.27735886879273e-21
"RPS18",8.86971730860127e-26,-0.374284012042647,0.999,1,2.28058171438756e-21
"MANBAL",1.33373253037618e-25,-1.95522427382728,0.026,0.131,3.42929308210324e-21
"PFN1",1.80329936607785e-25,-0.57259342736806,0.822,0.997,4.63664333005936e-21
"CCL18",2.20671546747535e-25,-1.93830379041689,0.018,0.107,5.67390680997262e-21
"S100A13",2.34995483066278e-25,-1.48913697426246,0.058,0.208,6.04220386060013e-21
"CSRP2",2.86805558830232e-25,-1.92286027391657,0.02,0.113,7.37434452864292e-21
"GAPDH",3.7971823148227e-25,-0.534110532033709,0.955,0.994,9.76331516787212e-21
"C14orf2",6.6611693089776e-25,-0.667567210633309,0.548,0.858,1.71271985272432e-20
"CRTAP",1.02324848361641e-24,-1.55604772958774,0.083,0.252,2.6309765010745e-20
"CMTM8",1.10940397925616e-24,-1.71237968321794,0.051,0.19,2.85249951146345e-20
"NMB",2.61534562567108e-24,-1.68868120695003,0.054,0.193,6.72457667272548e-20
"PRRG4",2.61621288001086e-24,-2.10280072516116,0.029,0.134,6.72680655708392e-20
"POLR2F",2.69598298113766e-24,-0.863653171756408,0.261,0.546,6.93191144110116e-20
"MRPL23",3.21633308070102e-24,-1.4008048639903,0.113,0.303,8.26983561709846e-20
"PRKAR1B",3.34114728042405e-24,-1.68826836733291,0.03,0.139,8.59075788742632e-20
"IGFBP7",3.3714886922686e-24,2.57910105987794,0.362,0.104,8.66877172556102e-20
"CKS1B",5.21183324142203e-24,-1.29281155523962,0.114,0.306,1.34006656303443e-19
"PRELID1",5.85405193782832e-24,-0.963525576400761,0.295,0.561,1.50519383425442e-19
"GCSH",6.04238545295434e-24,-1.62201557515331,0.056,0.196,1.55361814766362e-19
"DNAJA4",6.39080468028095e-24,-1.01082178751568,0.152,0.38,1.64320369939384e-19
"RPS11",6.48821079438308e-24,-0.455154840601246,0.897,0.994,1.66824875945178e-19
"MAP1LC3A",9.19927708727251e-24,-1.37195587087377,0.09,0.264,2.36531812467951e-19
"NME4",1.56521632759442e-23,-1.43381682594373,0.074,0.234,4.02448422151077e-19
"ATP5D",1.7957494064113e-23,-0.763426601163469,0.393,0.7,4.61723087376474e-19
"IFI6",2.07581873315147e-23,-0.874295249032567,0.198,0.445,5.33734512667905e-19
"CYC1",2.09818116243059e-23,-1.01003595913978,0.21,0.457,5.39484340484153e-19
"RAC1",3.07189310525386e-23,-0.935405821090035,0.347,0.617,7.89845155222874e-19
"ATXN10",3.20696701788872e-23,-1.33684194628061,0.119,0.312,8.24575359639548e-19
"SERPINA5",4.5438155993836e-23,-1.84130286480611,0.024,0.119,1.16830586691351e-18
"SQLE",4.78931116059908e-23,-1.21352067553054,0.095,0.27,1.23142768561323e-18
"AK1",8.91942577814556e-23,-1.42345828958721,0.059,0.202,2.29336275607679e-18
"FAHD1",9.99361931116882e-23,-1.86773955008069,0.028,0.128,2.56955939728773e-18
"PAFAH1B3",1.00893601726857e-22,-1.3083269261326,0.061,0.205,2.59417628760096e-18
"MRPS26",1.01779600881262e-22,-1.23519557798136,0.102,0.282,2.616957097859e-18
"PPIA",1.60267192491401e-22,-0.545471570157545,0.744,0.941,4.12079005333891e-18
"HSPD1",1.77954975131092e-22,-0.628168677197758,0.705,0.89,4.57557832057063e-18
"DNAJB11",2.34819685913477e-22,-0.866191013785038,0.202,0.445,6.03768376420733e-18
"LAGE3",3.38908833162332e-22,-1.17142133766877,0.121,0.312,8.71402391826988e-18
"RPL8",3.94471229300516e-22,-0.343709178271951,0.987,1,1.01426442477749e-17
"LGALS2",4.33880236551777e-22,-1.74926308764644,0.023,0.116,1.11559286422193e-17
"NUDT5",4.55246918403977e-22,-0.871964726408394,0.178,0.409,1.17053087660031e-17
"TMEM97",5.37841916642621e-22,-1.60908834667948,0.035,0.145,1.38289913607151e-17
"PFDN6",5.59017879073709e-22,-1.00913864695012,0.136,0.341,1.43734677067432e-17
"PPIL1",6.11383503242214e-22,-1.7403138362333,0.027,0.125,1.57198926353638e-17
"APOC3",8.3456140321702e-22,2.58950500702047,0.449,0.243,2.1458242799516e-17
"BIRC5",1.12122107968311e-21,-1.9223594123941,0.031,0.134,2.88288364008122e-17
"CDC20",2.5746918904404e-21,-1.97797146842009,0.02,0.104,6.62004778870035e-17
"REEP6",3.01108022140917e-21,-1.84272957559711,0.034,0.139,7.74208946528725e-17
"UBP1",3.38382711293226e-21,-1.66145044356712,0.038,0.148,8.70049627277142e-17
"VPS25",4.39264825561156e-21,-1.15038235734202,0.081,0.237,1.12943771948284e-16
"CNOT10",4.82191167371851e-21,-1.29968951496297,0.049,0.175,1.2398099295465e-16
"NFKBIE",5.52832935080785e-21,-1.37642748471946,0.063,0.202,1.42144404267972e-16
"CHCHD10",8.74648689750837e-21,-0.934078849044882,0.222,0.46,2.24889671108735e-16
"RALA",1.00330839275193e-20,-0.970979750595435,0.112,0.294,2.57970653944376e-16
"HSPA1B",1.01415560975456e-20,-0.519587255767946,0.569,0.801,2.60759690380092e-16
"RP11-242D8.1",1.49444628890495e-20,-2.02342555347809,0.025,0.116,3.84252029803241e-16
"G0S2",2.25316619534836e-20,-1.7205838344686,0.106,0.276,5.7933409214797e-16
"PTPRC",3.15657514803912e-20,0.897386539625814,0.784,0.7,8.11618602063819e-16
"MALSU1",3.27930328526952e-20,-1.32648983962544,0.072,0.217,8.43174460708498e-16
"FTH1",4.22852637686243e-20,-0.384252452059115,0.846,1,1.08723870201887e-15
"MB21D1",5.29520727782004e-20,-1.23714428681066,0.079,0.228,1.36150369527309e-15
"S100A10",6.04996403710462e-20,-0.574106220988509,0.727,0.896,1.55556675322034e-15
"PLTP",6.79189346468871e-20,-1.6454686210531,0.028,0.122,1.74633164764076e-15
"CHCHD2",7.00665809249756e-20,-0.514920893308154,0.771,0.938,1.80155192874297e-15
"EBPL",7.26704425362854e-20,-1.26214273741045,0.076,0.223,1.86850241849297e-15
"CTNNAL1",1.05893054305664e-19,-1.07052284200892,0.055,0.181,2.72272221230722e-15
"SNRPB",1.31671826034545e-19,-0.688902209026642,0.468,0.745,3.38554599100023e-15
"MARCKSL1",1.75359184504377e-19,-0.942102596198774,0.18,0.395,4.50883535197653e-15
"MRPL51",2.43679225717564e-19,-0.795506475022649,0.294,0.543,6.26548025165e-15
"ACTB",2.52094144549576e-19,-0.336754559256674,0.99,1,6.48184464465869e-15
"ZFYVE21",2.57783761861374e-19,-1.40736776794012,0.041,0.151,6.62813608497965e-15
"ROMO1",2.67005293368253e-19,-0.620906973911567,0.386,0.682,6.86524010308451e-15
"HMGN1",3.98545433967289e-19,-0.637923901539337,0.505,0.772,1.02474001981669e-14
"SLC39A4",4.87003485524057e-19,-1.37540126846505,0.049,0.166,1.25218336197945e-14
"SEPP1",4.90863451886513e-19,2.67079237008226,0.314,0.095,1.2621081074906e-14
"DCTPP1",5.23799050432318e-19,-1.29716682823313,0.064,0.196,1.34679211847158e-14
"TUBA1C",5.44819119226748e-19,-1.04113961212053,0.14,0.329,1.40083891935582e-14
"C1QBP",9.3613552310157e-19,-0.881261904523134,0.213,0.442,2.40699165699876e-14
"PSMB5",9.43608600604897e-19,-0.799495185821456,0.224,0.457,2.42620643387531e-14
"RPLP1",1.04137599139846e-18,-0.272071897354875,1,1,2.67758594908373e-14
"MSRB1",1.25906725787305e-18,-1.47028750379971,0.04,0.145,3.23731373344319e-14
"HLA-E",1.36291656609199e-18,0.587267607467951,0.901,0.932,3.50433107473574e-14
"STMN1",1.42007432746002e-18,-0.785834342017245,0.226,0.448,3.65129511076521e-14
"C12orf75",2.31345605023194e-18,-0.785112764097167,0.22,0.454,5.94835819635635e-14
"CPVL",2.40520887201159e-18,-1.45364937501416,0.039,0.142,6.1842730517162e-14
"NDUFB9",2.59043707191672e-18,-0.730872506337829,0.396,0.656,6.66053179931226e-14
"RP11-138A9.1",2.597326811892e-18,1.32353898670984,0.597,0.454,6.6782466987367e-14
"NGFRAP1",2.59816208870362e-18,-0.456649905959557,0.186,0.412,6.68039436247476e-14
"TMEM41A",2.65421326286678e-18,-1.45569550129782,0.036,0.136,6.82451314148308e-14
"TOP2A",3.58213077198277e-18,-1.58988352339368,0.027,0.113,9.21037464092209e-14
"IDH2",3.66672382964468e-18,-0.883194503145146,0.265,0.493,9.4278803107824e-14
"RPS9",3.69076804341794e-18,-0.318410185916433,0.977,1,9.4897027932362e-14
"GAGE1",4.09558499918777e-18,-1.17506469288811,0.033,0.131,1.05305681499116e-13
"SLC30A1",4.76716068548825e-18,-1.57867373021323,0.037,0.136,1.22573235545274e-13
"CLIC1",4.78663691708502e-18,-0.466130640104111,0.732,0.941,1.2307400841209e-13
"CENPN",4.83329280278303e-18,-1.45253898563848,0.034,0.131,1.24273624545157e-13
"CLU",7.62065900083306e-18,-0.949047237756043,0.311,0.519,1.9594238422942e-13
"TPI1",7.74306088836744e-18,-0.565588128627267,0.682,0.855,1.99089581561704e-13
"FKBP5",8.07430326940525e-18,2.06598013785272,0.363,0.16,2.07606485662948e-13
"GPX2",8.68443310146451e-18,-0.758425761112428,0.078,0.223,2.23294143904855e-13
"HSPH1",8.81456112761326e-18,-0.53476315281282,0.616,0.849,2.26639995713192e-13
"TMEM176A",8.96380287335633e-18,-0.796435713172376,0.129,0.306,2.30477299479738e-13
"PRDX5",9.2625232756394e-18,-0.652752938027339,0.407,0.668,2.3815799846324e-13
"MRPL18",1.02295459634423e-17,-0.506406686137193,0.357,0.632,2.63022085812027e-13
"S100A9",1.07011699307915e-17,-1.07218373802149,0.057,0.178,2.75148481260511e-13
"HACD3",1.21328359812897e-17,-1.23668671239188,0.072,0.205,3.1195947875092e-13
"MRPL12",1.31812965272721e-17,-1.18433207365348,0.103,0.258,3.38917496309219e-13
"RP11-347P5.1",1.35576445206534e-17,1.62726321785792,0.447,0.249,3.48594155915039e-13
"NDUFS3",1.52415164463259e-17,-0.813683407102324,0.16,0.356,3.9188987086793e-13
"MT1F",1.5564770598568e-17,-0.96399804051794,0.077,0.217,4.0020138163038e-13
"SCO2",1.83470913834506e-17,-1.21314393363308,0.072,0.205,4.71740413651281e-13
"COA3",2.58670138500564e-17,-0.883766971678431,0.149,0.335,6.65092660112649e-13
"RAB34",2.66471038430645e-17,-1.59755301862549,0.023,0.101,6.85150334012873e-13
"TIMM8B",2.80756662410451e-17,-0.631510418738032,0.198,0.418,7.21881530389753e-13
"PRDX2",3.06432463469079e-17,-0.654191265577146,0.376,0.632,7.87899150071695e-13
"RPL29",3.3790952257293e-17,-0.36088261647354,0.948,0.994,8.68832964439517e-13
"MRPL28",3.61923559199864e-17,-0.909471187558035,0.14,0.32,9.3057785541469e-13
"GARS",4.04666260096309e-17,-1.15047801608752,0.074,0.208,1.04047788795963e-12
"PHB",4.67188665503751e-17,-0.768133322365854,0.239,0.466,1.20123549674324e-12
"ANXA4",7.15293609857953e-17,-0.898532238410221,0.111,0.276,1.83916292966677e-12
"NT5C3B",7.24980359878038e-17,-1.65805715111811,0.031,0.119,1.86406950131841e-12
"FOS",7.80511990249687e-17,1.16708409033564,0.676,0.62,2.00685242933e-12
"TUBB2A",9.12771320091495e-17,-0.96573699232448,0.111,0.273,2.34691761821925e-12
"GGCT",9.31014947498487e-17,-0.892388037730176,0.108,0.267,2.39382563300811e-12
"MRPL4",9.89217205148858e-17,-1.1014624269351,0.096,0.243,2.54347527787874e-12
"SLC25A1",1.15429866974931e-16,-1.39880131709215,0.044,0.148,2.96793273965943e-12
"MRPS34",1.37835515795685e-16,-0.972852933194737,0.171,0.359,3.54402678213865e-12
"WDR18",1.47256296777958e-16,-1.09355164675293,0.069,0.196,3.78625390275487e-12
"PERP",1.64715191384585e-16,-0.915950951942789,0.146,0.326,4.23515700088045e-12
"GPX4",1.73430545969166e-16,-0.609924208662294,0.545,0.763,4.4592461979592e-12
"MRPS2",1.75063473413603e-16,-1.45052101887215,0.054,0.166,4.50123202841056e-12
"KIF5B",2.1071855321932e-16,-0.711643444078584,0.256,0.487,5.41799544037516e-12
"PA2G4",2.14133038772133e-16,-0.584336727769124,0.284,0.537,5.50578869290908e-12
"BAK1",2.4626191816951e-16,-1.04179037756429,0.091,0.234,6.33188643997444e-12
"PRDX4",2.70744309352129e-16,-0.716234849449599,0.144,0.329,6.96137768206193e-12
"ATP5G1",2.79607509244943e-16,-0.637633422238439,0.261,0.51,7.18926827770599e-12
"ATP5J2",2.88110164057286e-16,-0.547547285157151,0.528,0.78,7.40788853824095e-12
"UQCRH",3.03207854159861e-16,-0.570706867123084,0.533,0.798,7.79608034615834e-12
"NKRF",3.03943623118798e-16,-1.26205170229155,0.051,0.16,7.81499843763054e-12
"LSM5",3.28236216253201e-16,-0.722990193486867,0.255,0.481,8.43960959230231e-12
"TIFA",3.41222106068715e-16,-1.26333178641542,0.102,0.249,8.77350279123879e-12
"MRPL11",3.48050814063341e-16,-0.90801100764745,0.135,0.306,8.94908253119662e-12
"LRRC61",3.57032245584925e-16,-1.61079467652228,0.03,0.116,9.1800130984796e-12
"IGLC2",4.32031287753783e-16,3.92972181268149,0.172,0.356,1.11083884707253e-11
"SAMM50",4.56891022178435e-16,-0.933497864495762,0.079,0.214,1.17475819622519e-11
"IGHG3",5.51954813988398e-16,-0.498983292491034,0.295,0.496,1.41918621772697e-11
"GNL1",5.8285910152923e-16,-1.03997652435817,0.099,0.246,1.49864732185196e-11
"TRAF4",5.92690852102431e-16,-1.08669713584895,0.093,0.234,1.52392671892577e-11
"TUFM",6.09751045613205e-16,-0.700410379281457,0.272,0.501,1.56779188848067e-11
"GLO1",6.43703880935251e-16,-0.882792237595136,0.173,0.359,1.65509141866072e-11
"SLC9A3R1",7.46482904343139e-16,-0.879286260011008,0.166,0.353,1.91935684364708e-11
"AP2S1",7.80117621469231e-16,-0.629377703832574,0.285,0.528,2.00583842832169e-11
"POP7",8.5797257467902e-16,-0.990165158919698,0.077,0.208,2.2060190840147e-11
"ACTG1",9.03480906544269e-16,-0.405846540669923,0.851,0.955,2.32303010690662e-11
"SEC61G",9.30091520036579e-16,-0.481475900914182,0.535,0.813,2.39145131631805e-11
"KDSR",9.38495687428892e-16,-1.42653972348094,0.064,0.181,2.41306011151717e-11
"FSCN1",1.03478907835277e-15,-1.26081608738389,0.03,0.116,2.66064967826064e-11
"TNFRSF25",1.08727337079639e-15,-0.959509264003697,0.126,0.288,2.79559729099167e-11
"MYL6",1.29291306348917e-15,-0.311947443335071,0.94,0.994,3.32433806884335e-11
"CD69",1.33295168418024e-15,1.46201015942979,0.606,0.478,3.42728537036422e-11
"PGF",1.51277098277046e-15,-1.55087318765721,0.027,0.107,3.8896367508994e-11
"LYRM4",1.980531773629e-15,-0.920016869596998,0.103,0.249,5.09234329635487e-11
"AURKAIP1",2.20436779559469e-15,-0.76546050371155,0.257,0.475,5.66787047603307e-11
"ADI1",2.23435202129619e-15,-0.833920075106003,0.213,0.409,5.74496591715676e-11
"STK4",2.47229474773591e-15,1.11261067898239,0.558,0.409,6.35676425537857e-11
"DCAF13",2.58019810366853e-15,-0.842524383274223,0.109,0.261,6.63420536415251e-11
"CDK4",3.41044860177147e-15,-0.973211341037401,0.085,0.22,8.7689454448748e-11
"MT1X",4.03783092803601e-15,-0.502101458582311,0.306,0.552,1.03820708821662e-10
"NDUFAB1",4.44813307686622e-15,-0.639040058045232,0.248,0.475,1.14370397672384e-10
"CLASP2",4.50440862238097e-15,-1.40237329860152,0.033,0.119,1.1581735449866e-10
"IDH1",4.535522590037e-15,-0.981790817423746,0.084,0.217,1.16617356835031e-10
"TFF2",5.27281089919928e-15,-0.861583558369761,0.027,0.107,1.35574513840212e-10
"PPP4C",5.30104315539186e-15,-0.587920830083479,0.263,0.496,1.36300421611435e-10
"DUSP4",5.36029272596454e-15,-0.733303087721947,0.356,0.573,1.3782384657e-10
"IMP3",5.78303430029137e-15,-0.865907164559004,0.147,0.32,1.48693377929092e-10
"CDC123",5.81898855415734e-15,-0.595835666008674,0.142,0.32,1.49617833704493e-10
"SNF8",5.91813720255788e-15,-0.92666434675988,0.142,0.309,1.52167143752168e-10
"RNF5",6.05335259173658e-15,-0.747587707301535,0.161,0.341,1.55643801838731e-10
"DUT",6.34675087139246e-15,-0.960438547401479,0.239,0.436,1.63187658405243e-10
"SYTL3",7.211284874944e-15,1.53411543792645,0.414,0.237,1.8541655670456e-10
"SESN3",7.25110557202238e-15,-1.21899410683347,0.054,0.16,1.86440426467839e-10
"RBX1",7.46637530624978e-15,-0.582558376776161,0.366,0.629,1.91975441874294e-10
"CTD-3252C9.4",7.94972256296841e-15,2.0118398563912,0.327,0.139,2.04403266539044e-10
"CSNK2B",8.03976910090674e-15,-0.678262902774823,0.319,0.543,2.06718543122514e-10
"HP",8.70431781555717e-15,3.07609335715167,0.237,0.062,2.23805419673606e-10
"MRPS10",8.83629601377483e-15,-0.923972580384533,0.105,0.249,2.27198843106178e-10
"FABP5",9.43112984345548e-15,-0.477971290256958,0.299,0.534,2.42493210534927e-10
"POLR2H",9.71564055452173e-15,-0.861290699760728,0.102,0.246,2.49808549937863e-10
"PDCD5",1.13212046958995e-14,-0.783567838670693,0.181,0.365,2.91090815140968e-10
"ATP5C1",1.26261352265351e-14,-0.627092679084878,0.37,0.617,3.24643188944671e-10
"MPST",1.30384931402806e-14,-1.05376175339005,0.103,0.243,3.35245735622895e-10
"IER3",1.53764320176462e-14,-0.751395633223664,0.126,0.288,3.9535882003772e-10
"TOMM22",1.62097618247607e-14,-0.655535124474877,0.305,0.534,4.16785396038248e-10
"GTF2H5",1.62184652147902e-14,-0.743559917088757,0.168,0.347,4.17009177602685e-10
"CALM3",2.10753800797731e-14,-0.594245191254746,0.406,0.644,5.41890172611126e-10
"CDKN3",2.15046299474079e-14,-1.39130666518087,0.034,0.119,5.52927045207751e-10
"FEN1",2.16111062020475e-14,-1.4121034753798,0.03,0.11,5.55664762667046e-10
"IFITM3",2.1917638762062e-14,-0.718656142891862,0.45,0.65,5.63546327850138e-10
"APOH",2.36648595447548e-14,2.52319998963408,0.326,0.154,6.08470868614736e-10
"TKT",2.37833340045254e-14,-0.668225519584811,0.216,0.418,6.11517083924357e-10
"PTP4A1",2.56689660516659e-14,-0.629461137921943,0.308,0.534,6.60000455120435e-10
"DPM2",2.6089733940499e-14,-0.802413026338514,0.103,0.246,6.70819239078109e-10
"CUTA",2.69627091745931e-14,-0.550915292187432,0.502,0.748,6.93265178297137e-10
"TNFRSF18",2.78902867256135e-14,-0.973049016358131,0.202,0.38,7.17115052288974e-10
"CAMK1",2.92287580203472e-14,-1.08073344760377,0.058,0.166,7.51529826219167e-10
"TK1",3.01916343604216e-14,-1.70090891207273,0.029,0.107,7.7628730267516e-10
"EHD4",3.08685802131892e-14,-1.10856917089648,0.074,0.196,7.93692934441521e-10
"KLF6",3.16188494097872e-14,1.03443311038918,0.718,0.721,8.1298385602445e-10
"TMEM14C",3.23093378337722e-14,-0.691444768906817,0.201,0.398,8.30737694381952e-10
"PTGES2",3.34087994717886e-14,-1.1793605954297,0.065,0.178,8.59007052018627e-10
"C11orf31",3.47857699689812e-14,-0.563749999169904,0.337,0.579,8.94411717442444e-10
"LSM4",4.01637903837024e-14,-0.783098749314046,0.204,0.398,1.03269137834576e-09
"FXYD2",4.36815293570087e-14,-0.680121384408295,0.047,0.148,1.12313948282741e-09
"GRINA",4.40844268886734e-14,-1.05792510017525,0.09,0.22,1.13349878416157e-09
"ISG15",4.43446545665179e-14,-0.503407262883607,0.446,0.674,1.14018975821431e-09
"POLDIP2",5.26236033871668e-14,-1.06572866410557,0.081,0.205,1.35305809029083e-09
"ECHS1",5.80347691296544e-14,-0.751531363331748,0.198,0.386,1.49218998386167e-09
"ODC1",5.97509937471019e-14,-0.767325880572497,0.166,0.344,1.53631755122548e-09
"SNRPC",6.24559550656652e-14,-0.724162778051098,0.218,0.415,1.60586751664838e-09
"SNX3",6.57809923115125e-14,-0.584492967205798,0.407,0.653,1.69136087431361e-09
"NDUFA2",7.46523936416204e-14,-0.540249564344532,0.318,0.555,1.91946234531334e-09
"ATP5G3",7.79274980665717e-14,-0.488855000330199,0.469,0.724,2.00367183028769e-09
"SOD1",7.80793598816561e-14,-0.404006853596654,0.732,0.914,2.00757650127714e-09
"PDIA6",7.95906690602581e-14,-0.541471190476918,0.355,0.596,2.04643528287736e-09
"SLC5A3",8.60727171244931e-14,-0.729160597328099,0.121,0.273,2.21310170270497e-09
"ARL4D",1.00130263086248e-13,-1.24719805519082,0.035,0.119,2.57454932447361e-09
"SERPIND1",1.01140488240876e-13,-1.12810234547634,0.052,0.151,2.60052423364941e-09
"PKM",1.0580817081989e-13,-0.313559499630875,0.483,0.73,2.720539688121e-09
"HAPLN3",1.07761367542775e-13,-1.40230955554785,0.04,0.128,2.77076028225984e-09
"MCM3",1.08956690409984e-13,-1.00063756028765,0.066,0.178,2.8014944238215e-09
"MVB12A",1.11796397724996e-13,-1.2316652157074,0.057,0.16,2.8745089783051e-09
"CD53",1.16281859282794e-13,0.971541477400294,0.612,0.543,2.9898391658792e-09
"AC090498.1",1.23293516787136e-13,-0.618317913182418,0.696,0.887,3.17012290363085e-09
"NDUFB10",1.26801486734282e-13,-0.569572381408808,0.293,0.525,3.26031982691186e-09
"EIF5A",1.39282872775648e-13,-0.768748918304242,0.246,0.436,3.58124122480745e-09
"HIST1H2BD",1.55248331810167e-13,-1.36551373936401,0.039,0.125,3.99174510750303e-09
"ATIC",1.61194668650131e-13,-0.952098716945176,0.077,0.196,4.14463732033217e-09
"CLDN4",1.64448945990505e-13,-1.3465332156631,0.031,0.11,4.22831129930785e-09
"RPL37",1.657989139694e-13,-0.291124683700347,0.945,1,4.26302167598121e-09
"RALY",1.7194274441245e-13,-0.823435829473429,0.251,0.451,4.42099184433291e-09
"MRPL40",1.91645495663961e-13,-0.795911443159068,0.112,0.255,4.92758898451177e-09
"HMOX1",2.20905111959981e-13,-1.15626325004997,0.071,0.184,5.67991223871502e-09
"VCP",2.22530894812085e-13,-0.636424780440834,0.23,0.43,5.72171436740834e-09
"PARP8",2.26563205082905e-13,2.25045138537791,0.256,0.089,5.82539312909166e-09
"RANGAP1",2.40670026931618e-13,-0.774571306926622,0.076,0.196,6.18810773246575e-09
"PPIH",2.41210337993259e-13,-0.919376546605864,0.077,0.196,6.20200021048268e-09
"PSMA4",2.57798090356999e-13,-0.518852131628872,0.384,0.629,6.62850449925917e-09
"SIGMAR1",2.5918187227414e-13,-1.16901379983109,0.046,0.139,6.66408429991269e-09
"IL1B",2.60938468264381e-13,-1.07055039140228,0.07,0.184,6.70924989601377e-09
"SMC4",2.61719603836491e-13,-0.711591613572797,0.159,0.326,6.72933445384387e-09
"PRDX1",2.61965796188441e-13,-0.362465825025256,0.508,0.757,6.73566455159721e-09
"SERPINC1",2.79467109370346e-13,6.25915188621767,0.143,0.003,7.18565831613034e-09
"CKS2",2.9859528333911e-13,-0.554346040330276,0.373,0.617,7.67748192521521e-09
"ZNF428",3.01394508563151e-13,-0.869359484339461,0.142,0.3,7.74945560417574e-09
"TTR",3.41410869316068e-13,2.22189377317786,0.379,0.226,8.77835627185474e-09
"COX6C",3.41840176806057e-13,-0.484554331619555,0.696,0.869,8.78939462603735e-09
"HLA-DQA2",3.46442871506288e-13,-1.18342679157748,0.074,0.187,8.90773911216967e-09
"CDK1",3.56135316686063e-13,-1.18773345378335,0.032,0.11,9.15695126263205e-09
"RPS19BP1",3.85915631783203e-13,-0.73445739896481,0.242,0.436,9.92266272440972e-09
"RPS12",3.94515562792812e-13,-0.328231567327363,0.979,1,1.01437841505288e-08
"TNFRSF4",4.07603382882331e-13,-1.10262631238464,0.212,0.386,1.04802981806705e-08
"RGS1",4.20498459328531e-13,0.848997822026304,0.762,0.68,1.08118563862552e-08
"MTX1",4.25393333410219e-13,-1.03812819520325,0.074,0.187,1.09377133886435e-08
"QDPR",4.6445486428071e-13,-1.08172801024911,0.067,0.175,1.19420634703856e-08
"GADD45GIP1",4.80477603845485e-13,-0.668375371850223,0.273,0.475,1.23540401500751e-08
"BSG",4.87819298005219e-13,-0.590196943885517,0.427,0.662,1.25428097903102e-08
"ACP1",4.93941284117266e-13,-0.718273741748722,0.234,0.421,1.27002182972231e-08
"UBE2T",5.28546449744404e-13,-1.38554149469434,0.03,0.104,1.35899863158281e-08
"PDLIM7",5.29345847252242e-13,-1.47932328323577,0.034,0.113,1.36105404245497e-08
"ANP32B",5.6260070751897e-13,-0.631165234637121,0.313,0.54,1.44655893917278e-08
"DYNLRB1",5.8288352208094e-13,-0.524627694535481,0.3,0.528,1.49871011197451e-08
"HHEX",6.00375101399121e-13,-1.53880267739206,0.028,0.101,1.54368446071742e-08
"FUCA2",6.1565675313579e-13,-1.2356988392941,0.052,0.148,1.58297664366274e-08
"UQCC2",6.42430696169492e-13,-0.767805321163902,0.155,0.315,1.651817805991e-08
"H2AFY",6.65384570806769e-13,-0.665459238664406,0.233,0.433,1.71083680845836e-08
"UBL5",6.66939365923019e-13,-0.396327641509453,0.682,0.875,1.71483449766127e-08
"FKBP1A",6.74654001969924e-13,-0.475297604339849,0.442,0.694,1.73467036986507e-08
"NFAT5",6.77476251614444e-13,-0.989183623413187,0.091,0.217,1.74192693815106e-08
"HDGF",6.80919332459011e-13,-1.04616435586411,0.066,0.172,1.75077978761861e-08
"CACYBP",6.91007021539152e-13,-0.303433454529296,0.643,0.858,1.77671725378147e-08
"BANF1",6.994013812911e-13,-0.559258231391812,0.294,0.516,1.79830083157568e-08
"UQCR10",7.32911055404992e-13,-0.499677378004414,0.519,0.745,1.88446090565731e-08
"NELFE",7.39640573138116e-13,-0.767914183290318,0.134,0.285,1.90176384165272e-08
"GNA15",7.42655827104804e-13,-1.08289475511955,0.135,0.279,1.90951666265187e-08
"TFR2",8.77488319200494e-13,-1.36549753433056,0.036,0.116,2.25619796632831e-08
"MZT2B",8.80170246066089e-13,-0.583960994646561,0.344,0.579,2.26309373668513e-08
"CNN2",9.64401259718604e-13,-0.550278612036005,0.209,0.401,2.47966851898848e-08
"UQCRB",1.06284495829466e-12,-0.306240966254217,0.866,0.979,2.73278695676723e-08
"TUBA1B",1.25849703783765e-12,-0.510655962025826,0.577,0.766,3.23584758368817e-08
"RPLP0",1.3005730828729e-12,-0.281728572976518,0.92,0.988,3.34403351068279e-08
"RAB4A",1.35165285495854e-12,-0.945059285676721,0.125,0.267,3.47536982066939e-08
"MRPL27",1.35256514831048e-12,-0.780096997464056,0.146,0.3,3.4777155093359e-08
"POLR2I",1.40121691156023e-12,-0.770097469331414,0.168,0.329,3.60280892300366e-08
"ZNF511",1.46950264614701e-12,-1.19710859397341,0.062,0.163,3.77838520377319e-08
"DYNLL1",1.47938950290876e-12,-0.267086374681998,0.705,0.908,3.803806289879e-08
"ZDHHC4",1.49173187545822e-12,-1.03884980359623,0.056,0.154,3.83554099817817e-08
"BTG1",1.6618562278985e-12,0.716702551894556,0.863,0.947,4.27296473317261e-08
"CXCL3",1.74294353858119e-12,-0.580325912061709,0.098,0.231,4.48145642639995e-08
"CCND3",1.83290026203745e-12,1.57647446389893,0.345,0.187,4.71275315375068e-08
"CCT2",1.93093163074926e-12,-0.526203784847139,0.238,0.436,4.9648114089825e-08
"NINJ1",2.01275159535916e-12,-0.608353186605858,0.212,0.395,5.17518690198748e-08
"ATOX1",2.15486457125369e-12,-0.488399685517833,0.268,0.481,5.54058778560747e-08
"BRD9",2.18175734566174e-12,-0.980287284537513,0.073,0.184,5.60973448716547e-08
"SPP1",2.22933932674423e-12,-0.266210777917599,0.295,0.591,5.73207727692476e-08
"PIK3IP1",2.25355866850099e-12,1.29297997115939,0.438,0.297,5.79435004844975e-08
"MCM7",2.61276118721241e-12,-0.897556586979052,0.068,0.175,6.71793156456055e-08
"NDUFS6",3.04450271317372e-12,-0.591540064379862,0.319,0.54,7.82802537611227e-08
"SF3B6",3.22012808563875e-12,-0.483201307003989,0.383,0.617,8.27959333379435e-08
"MAD2L2",3.30197446643354e-12,-0.914330096315206,0.088,0.208,8.49003674809391e-08
"ETV7",3.43891066799788e-12,-1.04443459466539,0.038,0.119,8.84212710955614e-08
"CD63",3.86162720989672e-12,-0.481153557760708,0.571,0.757,9.92901588208645e-08
"CNP",3.95123291846978e-12,-1.09234824915769,0.054,0.148,1.01594100799695e-07
"COPRS",3.96479943821977e-12,-1.35074383439317,0.047,0.134,1.01942923155507e-07
"GSTM3",4.39629222540965e-12,-0.863602025071199,0.06,0.16,1.13037465699733e-07
"SERP1",4.49600206784194e-12,-0.452255021628603,0.524,0.795,1.15601205168352e-07
"IL7R",5.00393152780487e-12,1.29189546820351,0.582,0.519,1.28661087442919e-07
"TMEM14A",5.01605254560909e-12,-0.56560702049388,0.152,0.312,1.28972743052701e-07
"VDAC1",5.16603234952513e-12,-0.520974503668618,0.306,0.528,1.3282902377099e-07
"SNRNP25",5.32268044754039e-12,-0.824591162991088,0.065,0.169,1.36856759667159e-07
"CAPNS1",5.63106997861859e-12,-0.886679546172913,0.126,0.264,1.44786071290241e-07
"SLIRP",5.68987705157302e-12,-0.432886946495877,0.312,0.546,1.46298118750045e-07
"TRIP6",5.83457573752974e-12,-1.23413863168855,0.039,0.119,1.50018611363365e-07
"PON2",6.29283703137736e-12,-0.990832474109734,0.063,0.163,1.61801425750775e-07
"NDUFS8",6.35930032279541e-12,-0.491082783140355,0.275,0.493,1.63510329899716e-07
"TRIM28",6.50662629521422e-12,-0.869795374828491,0.065,0.169,1.67298375302548e-07
"MYDGF",6.67497863489816e-12,-0.54190958440718,0.243,0.439,1.71627050660502e-07
"RPL23",6.7233004691722e-12,-0.318883640930249,0.891,0.976,1.72869501663356e-07
"EFNA1",7.28107998389263e-12,-1.0324137500266,0.056,0.151,1.87211128545847e-07
"ANXA1",7.36020909046959e-12,1.1471506064225,0.63,0.51,1.89245696134154e-07
"ERGIC3",7.68448634300763e-12,-0.620452004304437,0.289,0.487,1.97583512851412e-07
"ZNRD1",7.88346101470096e-12,-0.682878060249441,0.166,0.323,2.02699549609991e-07
"MAP1LC3B",7.9550149808619e-12,-0.452426536679981,0.425,0.665,2.04539345187921e-07
"GC",9.07135048540854e-12,3.55357825914948,0.161,0.024,2.33242563680824e-07
"SEC11A",9.11995153032831e-12,-0.560506675790514,0.312,0.525,2.34492193747802e-07
"RAD51C",9.12335816541578e-12,-0.927978429823559,0.051,0.142,2.3457978514917e-07
"IGKC",9.48686380466055e-12,2.37579541727979,0.519,0.715,2.43926242145432e-07
"MAT2A",9.68669990144649e-12,-0.66143334535804,0.11,0.243,2.49064427865992e-07
"CHMP4B",9.98809153709253e-12,-0.704099909054595,0.145,0.297,2.56813809601723e-07
"AGPAT2",1.01628396904777e-11,-0.867220263191757,0.084,0.199,2.61306934121562e-07
"MT1E",1.02687030391482e-11,-0.596334369505386,0.115,0.249,2.6402889254258e-07
"MRPL14",1.05334240623729e-11,-0.719878410216708,0.218,0.392,2.70835399491733e-07
"GOT2",1.05479306673284e-11,-1.21857178689137,0.052,0.142,2.71208393318349e-07
"CLN6",1.06114109674778e-11,-1.61122717807597,0.032,0.104,2.7284059879579e-07
"MRPL52",1.11127646980481e-11,-0.50468460022446,0.249,0.445,2.85731405916213e-07
"MT-ND1",1.16103367447261e-11,-0.375193445164498,0.811,0.976,2.98524978380397e-07
"SNRPD1",1.19611909208033e-11,-0.498364600775003,0.303,0.522,3.07546140955695e-07
"CALR",1.23430127747438e-11,-0.503623595274242,0.455,0.671,3.17363544464213e-07
"MRPS18A",1.24476667091138e-11,-0.79853475211425,0.102,0.228,3.20054406424734e-07
"HEBP1",1.32313674808044e-11,-1.17861723151775,0.044,0.128,3.40204920666442e-07
"S100A8",1.3639317633798e-11,-0.963576848124108,0.038,0.116,3.50694135000213e-07
"PSME2",1.36693015052073e-11,-0.370415020008838,0.526,0.766,3.5146508030189e-07
"TRAF1",1.44214339797866e-11,-0.518554304713307,0.131,0.276,3.70803910488273e-07
"LTV1",1.46793156263576e-11,-0.907499764148183,0.048,0.136,3.77434563384906e-07
"YIF1B",1.53103384825164e-11,-1.08398258957885,0.068,0.169,3.93659423062462e-07
"SOD2",1.62655179969677e-11,-0.553808727311415,0.327,0.543,4.18218998738033e-07
"HLA-C",1.66408556430612e-11,0.327921797718427,0.991,0.994,4.27869680294389e-07
"STAT1",1.68008964772542e-11,-0.594162539861006,0.171,0.329,4.31984650223161e-07
"PLG",1.77821275322793e-11,-1.21394564537944,0.066,0.166,4.57214063109965e-07
"SAMSN1",1.81402445821627e-11,0.791774894369963,0.7,0.596,4.66421968696566e-07
"TACO1",1.90319849702832e-11,-1.46496038413583,0.034,0.107,4.89350397555923e-07
"ANG",2.04019371972766e-11,-0.577217632247393,0.119,0.258,5.24574609216376e-07
"FABP4",2.0988101625928e-11,4.5043144234633,0.133,0.009,5.3964606900586e-07
"PHF14",2.11504024213331e-11,-0.973136289838759,0.093,0.211,5.43819147057316e-07
"DUSP3",2.15757412618902e-11,-0.976871579197383,0.035,0.11,5.54755459325722e-07
"RPSA",2.41961730040473e-11,-0.312876660274488,0.896,0.976,6.22132000280063e-07
"ETFB",2.49746854831779e-11,-0.556226191991216,0.253,0.442,6.42149113143471e-07
"ACAT2",2.57323671207553e-11,-0.591106348713019,0.112,0.243,6.61630623408859e-07
"RPS21",2.59421711419376e-11,-0.320326611021719,0.918,0.997,6.670251044015e-07
"PSMA7",2.65586182011224e-11,-0.460911373455699,0.602,0.792,6.82875191187259e-07
"YWHAH",2.73926365182205e-11,-0.609282889526653,0.268,0.46,7.04319470156486e-07
"DDT",2.7413138861957e-11,-0.531674292276323,0.344,0.558,7.0484662641864e-07
"CXCL8",2.74146362171621e-11,-0.715642026024938,0.171,0.32,7.04885126415671e-07
"TOMM7",2.75599688213366e-11,-0.409040123914025,0.747,0.875,7.08621918334208e-07
"CCT5",2.7640449987468e-11,-0.50636646904377,0.209,0.386,7.10691250077777e-07
"DRG1",2.80778454052336e-11,-0.743426163078162,0.087,0.202,7.21937561059366e-07
"SSBP1",2.84923975147719e-11,-0.552351328348247,0.288,0.484,7.32596524899815e-07
"IER5",2.98790060300117e-11,-0.78648622024847,0.12,0.255,7.68249003043662e-07
"LSM7",3.04463870945524e-11,-0.540793480254724,0.333,0.537,7.82837504975132e-07
"RP11-345J4.5",3.14467397089319e-11,-1.24723672455525,0.039,0.116,8.08558571396057e-07
"RPA3",3.35100282655827e-11,-0.64043434980423,0.234,0.415,8.61609846764663e-07
"TNFSF14",3.54053222427892e-11,-0.735714469906441,0.111,0.237,9.10341645506595e-07
"MPC1",3.55062270487917e-11,-0.707436086740943,0.147,0.294,9.12936109878533e-07
"POMP",3.64071391013018e-11,-0.384049532153861,0.56,0.813,9.36100360572672e-07
"RPS16",3.70317219939368e-11,-0.261736129315381,0.963,1,9.52159635908103e-07
"CSF1",3.78048795752888e-11,-0.931544881664574,0.038,0.116,9.72039063639825e-07
"HMGN2",3.81322318192061e-11,-0.532259432067427,0.53,0.721,9.80455944535428e-07
"NDUFB7",3.95676759651793e-11,-0.524197170224057,0.333,0.546,1.01736408441669e-06
"PPIF",3.97706176438172e-11,-0.996916154777278,0.055,0.145,1.02258212085783e-06
"MIR4435-2HG",4.28392035475926e-11,-0.612716955327951,0.204,0.374,1.1014816016157e-06
"RBM42",4.9248692951656e-11,-0.805205268231201,0.103,0.226,1.26628239317298e-06
"DGCR6L",4.94303329354703e-11,-0.736193462650353,0.154,0.3,1.27095272043681e-06
"RAB13",5.06397871363297e-11,-0.922375813861529,0.069,0.169,1.30205020684931e-06
"ARHGDIB",5.11202664618965e-11,0.465996191553089,0.877,0.864,1.31440429126828e-06
"ELF1",5.41486526671993e-11,0.727519608698603,0.648,0.546,1.39227015737903e-06
"MXD1",5.44284034877979e-11,-0.749483862526918,0.092,0.211,1.39946311047826e-06
"SOX4",5.55172073596083e-11,-0.481055198209158,0.068,0.169,1.42745843563025e-06
"COX5B",5.66235723483058e-11,-0.405617613270176,0.607,0.801,1.45590529221964e-06
"PGAM1",5.81136296147495e-11,-0.495035286624325,0.416,0.629,1.49421764465444e-06
"HMGB3",6.09867063173998e-11,-1.08915605413329,0.051,0.136,1.56809019283298e-06
"TOMM40",6.64597380149229e-11,-0.996770767703936,0.073,0.175,1.7088127838397e-06
"SRP14",7.24173206789177e-11,-0.315440136769355,0.854,0.944,1.86199414929633e-06
"TMEM141",7.49423060766745e-11,-0.680221908211343,0.117,0.246,1.92691657384346e-06
"USMG5",7.81469402062404e-11,-0.420489515851092,0.608,0.786,2.00931412658285e-06
"IMPDH2",8.50509825237248e-11,-0.576031286304525,0.144,0.288,2.18683086265001e-06
"MYADM",8.73415196176093e-11,1.36263298780519,0.402,0.267,2.24572515240797e-06
"ZFP36L2",8.78282036189244e-11,0.901364917845433,0.725,0.706,2.25823877144978e-06
"TRAPPC2L",9.02813357505174e-11,-0.675965130270149,0.15,0.294,2.3213137048173e-06
"KLHDC2",9.04848969606245e-11,-0.81222094259061,0.127,0.261,2.32654767065158e-06
"DTYMK",9.38335724448608e-11,-1.03593592869537,0.054,0.142,2.41264881470226e-06
"SRSF3",9.46561902574445e-11,-0.42831503971683,0.514,0.73,2.43379996389941e-06
"MRPS16",9.50520664190216e-11,-0.719450144096751,0.129,0.261,2.44397873176588e-06
"HSP90B1",9.5142384727343e-11,-0.445125961804546,0.438,0.674,2.44630099610944e-06
"CYTIP",9.84589608115147e-11,0.693720275487496,0.675,0.602,2.53157680038567e-06
"NPM3",9.87952307233879e-11,-0.895818420334602,0.067,0.163,2.54022297235975e-06
"NDUFB2",1.0294752944677e-10,-0.412838281822397,0.527,0.739,2.64698687713536e-06
"TSEN34",1.16611180313688e-10,-0.989511530637731,0.068,0.166,2.99830666822555e-06
"TBCB",1.25255538718529e-10,-0.588152929730071,0.249,0.427,3.22057041153083e-06
"YDJC",1.26156524441904e-10,-1.08731255788597,0.062,0.154,3.24373655645023e-06
"MRPS12",1.31789715028646e-10,-0.628339458301666,0.13,0.264,3.38857715281656e-06
"PPP1CC",1.34237471057942e-10,-0.543166745804505,0.209,0.38,3.4515138558418e-06
"SNRPF",1.4434249301472e-10,-0.402061908603075,0.358,0.588,3.71133418039447e-06
"TF",1.51048105872488e-10,-0.53760908748117,0.204,0.365,3.88374889819342e-06
"HSD17B10",1.53911898443268e-10,-0.500016492138913,0.2,0.368,3.9573827327733e-06
"PSMB3",1.54211708581154e-10,-0.426449856693133,0.47,0.7,3.96509145103862e-06
"CFL2",1.54582893905264e-10,-1.11719907114781,0.057,0.145,3.97463536809216e-06
"CCDC167",1.59169932692287e-10,-0.560704310948306,0.194,0.356,4.09257730938408e-06
"ATF7IP2",1.67710615619065e-10,-0.870539535485552,0.087,0.196,4.3121753487974e-06
"MRPL13",1.69409269352983e-10,-0.578986854053101,0.163,0.315,4.3558511336039e-06
"SLC25A39",1.69948974830818e-10,-0.795542576509336,0.154,0.294,4.36972804084999e-06
"HSP90AB1",1.76360673207523e-10,-0.265014096815069,0.911,0.982,4.53458562951183e-06
"GMNN",1.85763912782995e-10,-0.612267373083535,0.106,0.228,4.77636172547636e-06
"LINC00493",1.91823653477657e-10,-0.509643632686158,0.285,0.481,4.93216977821751e-06
"ARPC4",2.04482336749277e-10,-0.536722912591512,0.314,0.51,5.25764984249742e-06
"NEDD8",2.10115023253871e-10,-0.395531445528612,0.505,0.745,5.40247747790353e-06
"ALG3",2.10873460122813e-10,-0.932271446470616,0.075,0.175,5.42197840667777e-06
"UBA52",2.13467785141739e-10,-0.25474406923693,0.925,1,5.48868369156438e-06
"LY6E",2.14079689863058e-10,-0.431022001741062,0.504,0.721,5.50441698575894e-06
"DUSP23",2.14488072458842e-10,-0.814981809139188,0.112,0.234,5.51491731906175e-06
"ATF3",2.16021696442442e-10,-0.762929509858321,0.188,0.341,5.55434985892807e-06
"C19orf53",2.16858710208568e-10,-0.43892071287503,0.457,0.674,5.57587115688269e-06
"SNU13",2.20632981913372e-10,-0.429315782593162,0.47,0.7,5.67291523095662e-06
"GPS1",2.22024155841058e-10,-0.716326982585376,0.098,0.214,5.70868509498528e-06
"KLHDC3",2.36832771190642e-10,-0.764706266291632,0.085,0.193,6.08944421285378e-06
"BAG2",2.39449810848689e-10,-0.923929044963481,0.05,0.134,6.15673353654148e-06
"ACOT7",2.44531545380976e-10,-1.13343170604766,0.044,0.122,6.28739509483566e-06
"LTB",2.48601698498238e-10,-0.3693878150664,0.479,0.688,6.39204687178669e-06
"NCBP2-AS2",2.518400870254e-10,-0.975721442894042,0.078,0.181,6.47531231759708e-06
"MYL6B",2.60071085455257e-10,-0.892454754235077,0.059,0.148,6.68694774922557e-06
"TNIP2",2.61257761441276e-10,-0.726762313650077,0.134,0.267,6.71745956217808e-06
"NDUFB5",2.724856928877e-10,-0.536626474253464,0.249,0.427,7.00615213552854e-06
"P4HB",3.27571480680597e-10,-0.516107004002563,0.31,0.499,8.42251791125951e-06
"NXT1",3.3053537054782e-10,-0.607569347393686,0.158,0.306,8.49872544752554e-06
"CHORDC1",3.50163814102439e-10,-0.280740855280115,0.329,0.555,9.00341198820191e-06
"TIMM8A",3.68984242485147e-10,-1.0848256278547,0.035,0.104,9.48732284277811e-06
"FAM213A",3.76255674016605e-10,-1.28782423441302,0.052,0.134,9.67428589031495e-06
"MRPL47",3.81108911440153e-10,-0.378110367445287,0.218,0.401,9.7990723309492e-06
"PDCD6IP",3.88502473518509e-10,-0.628333706281306,0.121,0.249,9.98917559910791e-06
"TCEAL8",3.95472182703769e-10,-0.713183851080786,0.127,0.255,1.01683807616793e-05
"TCP1",4.1826577835894e-10,-0.43204502214918,0.348,0.552,1.07544496931651e-05
"NENF",4.18493505487294e-10,-0.696031084065818,0.145,0.282,1.07603050130893e-05
"ZCRB1",4.38016255574342e-10,-0.592273381785945,0.155,0.297,1.12622739633275e-05
"TOB2",4.49771420884392e-10,-0.655845341665215,0.132,0.264,1.15645227737795e-05
"ECI1",4.83140016455378e-10,-1.48181546639484,0.037,0.107,1.24224961031007e-05
"CCT3",4.86045502238959e-10,-0.485072864081807,0.33,0.525,1.24972019535681e-05
"TPM2",4.89134313731944e-10,-0.880459960583361,0.057,0.145,1.25766214746757e-05
"MEA1",5.28290996498137e-10,-0.51490886610718,0.149,0.291,1.35834181019601e-05
"DDX21",5.32539669020204e-10,-0.542701470004625,0.287,0.469,1.36926599698475e-05
"SERPINA1",5.41283155611342e-10,-1.07164398767521,0.709,0.685,1.39174724970788e-05
"PVRL2",5.46117765398517e-10,-1.28740836427883,0.034,0.101,1.40417799839267e-05
"PSMD3",5.56687465104123e-10,-0.946123844829716,0.096,0.205,1.43135481027572e-05
"YME1L1",5.78345239976758e-10,-0.602104567365984,0.166,0.312,1.48704128102824e-05
"HNRNPU",5.86938511060842e-10,-0.398033242618789,0.415,0.647,1.50913629963964e-05
"CCT6A",5.91855397505211e-10,-0.412434780180445,0.287,0.484,1.5217785980654e-05
"PPM1G",5.97498829399168e-10,-0.657701183870761,0.181,0.329,1.53628899015114e-05
"SLC39A7",6.30200826176211e-10,-0.704612256178324,0.092,0.202,1.62037236426428e-05
"TMEM208",6.34490044118397e-10,-0.490184888450226,0.179,0.332,1.63140080143722e-05
"MRPL48",6.4476704677122e-10,-0.689076822284912,0.098,0.211,1.65782503065816e-05
"C19orf48",6.72900606186205e-10,-0.973309881673426,0.052,0.134,1.73016203862597e-05
"ATP1B3",7.0602790806318e-10,-0.521630490113332,0.37,0.576,1.81533895721205e-05
"SDHC",7.5756316062293e-10,-0.491394335795364,0.249,0.424,1.94784639859368e-05
"CISD3",7.70274414539909e-10,-0.68147213574459,0.128,0.255,1.98052957466501e-05
"MRPL41",7.76564745759112e-10,-0.537888698984553,0.258,0.439,1.99670327429583e-05
"CCNH",7.86453452284933e-10,0.940788653278747,0.507,0.392,2.02212911651502e-05
"COX6B1",7.87256078465202e-10,-0.299046255000373,0.636,0.869,2.02419282894973e-05
"YWHAG",7.91179119899018e-10,-0.737005323217783,0.09,0.199,2.03427975308436e-05
"TPM4",8.13887451890098e-10,-0.651554205954674,0.26,0.43,2.09266741629982e-05
"MT-CO1",8.63773043838563e-10,0.264496149555379,0.998,1,2.22093325031771e-05
"YWHAB",8.66453097154644e-10,-0.383584841940171,0.529,0.763,2.22782420340402e-05
"GAMT",8.70762445646094e-10,-0.980305765314746,0.098,0.205,2.23890440024524e-05
"APTX",8.78729891131736e-10,-0.892959515646345,0.043,0.119,2.25939029607792e-05
"H2AFJ",8.87278640009782e-10,-0.404250011541373,0.182,0.341,2.28137083919315e-05
"POLR2J",9.101967109766e-10,-0.435882692934873,0.252,0.427,2.34029778326304e-05
"RUVBL2",9.15399693905673e-10,-0.662968778617856,0.083,0.187,2.35367569297027e-05
"FAM127A",9.17402697202535e-10,-1.01412512116818,0.048,0.128,2.35882581504716e-05
"ARPC1A",9.32050830617676e-10,-0.698668297455935,0.109,0.226,2.39648909568417e-05
"DDRGK1",9.42092957500578e-10,-0.709777770263062,0.144,0.276,2.42230941232549e-05
"LRRFIP2",9.44781481447722e-10,-0.82394139326517,0.062,0.151,2.42922214509838e-05
"NDUFA9",9.65707224279036e-10,-0.531009973848084,0.148,0.285,2.48302641506626e-05
"RNASEH2C",1.00667684952087e-09,-0.66733174764115,0.169,0.312,2.58836751548807e-05
"PHF19",1.14286349177061e-09,-1.40982344909808,0.045,0.119,2.93853061004058e-05
"TSHZ2",1.17404861570781e-09,-1.01835906487663,0.042,0.116,3.01871380070792e-05
"PTTG1",1.20577042942375e-09,-0.35279339409855,0.266,0.451,3.10027692813435e-05
"COX14",1.2142040029835e-09,-0.513362357066212,0.298,0.481,3.12196133247118e-05
"RPL39L",1.41926111188073e-09,-0.781057808432321,0.055,0.139,3.64920417086772e-05
"RPL10A",1.43698682319723e-09,-0.252503637019839,0.965,0.997,3.69478051980472e-05
"SNRPD3",1.43941660095188e-09,-0.528820846595812,0.263,0.436,3.70102796436748e-05
"DEDD2",1.45188407505288e-09,-0.42881759992512,0.233,0.409,3.73308433377598e-05
"H1F0",1.45515865201761e-09,-0.873387327188806,0.049,0.128,3.74150392606767e-05
"PPP1CA",1.59051830069504e-09,-0.431838626440279,0.422,0.632,4.08954065474709e-05
"SNRPB2",1.59295027233819e-09,-0.407566741246883,0.419,0.638,4.09579374023595e-05
"MKKS",1.61070970637587e-09,-0.568115957743453,0.108,0.226,4.14145679703364e-05
"TMEM176B",1.66477583138821e-09,-0.399703494888775,0.156,0.297,4.28047161766537e-05
"ANP32A",1.71589413932044e-09,-0.483351421473532,0.237,0.407,4.41190701102072e-05
"RUVBL1",1.76981353292273e-09,-0.678309682964427,0.071,0.166,4.55054455585092e-05
"FABP1",1.9008089091981e-09,-0.413991911595496,0.152,0.285,4.88735986733017e-05
"AKR7A2",1.90158044192413e-09,-0.866548606567335,0.096,0.202,4.88934363227533e-05
"TMEM223",1.9536993950576e-09,-0.933519850501871,0.053,0.134,5.0233518845721e-05
"IFI27L2",2.00271116673442e-09,-0.339514019446429,0.309,0.516,5.14937095190753e-05
"NPDC1",2.12569272434804e-09,-1.19113005311352,0.05,0.128,5.46558113284367e-05
"PLAUR",2.25254149714642e-09,-0.705925891266678,0.119,0.237,5.79173469746287e-05
"HES4",2.28035659142184e-09,-0.813991353223117,0.079,0.178,5.86325286786383e-05
"APOA1BP",2.4178350951426e-09,-0.767028822761909,0.119,0.234,6.21673759663064e-05
"NUPL2",2.46607785678645e-09,-0.752899472522629,0.058,0.142,6.34077938536932e-05
"AAMP",2.47082720815509e-09,-0.652056439398704,0.129,0.252,6.35299091760837e-05
"PFDN2",2.49558540800749e-09,-0.348909916004917,0.343,0.555,6.41664920106885e-05
"NUDC",2.52161113994376e-09,-0.291646711752856,0.405,0.605,6.48356656302339e-05
"EZH2",2.56300376001534e-09,-1.12734913361535,0.065,0.151,6.58999526775144e-05
"RRAGA",2.74573097213268e-09,-0.774127920047639,0.093,0.199,7.05982347554754e-05
"FOSB",2.86334588958835e-09,1.02468526938897,0.466,0.344,7.36223495130956e-05
"ANXA11",2.86624594620677e-09,-0.554257875332868,0.262,0.436,7.36969157688685e-05
"ARL5B",2.88699002856372e-09,-0.927476194320987,0.068,0.157,7.42302876144305e-05
"SLC39A3",3.31755676524124e-09,-1.1032586667894,0.04,0.11,8.53010195478828e-05
"NIP7",3.45628955385281e-09,-0.687856565868573,0.086,0.187,8.88681170086634e-05
"PEA15",3.56807418018906e-09,-0.764146184049658,0.067,0.157,9.17423233210212e-05
"ARF5",3.68161671897065e-09,-0.502082473306153,0.208,0.368,9.46617290781734e-05
"SWI5",3.77128211975495e-09,-0.986013454640637,0.044,0.116,9.69672058631392e-05
"UBE2F",3.87269000016299e-09,-0.655002347028972,0.108,0.22,9.95746052841907e-05
"NDUFC2",3.89886629818366e-09,-0.417896579215573,0.35,0.549,0.000100247650258898
"NSUN5",3.93440074653547e-09,-0.875615530478329,0.05,0.128,0.00010116131199492
"HELLS",3.95844954321871e-09,-1.0077456099581,0.037,0.104,0.000101779654655239
"MLF1",4.0839223493229e-09,-0.455335313056198,0.055,0.139,0.00010500581144579
"C20orf24",4.48149221589811e-09,-0.595391453572541,0.262,0.424,0.000115228127855172
"POLR3K",4.76052998956785e-09,-0.693881705962342,0.071,0.163,0.000122402747091769
"SCAND1",4.87783827911898e-09,-0.409867582504833,0.31,0.504,0.000125418977832707
"CYCS",4.88776378555385e-09,-0.377391353030359,0.703,0.855,0.000125674182454161
"MRPL21",4.94289648218976e-09,-0.554484282050083,0.14,0.267,0.000127091754350063
"COX7B",4.95110853777863e-09,-0.400554845457798,0.563,0.772,0.000127302902723364
"HIST1H2BG",5.42130168253163e-09,-1.28651858763139,0.036,0.101,0.000139392508861253
"MRPL9",5.52272934882121e-09,-0.495790528394299,0.145,0.279,0.000142000417016891
"RMDN3",5.53295054157637e-09,-0.84782380777266,0.052,0.131,0.000142263224325012
"LINC00152",5.53832961617602e-09,-0.498827882697771,0.401,0.591,0.000142401531091118
"GTF3C6",5.75827376076306e-09,-0.401568338237037,0.261,0.436,0.00014805673493674
"CALU",5.78022724577322e-09,-0.589040900452074,0.096,0.202,0.000148621202943321
"FAM195B",5.86552850464893e-09,-0.592446380003368,0.158,0.291,0.000150814468911533
"GLRX5",5.90685262766704e-09,-1.04749987182617,0.074,0.163,0.000151876994762575
"AIG1",5.91644757693697e-09,-0.993593152463183,0.06,0.142,0.000152123700098203
"PPA1",6.02932936973959e-09,-0.533299485030551,0.32,0.51,0.000155026116754744
"PSMB1",6.21205301263848e-09,-0.452156810666807,0.479,0.685,0.000159724307060961
"LIMD2",6.59883400671468e-09,-0.549282746480251,0.305,0.475,0.000169669219980648
"OASL",6.76538398497828e-09,-0.726461628133115,0.111,0.223,0.000173951553021762
"CCDC58",7.64396224258801e-09,-0.81423675286266,0.046,0.119,0.000196541557181423
"MUM1",8.11320035842428e-09,-0.456379662688937,0.096,0.205,0.000208606607615805
"MYL9",8.16878830450463e-09,-0.579475081232215,0.09,0.196,0.000210035884885423
"VAT1",8.37610760076267e-09,-1.06249898076594,0.038,0.104,0.00021536647863081
"CHCHD5",8.41795414384331e-09,-0.666431837182922,0.12,0.234,0.000216442436946499
"LAMTOR4",8.42092112155076e-09,-0.345055569480117,0.401,0.614,0.000216518723877313
"RNASEH2A",8.73295379689769e-09,-1.17880371456634,0.04,0.107,0.000224541708025833
"HINT2",8.96606040072529e-09,-0.737465048651765,0.138,0.258,0.000230535345023449
"XRN2",9.10883100919159e-09,-0.53189345873138,0.176,0.318,0.000234206262908334
"SUCLG1",9.15727589436975e-09,-0.464078634154805,0.153,0.288,0.000235451877796035
"COX4I1",9.2024209730307e-09,-0.260402693526371,0.826,0.958,0.000236612648058565
"SUGT1",9.24554118787985e-09,-0.473086380050522,0.175,0.318,0.000237721355022767
"ATP5O",9.3325367075823e-09,-0.404839849171688,0.444,0.659,0.000239958183825356
"RBM17",9.39082783135346e-09,-0.507533795509333,0.193,0.344,0.00024145696519976
"SNAP29",9.59924321375271e-09,-0.846588185617346,0.071,0.16,0.00024681574151201
"ABHD3",9.9033712787218e-09,-0.516541292757356,0.133,0.258,0.000254635482318495
"PUF60",9.95058052734793e-09,-0.398649185607948,0.216,0.38,0.00025584932651917
"JAGN1",1.00521488209228e-08,-0.688207029702716,0.094,0.196,0.000258460850483566
"APOPT1",1.0243626234958e-08,-0.653519751546374,0.093,0.196,0.000263384117753241
"PIM3",1.04495154467056e-08,-0.596966184702867,0.275,0.436,0.000268677941165695
"EIF3F",1.08611598051173e-08,-0.385974432250503,0.465,0.685,0.000279262140909176
"SERPINB6",1.09396492899028e-08,-0.839556122546786,0.085,0.181,0.000281280262541981
"CYB5R3",1.10870901237675e-08,-0.71232866145566,0.118,0.231,0.000285071261262309
"GNAS",1.1455661065491e-08,-0.445827239962558,0.349,0.546,0.000294547957315904
"C9orf16",1.15003706548466e-08,-0.442638444076068,0.426,0.641,0.000295697530277415
"TBRG4",1.20141911724089e-08,-0.692870668664035,0.056,0.136,0.000308908883424977
"LINC00116",1.20887418509364e-08,-0.585468264290844,0.13,0.249,0.000310825730471276
"PREB",1.25214636814043e-08,-1.23708731059918,0.047,0.119,0.000321951874176268
"ZBTB16",1.2635957717319e-08,4.11290513878342,0.108,0.012,0.000324895744827705
"TCEB2",1.27337463044813e-08,-0.334919272290395,0.627,0.837,0.000327410084980824
"COMMD3",1.3102031472087e-08,-0.467580351467189,0.162,0.297,0.000336879433210301
"TUSC2",1.31295183824229e-08,-0.831312971947029,0.098,0.199,0.000337586176648858
"SMAP2",1.40328446691887e-08,1.23832325888397,0.323,0.199,0.00036081250213418
"CRTC3",1.42008069591461e-08,-0.969025659372574,0.061,0.142,0.000365131148533565
"KPNB1",1.49177686001337e-08,-0.445840289120137,0.177,0.318,0.000383565666246639
"BAG1",1.49225803804973e-08,-0.664167920439219,0.146,0.27,0.000383689386743346
"EXOSC4",1.50183563954289e-08,-0.773233349458048,0.068,0.154,0.000386151979639267
"ORM1",1.50843301308583e-08,2.5929676896882,0.194,0.077,0.00038784829632463
"BST2",1.56196679998185e-08,-0.309001322619937,0.396,0.605,0.000401612903611333
"PPIB",1.61508765805901e-08,-0.394464001428931,0.498,0.712,0.000415271338640132
"NUDT4",1.65847201205897e-08,-0.514590432543394,0.2,0.347,0.000426426323740603
"MTRF1L",1.69210316426143e-08,-1.10184888107931,0.042,0.11,0.0004350735655949
"CNPY3",1.73942719791384e-08,-0.493562214700551,0.148,0.276,0.000447241521127608
"RGS2",1.82289118788865e-08,-0.553906244976116,0.435,0.596,0.000468701782229931
"SRSF2",1.84308392642639e-08,-0.356770783224149,0.492,0.694,0.000473893739162754
"HES1",1.85907526605847e-08,-0.738365457832555,0.1,0.205,0.000478005432408954
"NUCB1",1.93022467463722e-08,-0.382812135601092,0.218,0.374,0.000496299368342721
"MANF",1.94885953148746e-08,-0.355699460943438,0.253,0.421,0.000501090762736056
"ERH",2.02787755988478e-08,-0.319990025429328,0.426,0.632,0.000521407878197575
"COMMD4",2.04648336417787e-08,-0.740635057830062,0.092,0.19,0.000526191802597414
"RING1",2.06113946465457e-08,-0.879992242918022,0.051,0.125,0.000529960179151984
"GPANK1",2.21759878655056e-08,-0.849031357218344,0.063,0.145,0.00057018899999788
"NR4A1",2.23766417407484e-08,-0.434099410214711,0.233,0.392,0.000575348212438122
"STAT5A",2.25514392301369e-08,-0.863564186446918,0.058,0.136,0.00057984260548528
"YIPF3",2.26281919670469e-08,-0.554236551141337,0.138,0.258,0.000581816071856709
"EEF1E1",2.33439037953693e-08,-0.6588425317078,0.108,0.214,0.000600218454386535
"SPG21",2.35580486828462e-08,-0.59959536926898,0.154,0.282,0.000605724547733341
"EMC8",2.40011491576574e-08,-1.01120684800309,0.059,0.136,0.000617117547141687
"MRPS18B",2.43404417489667e-08,-0.647501717742056,0.112,0.22,0.000625841438249432
"SRSF9",2.49631752619554e-08,-0.566604025601141,0.238,0.392,0.000641853162335396
"ADGRE5",2.58870136831399e-08,1.13697650269319,0.371,0.252,0.000665606895820892
"MLF2",2.64302796487823e-08,-0.38551425281415,0.164,0.3,0.00067957535032949
"RHOB",2.70649203215119e-08,-0.637800962033193,0.228,0.371,0.000695893231306714
"KNG1",2.71837360654138e-08,2.92591032459287,0.127,0.027,0.000698948221713921
"RAE1",2.72708611137292e-08,-0.644868901580655,0.068,0.154,0.000701188380956207
"GDI2",2.75560384268522e-08,-0.419822879980465,0.314,0.49,0.000708520860031224
"TMED3",2.82138475223711e-08,-0.816886913855524,0.108,0.211,0.000725434447495207
"NME2",2.83521322698839e-08,-1.12196430243054,0.038,0.101,0.000728990024923256
"EIF3K",2.89237094971614e-08,-0.350085157114093,0.57,0.789,0.000743686418591015
"C1orf35",2.89873355675245e-08,-0.83312191298485,0.066,0.148,0.00074532237211219
"UFD1L",2.95913955148866e-08,-0.492178763306239,0.168,0.303,0.000760853961478764
"NDRG1",3.0610675458941e-08,-0.672280201168048,0.098,0.199,0.000787061687400291
"XBP1",3.11244209927557e-08,-0.282646785735265,0.356,0.561,0.000800271112565734
"PLA2G16",3.13796730609716e-08,-0.595921782331703,0.12,0.231,0.000806834153743701
"PRSS23",3.14700029434218e-08,-0.861228941748859,0.051,0.125,0.00080915671568126
"DDX5",3.37121169735976e-08,0.442088340420161,0.883,0.908,0.000866805951625141
"TMEM9",3.37291373403716e-08,-0.883014174093572,0.045,0.113,0.000867243579295633
"SELM",3.43846614227708e-08,-0.434658263837173,0.176,0.315,0.000884098414502282
"TLE3",3.44471705791944e-08,-0.537644593055077,0.089,0.187,0.000885705649932246
"WDR77",3.44696239018219e-08,-1.03256735492348,0.043,0.11,0.000886282969763646
"TIMM23",3.62198994585044e-08,-0.685446902141007,0.046,0.116,0.000931286054877065
"PSMD4",3.62986407976881e-08,-0.429368924357769,0.27,0.436,0.000933310652190157
"RFC2",3.68446114059255e-08,-0.657048046353244,0.055,0.131,0.000947348648469157
"SYNCRIP",3.82378626903571e-08,-0.510110341274471,0.14,0.261,0.000983171925494463
"R3HDM4",3.86632183671966e-08,-0.767447198423671,0.072,0.157,0.00099410867065736
"RCN2",3.99040729744038e-08,-0.692514403296571,0.134,0.249,0.00102601352431787
"SORD",4.00862693004988e-08,-1.3070133529991,0.049,0.119,0.00103069815625442
"NOL7",4.05568470920215e-08,-0.358819631981162,0.201,0.353,0.00104279765243006
"SCAMP4",4.15275384473471e-08,-0.905268430772728,0.048,0.119,0.00106775606855819
"RPS3A",4.18689028934261e-08,-0.279244894469837,0.96,0.997,0.00107653323119577
"UQCRC1",4.28421522618015e-08,-0.547061054583953,0.179,0.312,0.00110155741895544
"HAGH",4.60349061745301e-08,-0.644722048216841,0.119,0.228,0.00118364950755952
"EPHX1",4.65622022860547e-08,2.35528536843217,0.165,0.056,0.00119720734517904
"EIF5AL1",4.68077079770931e-08,-1.04266823324771,0.103,0.199,0.00120351978750702
"TP53",4.70934958779444e-08,-0.892549409833409,0.041,0.107,0.00121086796601371
"PSME3",4.7169314484062e-08,-0.627016008702614,0.072,0.157,0.0012128174140142
"STX11",4.7182615414288e-08,-0.562519866420614,0.203,0.341,0.00121315940753217
"SMIM20",4.92311163506162e-08,-0.751169454547906,0.08,0.169,0.00126583046360704
"BLOC1S4",4.9545303892859e-08,-0.731136688321613,0.081,0.172,0.00127390885369319
"TTC39C",5.00101410686845e-08,-0.649589085783299,0.17,0.297,0.00128586074715802
"ETFA",5.28890002175867e-08,-0.429593017264099,0.226,0.38,0.00135988197359459
"BAZ1B",5.3652039488329e-08,-0.668703781674419,0.097,0.196,0.00137950123932392
"CISD1",5.40720030547554e-08,-0.520665830052735,0.087,0.181,0.00139029934254387
"SMARCB1",5.42030444793696e-08,-0.804970300620854,0.1,0.199,0.00139366867965355
"FDPS",5.4842467989131e-08,-0.436475388935649,0.216,0.365,0.00141010953693654
"CIAPIN1",5.4969759979115e-08,-0.927003348139388,0.051,0.122,0.001413382468583
"MTDH",5.71182003953843e-08,-0.388341623439773,0.341,0.528,0.00146862316856612
"BORCS7",5.82704294223237e-08,-0.699137589594024,0.091,0.187,0.00149824928130679
"CDK2AP2",5.9768378036435e-08,-0.32595882102699,0.226,0.383,0.00153676453607282
"DBI",6.1132144428205e-08,-0.284853545166228,0.516,0.733,0.00157182969753801
"SRSF6",6.13901615097759e-08,-0.336492405325289,0.205,0.359,0.00157846383273936
"TAF6",6.16715511523714e-08,-0.824484017107229,0.047,0.116,0.00158569892322977
"C12orf10",6.19532295525959e-08,-0.728701741444799,0.092,0.187,0.00159294143825635
"GALK1",6.22751010854549e-08,-0.73320342343544,0.071,0.154,0.00160121739910922
"SUMO3",6.31592604713968e-08,-0.424751948652079,0.193,0.335,0.00162395090524055
"NSMCE2",6.42364045770994e-08,-0.544721443328374,0.074,0.16,0.00165164643448638
"IRF7",6.89170974853144e-08,-0.620304808891054,0.096,0.193,0.0017719964105424
"RPF2",7.26705655549108e-08,-0.671460395949724,0.077,0.163,0.00186850558154787
"DHCR24",7.60917366272259e-08,-1.09936691928656,0.045,0.11,0.00195647073215923
"TRIM26",7.63410818851478e-08,-0.554002604563785,0.072,0.157,0.00196288189743092
"BIK",7.66289563673434e-08,-0.897520046304132,0.039,0.101,0.00197028372611713
"PARVB",7.81527315544956e-08,-0.815946059209754,0.053,0.125,0.00200946303372919
"ZDHHC3",7.88460378933617e-08,-0.966153366595338,0.055,0.128,0.00202728932631411
"HDAC1",8.01220336617988e-08,-0.430200515574866,0.153,0.279,0.00206009772951217
"RHEB",8.50360913405381e-08,-0.354194840683357,0.289,0.469,0.00218644798054791
"GADD45G",8.62610166848827e-08,-0.743821765319966,0.093,0.187,0.0022179432610017
"LSM6",8.92462454133949e-08,-0.445787623895049,0.172,0.303,0.00229469946206921
"ACAA1",9.00098012435109e-08,-0.795800426581535,0.115,0.217,0.00231433200957315
"FAM136A",9.0930176810236e-08,-0.527891121025897,0.094,0.19,0.00233799670614479
"ABCG1",9.23511007060353e-08,-0.952896732947427,0.051,0.122,0.00237453150135358
"C2orf69",9.45028665140844e-08,-0.904538568126722,0.057,0.131,0.00242985770381014
"PRDX6",9.88487883124428e-08,-0.376837533698722,0.39,0.573,0.00254160004508953
"DRAP1",1.00062699079644e-07,-0.330510059821503,0.392,0.599,0.0025728121187358
"RWDD4",1.00512986540994e-07,-0.841023514167124,0.055,0.128,0.00258438990994204
"EIF1AY",1.00518184542409e-07,-0.368807208000522,0.154,0.279,0.00258452356095442
"TGIF2",1.0060324104462e-07,-0.758035215005659,0.065,0.145,0.00258671053373927
"IDH3B",1.01213463928044e-07,-0.441862481481758,0.173,0.303,0.00260240058451787
"STK17B",1.02668908602939e-07,0.738888023352316,0.561,0.496,0.00263982297799878
"SUMO2",1.02798117737358e-07,-0.275666441014758,0.704,0.852,0.00264314520326295
"EIF3J",1.02864406717952e-07,-0.285964358244867,0.352,0.54,0.00264484962553197
"RELB",1.04848901990715e-07,-0.634758835165636,0.154,0.273,0.00269587496798527
"GEM",1.06161105405843e-07,-0.327781325438967,0.12,0.228,0.00272961434219504
"PSMC5",1.08076505393305e-07,-0.322294707961785,0.257,0.427,0.00277886310667265
"DUSP1",1.08371649436667e-07,0.660950397257271,0.692,0.709,0.00278645185031557
"RPN2",1.08393064860099e-07,-0.360767910886237,0.271,0.442,0.00278700248368287
"MCM5",1.08437286053561e-07,-0.580943668345151,0.067,0.148,0.00278813949900917
"TFG",1.09797954076455e-07,-0.679704370087783,0.125,0.231,0.0028231249952138
"MYLIP",1.12315856204342e-07,-0.845836557457141,0.145,0.255,0.00288786529472605
"PDIA4",1.13583781942478e-07,-0.41146022749816,0.191,0.329,0.002920466201305
"DSTN",1.17830454737233e-07,-0.375500046305987,0.308,0.487,0.00302965665220374
"FAM3A",1.22551278889029e-07,-0.823608701905644,0.039,0.101,0.00315103848279471
"ZNHIT1",1.23934771075034e-07,-0.342137404631983,0.279,0.442,0.00318661083388128
"FAM173A",1.25899235493467e-07,-0.895158741580465,0.091,0.181,0.00323712114300803
"YBX1",1.26599397655329e-07,-0.256642174163198,0.678,0.887,0.00325512371251382
"UGP2",1.26772889153395e-07,0.904200232316031,0.495,0.415,0.00325958452591208
"POLD2",1.28267056643765e-07,-0.583418202049926,0.078,0.163,0.0032980025604245
"VTI1B",1.30539360166201e-07,-0.628672026622824,0.12,0.226,0.00335642802859337
"KRTCAP2",1.30908111093977e-07,-0.355243348486868,0.353,0.537,0.00336590935244834
"ATP6V1F",1.31643717084412e-07,-0.354587965760411,0.364,0.552,0.00338482325367439
"SNRPD2",1.32100352963648e-07,-0.306494069092863,0.659,0.834,0.00339656427540133
"ASNA1",1.32428408501521e-07,-0.399898439606483,0.165,0.294,0.00340499923939111
"ZSWIM7",1.35182991303815e-07,-0.787227364012987,0.063,0.139,0.00347582507240368
"PHYH",1.36744024783576e-07,-0.423614158453562,0.119,0.228,0.00351596236523531
"MRPS11",1.38201627557417e-07,-0.530161345142898,0.099,0.196,0.00355344024775632
"ING2",1.38707690509693e-07,-1.13569492533894,0.042,0.104,0.00356645213838523
"C16orf13",1.38894259551027e-07,-0.438917005779217,0.165,0.294,0.00357124920157599
"CNOT1",1.3899886670306e-07,-0.583749192644945,0.081,0.169,0.00357393886066909
"VPS16",1.40401330054445e-07,-0.718785311920038,0.048,0.116,0.00360999899835989
"PDHA1",1.43945813866641e-07,-0.62181920463659,0.1,0.196,0.00370113476613906
"TSEN15",1.43956753798532e-07,-0.829481955113079,0.057,0.131,0.00370141605366786
"PSMB4",1.48769794192938e-07,-0.370753647503278,0.176,0.309,0.00382516894828883
"APRT",1.50095857367449e-07,-0.31054731141162,0.53,0.739,0.00385926468463184
"ZSCAN16-AS1",1.51565133615985e-07,-0.642973098036136,0.089,0.181,0.00389704271553419
"NDUFB3",1.53769284093793e-07,-0.39891426812139,0.268,0.427,0.0039537158326196
"THOC7",1.54429148704165e-07,-0.551058685189022,0.159,0.279,0.0039706822714815
"SURF4",1.55421711682662e-07,-0.397930733462953,0.205,0.35,0.00399620305078459
"AKR1C3",1.57999433987648e-07,3.37475396319726,0.101,0.015,0.00406248144669042
"CCT7",1.58123067016504e-07,-0.425187164798316,0.243,0.395,0.00406566029912835
"MAGED1",1.58623919479031e-07,-0.996993910956825,0.04,0.101,0.00407853821764484
"NME3",1.58874221960391e-07,-0.512469579335814,0.155,0.276,0.00408497399504558
"CARHSP1",1.59143682258401e-07,-0.363689760026889,0.206,0.35,0.00409190235822801
"CMSS1",1.59506654097552e-07,-0.556747834308112,0.07,0.151,0.00410123509015626
"MRFAP1",1.62392713329813e-07,-0.401584004680404,0.287,0.451,0.00417544144513615
"CLTB",1.63594882643512e-07,-0.496817513383836,0.188,0.32,0.00420635162252998
"BEX5",1.64582147746299e-07,-0.625207320729392,0.059,0.134,0.00423173618285285
"MRPS23",1.73962361745229e-07,-0.673495282015977,0.084,0.172,0.00447292024519334
"BZW2",1.81413419982881e-07,-0.584227793631134,0.076,0.16,0.00466450185459983
"RAB11A",1.8229529614625e-07,-0.269068257777624,0.273,0.445,0.00468717665451239
"ADM",1.84838842435124e-07,-0.7309379161218,0.05,0.119,0.00475257631669192
"BNIP3",1.87037427224011e-07,-0.473500273192,0.159,0.279,0.00480910632878377
"PLEKHF2",1.88356810059401e-07,-0.760013746350397,0.071,0.151,0.00484303030024733
"NDUFS2",1.91735205853526e-07,-0.348251437477041,0.176,0.309,0.00492989561290586
"SF3B5",1.9800139572421e-07,-0.406854252895659,0.403,0.588,0.00509101188686088
"BAG6",2.03802819026934e-07,-0.635667115764113,0.092,0.184,0.00524017808282054
"LPXN",2.09504415242716e-07,-0.398571201569799,0.193,0.329,0.0053867775247207
"SSNA1",2.09695838729064e-07,-0.432865204293761,0.209,0.35,0.0053916994054017
"DNAJC19",2.18672429369657e-07,-0.44075092864074,0.148,0.267,0.00562250550395261
"LGALS3BP",2.22018447528524e-07,-0.512700796167729,0.112,0.214,0.0057085383228534
"PES1",2.31520261438538e-07,-0.850130764868706,0.045,0.11,0.0059528489621077
"STAT3",2.35968190721011e-07,-0.435461854654782,0.336,0.516,0.00606721411981863
"LDLR",2.45294713127668e-07,-0.475871000134486,0.097,0.193,0.00630701766393859
"MTMR14",2.61657810690019e-07,-0.740553705437247,0.064,0.139,0.00672774562846177
"RPL22L1",2.61961537449784e-07,-0.351837502151562,0.324,0.493,0.00673555505090885
"NDUFB6",2.67734133081876e-07,-0.337819281012177,0.222,0.371,0.0068839800298012
"NEU1",2.7694041127339e-07,-0.294775649501667,0.24,0.392,0.00712069185466142
"NOP10",2.78330498117315e-07,-0.30210162260466,0.475,0.682,0.0071564337675924
"TPRKB",2.83472076610854e-07,-0.406757662204803,0.112,0.217,0.00728863403381828
"STK17A",2.83530136723767e-07,-0.360538330466533,0.447,0.65,0.0072901268754415
"CBX3",2.99058814748762e-07,-0.346093007539216,0.327,0.51,0.00768940024482017
"MRPL3",3.09514501010029e-07,-0.573023203585324,0.131,0.237,0.00795823684996986
"ATP5J",3.17563725988823e-07,-0.283774492328823,0.431,0.632,0.00816519852262461
"ZNF593",3.34851386292473e-07,-0.633897050875694,0.102,0.196,0.00860969884435206
"CCDC85B",3.37080807169819e-07,-0.521422332547988,0.24,0.383,0.00866702171395039
"NMI",3.41204287589167e-07,-0.61738120778552,0.095,0.187,0.00877304464249266
"EMC6",3.41916088724147e-07,-0.493849185226705,0.16,0.279,0.00879134647327527
"DNTTIP1",3.42808324543078e-07,-0.875032036296987,0.051,0.119,0.00881428764065162
"RTN4",3.44783849471099e-07,-0.346031929927111,0.293,0.463,0.0088650823376009
"TRMT10C",3.53282139624041e-07,-0.4147692097498,0.139,0.252,0.00908359037401335
"ACTA2",3.58177893380061e-07,1.83499545480833,0.183,0.083,0.00920946999458814
"UBE3A",3.61743572607676e-07,-0.761743618244428,0.093,0.181,0.00930115073888856
"BEX2",3.8229407177666e-07,-0.758225774178763,0.053,0.122,0.00982954517352149
"SMCO4",3.90299733780002e-07,-0.7736420396118,0.071,0.148,0.0100353867549514
"INSIG1",3.93108259208301e-07,-0.328807539188191,0.261,0.415,0.0101075995607638
"C19orf24",3.9336259640379e-07,-0.533327419524381,0.17,0.291,0.0101141390787343
"IFI44L",3.97422909945817e-07,-0.495337552347036,0.046,0.11,0.0102185378605269
"C19orf43",4.10236467257017e-07,-0.351606601032366,0.46,0.656,0.0105480000461124
"MPC2",4.29366179700006e-07,-0.354726996103317,0.35,0.516,0.0110398632124466
"CNIH4",4.49482900374096e-07,-0.337091705600442,0.167,0.291,0.0115571043344187
"ABHD12",4.54677669995597e-07,-0.684730528133505,0.057,0.128,0.0116906722509268
"HEXB",4.56570900393331e-07,-0.632354838041239,0.13,0.234,0.0117393509909133
"HNRNPAB",4.58855751649481e-07,-0.548460258838524,0.162,0.279,0.0117980990864115
"FH",4.61242360305509e-07,-0.899468192592745,0.056,0.125,0.0118594635681752
"UBE2E3",4.66889682011611e-07,-0.499803030895503,0.128,0.234,0.0120046675038825
"C22orf39",4.69288688870027e-07,-0.800514822994068,0.085,0.169,0.0120663507682261
"COMMD7",4.72843924908296e-07,-0.465931433561023,0.176,0.303,0.0121577629972421
"SNRNP70",4.73979823960795e-07,-0.446597957324241,0.176,0.303,0.01218696923368
"PLIN3",4.74635578031181e-07,-0.732503797083852,0.059,0.131,0.0122038299823377
"C12orf57",4.77900663711578e-07,-0.333605593193445,0.364,0.546,0.0122877818653521
"HDAC2",4.80386557394216e-07,-0.492997414160649,0.12,0.223,0.0123516991637201
"UBE2V2",4.90808710041066e-07,-0.376153006018473,0.138,0.249,0.0126196735525759
"SLC4A2",5.09416808840254e-07,-0.80018903632687,0.043,0.104,0.0130981249889006
"AZIN1",5.0966791866571e-07,-0.266026572844385,0.194,0.332,0.0131045815247327
"LSM3",5.12516303600301e-07,-0.342776489827184,0.285,0.448,0.0131778191981709
"STAMBP",5.12726420722521e-07,-0.636666542644525,0.063,0.136,0.0131832217296175
"TNFRSF12A",5.24332267155314e-07,-0.549248532881173,0.057,0.128,0.0134816312530974
"UTP23",5.49725500858972e-07,-0.568203795392358,0.05,0.116,0.0141345420780859
"ENY2",5.50002088672964e-07,-0.265692192412637,0.385,0.579,0.0141416537039593
"TSTA3",5.54384383540483e-07,-0.372230102890694,0.147,0.261,0.0142543312695929
"GMCL1",5.59000422816748e-07,-0.715485097937906,0.077,0.157,0.0143730188714642
"TSPAN3",5.62868589506093e-07,-1.05824091228217,0.042,0.101,0.0144724771733807
"NDUFS7",5.70448032151518e-07,-0.356867478523652,0.292,0.457,0.0146673598026798
"HMGCS1",5.82860384441299e-07,-0.426749541917994,0.108,0.205,0.0149865062047547
"LAMTOR5",5.97123857417263e-07,-0.312940282416457,0.382,0.573,0.0153532486219127
"ITGB1BP1",5.97720165365565e-07,-0.483523976049852,0.173,0.294,0.0153685808918794
"STUB1",6.0067523947037e-07,-0.54410751655954,0.203,0.332,0.0154445617572622
"ADSL",6.20771992049295e-07,-0.611771945375828,0.11,0.205,0.0159612894595715
"AIM1",6.21651986050153e-07,1.78096882033884,0.21,0.11,0.0159839158653215
"COX8A",6.24502547937113e-07,-0.317403996720887,0.574,0.754,0.0160572095125591
"NPC2",6.34710535254512e-07,-0.3209137052469,0.385,0.558,0.016319677282464
"NCAPH2",6.43034617191054e-07,-0.803925620284961,0.049,0.113,0.0165337060772164
"SLBP",6.66721399681784e-07,-0.367704634894232,0.298,0.457,0.017142740628618
"POLR2C",6.8312404075078e-07,-0.331893942951812,0.167,0.294,0.0175644853357841
"UQCC3",6.93740406827719e-07,-0.650960795778484,0.082,0.163,0.0178374533403543
"UTS2",7.04896717657861e-07,2.41518900022237,0.142,0.05,0.0181243044044189
"UPF3A",7.24269824973426e-07,-0.642806429117581,0.098,0.187,0.0186224257397167
"XAF1",7.45849819938434e-07,-0.711896740673626,0.06,0.131,0.019177290570257
"IFI35",7.50761593451852e-07,-0.386769955132458,0.123,0.226,0.019303582090834
"RDX",7.59175618304353e-07,-0.844208755283521,0.103,0.193,0.0195199234978415
"ID3",7.85284290610825e-07,-0.602025678939283,0.166,0.282,0.0201912296801855
"AMBP",7.93216555873653e-07,-0.633430230621495,0.442,0.513,0.0203951840846234
"TRMT6",7.93232148603403e-07,-0.662149207201097,0.06,0.131,0.0203955850048907
"TRAP1",8.05372409637762e-07,-0.791963862202344,0.049,0.113,0.0207077353966061
"NR4A3",8.07973438972016e-07,-0.731295512074561,0.074,0.151,0.0207746130628485
"COMMD5",8.19871477499401e-07,-0.55487583640424,0.093,0.181,0.0210805354294646
"DYNC1LI1",8.29363698136879e-07,-0.295649766150678,0.097,0.19,0.0213245994064954
"STRAP",8.32104695742217e-07,-0.310966224824006,0.306,0.481,0.0213950759369239
"SERPINB1",8.40613407449654e-07,-0.406835763332846,0.245,0.383,0.0216138519323455
"RSRP1",8.55661407057986e-07,0.922340317627192,0.424,0.341,0.0220007660982749
"VDAC2",8.62422844593538e-07,-0.363874665973449,0.316,0.475,0.0221746161801891
"GPI",8.73784098443222e-07,-0.466151454109224,0.152,0.264,0.0224667367391721
"PCNA",9.03570397503206e-07,-0.40351544738914,0.163,0.282,0.0232326020606024
"PHB2",9.15940942836516e-07,-0.492681303384575,0.157,0.27,0.0235506735222125
"RP11-138A9.2",9.16222531288297e-07,0.768876986784516,0.491,0.409,0.0235579137244847
"AP2M1",9.61484287749149e-07,-0.357494291013648,0.332,0.501,0.0247216840066061
"CELF2",9.74520643805617e-07,1.02155874746465,0.368,0.276,0.02505687479353
"TXN2",9.87967592882942e-07,-0.399707480055885,0.19,0.318,0.0254026227482062
"RRP7A",9.91995728210565e-07,-0.385131240813761,0.149,0.264,0.02550619416375
"AVPI1",1.00955915408681e-06,-0.529245322363613,0.069,0.145,0.0259577849698801
"SLC6A6",1.03379382547455e-06,-0.632787370001532,0.064,0.136,0.0265809068406017
"RBCK1",1.03734182056311e-06,-0.517216019232538,0.167,0.282,0.0266721328903187
"C17orf89",1.08703141434481e-06,-0.550563307380985,0.177,0.291,0.0279497517256338
"NDUFV1",1.1370324528526e-06,-0.409921461095629,0.187,0.312,0.0292353784277461
"PIN4",1.14533551697568e-06,-0.34836655422859,0.136,0.243,0.0294488668124786
"ANAPC11",1.14547556842328e-06,-0.286508941471007,0.321,0.501,0.0294524678152995
"ANKRD28",1.18385403801674e-06,1.55109065407843,0.178,0.077,0.0304392550254864
"NHP2",1.19314624956281e-06,-0.305239461879296,0.228,0.374,0.0306781763687589
"TMEM14B",1.2072827659106e-06,-0.377035988659578,0.243,0.383,0.0310416544770934
"RNASEH2B",1.20830054210766e-06,-0.579868486066703,0.101,0.19,0.0310678235386722
"TMEM147",1.21007358546863e-06,-0.519193388493174,0.186,0.303,0.0311134120295693
"HSPA14",1.2313416089097e-06,-0.562116010343813,0.06,0.131,0.0316602554482861
"NTPCR",1.23650825173398e-06,-0.735305120796792,0.061,0.131,0.031793100168584
"SEPT1",1.23794091388848e-06,-0.394224122748175,0.266,0.418,0.0318299367779006
"F2",1.26076359912691e-06,-0.592058015349068,0.111,0.205,0.0324167536607511
"PIGT",1.30549760672893e-06,-0.362173351160785,0.162,0.279,0.0335669544642144
"CDV3",1.35128038391748e-06,-0.508445486862723,0.11,0.205,0.0347441212312862
"IFI27",1.36894066271359e-06,2.11915133900413,0.166,0.071,0.0351982023196917
"MPLKIP",1.3797054004937e-06,-0.453359239191183,0.155,0.267,0.0354749852574939
"LRRC59",1.39864422830064e-06,-0.392945679959633,0.14,0.246,0.0359619403980661
"TNFAIP3",1.39942707529771e-06,0.632045162614918,0.635,0.617,0.0359820689600547
"CBX5",1.40197935199075e-06,-0.552102981781741,0.099,0.187,0.0360476930983862
"PAK1IP1",1.47881240868173e-06,-0.606041495386232,0.053,0.119,0.0380232246520247
"DESI1",1.48233819008971e-06,-0.592023265259817,0.076,0.154,0.0381138795435865
"SMS",1.48847986961959e-06,-0.271734096605216,0.193,0.323,0.0382717944076589
"NDUFA4L2",1.51023497412789e-06,-0.277278385302458,0.091,0.181,0.0388311616547763
"NUP58",1.54360305247861e-06,-0.805457382292176,0.052,0.116,0.03968912168533
"GLRX2",1.56041698138764e-06,-0.796236336728677,0.052,0.116,0.0401214414254391
"TFDP1",1.60427129125085e-06,-0.707144023206268,0.069,0.142,0.0412490234406419
"RPUSD3",1.62403487978074e-06,-0.965898078052256,0.051,0.113,0.0417571848289225
"ESD",1.68648788935664e-06,-0.39272278841394,0.176,0.297,0.043362976611138
"RYBP",1.68706457891001e-06,-0.676664781985669,0.091,0.175,0.0433778044529342
"HIST3H2A",1.69095324173994e-06,-0.774599814396282,0.063,0.134,0.0434777897516173
"MAP3K13",1.70796168750107e-06,-0.367953021901101,0.102,0.193,0.0439151109090274
"HN1",1.73436939067728e-06,-0.250618256848901,0.399,0.602,0.0445941057730943
"DEK",1.73467980514017e-06,-0.352511504201765,0.289,0.451,0.044602087149764
"COPE",1.74836157815752e-06,-0.257319404483064,0.477,0.682,0.0449538728975861
"GLA",1.77241972186551e-06,-0.560259153590907,0.065,0.136,0.0455724558886059
"RGS10",1.88762509002526e-06,-0.369751285248561,0.305,0.451,0.0485346163147295
"NDFIP2",1.90109006224683e-06,-0.388849975260419,0.106,0.199,0.0488808276804905
"VKORC1",1.96461245029222e-06,-0.454985401738508,0.167,0.279,0.0505141153219135
"ZBTB32",1.9703716415511e-06,-0.791603692572729,0.045,0.104,0.0506621956475619
"ARPC5L",1.97670123144456e-06,-0.443539786755666,0.205,0.329,0.0508249420629025
"PLEKHJ1",1.99240083146887e-06,-0.492373574565873,0.133,0.234,0.0512286101787276
"ATP6V1E1",2.06971674890589e-06,-0.321812043429909,0.186,0.312,0.0532165570478682
"TMEM258",2.07590027777646e-06,-0.276825626108396,0.539,0.739,0.0533755479421883
"TUBB4B",2.12610126744818e-06,-0.327769480080016,0.366,0.522,0.0546663157886276
"PRAF2",2.17706240962113e-06,-0.660639933423068,0.062,0.131,0.0559766286761784
"TALDO1",2.22400793990278e-06,-0.274640777593971,0.239,0.386,0.0571836921507802
"ACOT13",2.24503972100759e-06,-0.737452977385578,0.055,0.119,0.057724461306547
"PARP1",2.29657555473912e-06,-0.372895060832986,0.204,0.329,0.0590495506634522
"NUBP1",2.41507098088367e-06,-0.600403258667345,0.05,0.113,0.062096305060481
"MTCH2",2.46311089717504e-06,-0.396141029069625,0.123,0.22,0.0633315073881646
"HDDC3",2.4643369082205e-06,-0.695660786437683,0.049,0.11,0.0633630305841656
"PTRHD1",2.47420086108587e-06,-0.383398722489554,0.153,0.264,0.0636166525402399
"MRPL24",2.50022678269069e-06,-0.37410139424061,0.104,0.193,0.0642858310365429
"PGP",2.54456141941578e-06,-0.872769435002092,0.049,0.11,0.0654257632160185
"HMGCS2",2.55131453775716e-06,-0.872670259591404,0.051,0.113,0.0655993993948121
"SCCPDH",2.63720332359124e-06,-0.726138892724136,0.063,0.131,0.0678077718561779
"FOSL2",2.67059589902021e-06,-0.385083065612999,0.229,0.365,0.0686663617556077
"LAG3",2.69134703018851e-06,-1.07005175699066,0.119,0.208,0.0691999148402069
"PAICS",2.87251641864077e-06,-0.582918479843725,0.053,0.116,0.0738581421560916
"ALKBH7",2.87536664133498e-06,-0.574331996310633,0.151,0.255,0.073931427082005
"GTF2A2",2.89990402981232e-06,-0.281503157788468,0.234,0.374,0.0745623324145344
"SSRP1",2.91116524476183e-06,-0.625332358126269,0.107,0.196,0.0748518807733163
"TMEM183A",2.91169351517859e-06,-0.480317339899028,0.122,0.217,0.0748654636622719
"FAM207A",2.95043258539698e-06,-0.87614754471612,0.059,0.125,0.0758615226357272
"CFH",2.95060426071385e-06,2.24936097168027,0.114,0.033,0.0758659367514745
"GUSB",2.97507802695546e-06,-0.509367504913335,0.115,0.208,0.0764952062290788
"CLNS1A",2.98027888360044e-06,-0.427879120972043,0.219,0.344,0.0766289306551344
"TMEM160",3.13115109836284e-06,-0.507537621515756,0.186,0.303,0.0805081570411053
"NDUFA6",3.14792645196544e-06,-0.262796245369569,0.351,0.528,0.0809394849329353
"TOMM5",3.21886153661334e-06,-0.320207214826289,0.165,0.282,0.0827633678294022
"UNC45A",3.25500984313697e-06,-0.525104330482091,0.054,0.119,0.0836928130867378
"PEBP1",3.27975010776512e-06,-0.299982507997187,0.432,0.611,0.0843289347708566
"SPCS3",3.3033215707776e-06,-0.326549810384591,0.224,0.356,0.0849350042278335
"TMEM261",3.30538624022046e-06,-0.323733853154581,0.14,0.243,0.0849880910085485
"OXLD1",3.31514248459796e-06,-0.846294452254555,0.05,0.11,0.0852389435639827
"PDCD6",3.34913236189254e-06,-0.436603840164261,0.198,0.32,0.0861128912889809
"MAPKAPK3",3.35077817797901e-06,-0.688699989563532,0.075,0.148,0.0861552085121962
"AC016831.7",3.38401301328794e-06,0.82010400349334,0.417,0.329,0.0870097425976596
"RAB27A",3.42786776453387e-06,-0.327945180792375,0.205,0.329,0.0881373359616948
"STK25",3.48610315725836e-06,-0.770289671895636,0.057,0.122,0.0896346843794271
"TCTN3",3.51964515629431e-06,-0.795052535619737,0.056,0.119,0.0904971162586394
"SET",3.63786726260583e-06,-0.301072404153798,0.384,0.558,0.093536843056121
"PSMC4",3.6704749122689e-06,-0.295117441455811,0.207,0.335,0.0943752509442578
"CTSA",3.6844878284225e-06,-0.29232387189918,0.178,0.297,0.0947355510443992
"RER1",3.71481864340872e-06,-0.483276872972981,0.189,0.303,0.095515416959325
"JAK3",3.7219132450987e-06,-0.957101643459189,0.05,0.11,0.0956978333579778
"CHD4",3.72287244732971e-06,-0.601700630732954,0.13,0.228,0.0957224963657414
"DNPEP",3.78199283322319e-06,-0.47739048506955,0.092,0.175,0.0972425997278347
"CALM2",3.82110432604149e-06,0.467420845327788,0.843,0.875,0.0982482344311788
"FYN",3.97935891981733e-06,0.964007786986989,0.384,0.306,0.102317276546343
"RNF7",4.05007243412155e-06,-0.298805271631966,0.325,0.49,0.104135462426133
"PPP2R5C",4.10225138465369e-06,0.75416522710212,0.49,0.43,0.105477087602216
"TSC22D1",4.11198735957454e-06,-0.355989391487455,0.128,0.226,0.10572741898938
"JOSD2",4.16393949685129e-06,-0.521781735046855,0.106,0.193,0.10706321234304
"SLC25A3",4.20838714499472e-06,-0.288978948329388,0.531,0.712,0.108206050272104
"ISG20L2",4.39682923304488e-06,-0.406013122944177,0.09,0.172,0.11305127324005
"RFK",4.5290989627099e-06,-0.686405286925402,0.057,0.122,0.116452192529197
"PDCD2",4.57274139297668e-06,-0.616116052734472,0.132,0.226,0.117574326696216
"DHRS4L2",4.59967873964607e-06,-0.76173956521847,0.07,0.139,0.11826693975378
"MRPS33",4.60649218722376e-06,-0.436576478443222,0.144,0.246,0.118442127117897
"FAM46A",4.775163822679e-06,-0.91319313303862,0.045,0.101,0.122779012208722
"TMEM167A",4.79889965203462e-06,-0.32443610779942,0.244,0.383,0.123389307853114
"CNPPD1",4.80731062445283e-06,-0.454798694551571,0.084,0.163,0.123605570775931
"PDZD11",4.88910402112667e-06,-0.461285492387562,0.089,0.169,0.125708642591209
"STARD3NL",4.98152537538987e-06,-0.520769001190466,0.108,0.196,0.128084980452024
"ARMT1",5.00405461604733e-06,-0.827111903194086,0.045,0.101,0.128664252287809
"CALD1",5.05873004854025e-06,-0.487538072463254,0.095,0.178,0.130070067008067
"PGLS",5.09871785169064e-06,-0.383139625131653,0.148,0.255,0.13109823340267
"POLR2E",5.10896646242666e-06,-0.376970998844588,0.219,0.347,0.131361745681914
"FARSA",5.1337480935341e-06,-0.46979705238454,0.067,0.136,0.131998930980949
"NUP62",5.18087738892091e-06,-0.594304308865115,0.052,0.113,0.133210719423934
"BTG3",5.24811140309784e-06,-0.286780382346219,0.282,0.424,0.134939440396452
"C7orf50",5.25005820751226e-06,-0.613963171302936,0.112,0.199,0.134989496631555
"NQO2",5.38632010554859e-06,-0.849242029981822,0.055,0.116,0.138493062553865
"C7orf73",5.45713802460403e-06,-0.25420736036245,0.225,0.356,0.140313932888619
"ARL6IP4",5.46167793876694e-06,-0.280039879185774,0.397,0.588,0.140430663161575
"EID1",5.46875478080514e-06,-0.31394228678584,0.365,0.528,0.140612622924062
"ASAP1",5.51170544055515e-06,-0.814654955635956,0.045,0.101,0.141716970287554
"ITPA",5.78236964031412e-06,-0.387741115878978,0.135,0.234,0.148676288191757
"EPN1",5.8522995450904e-06,-0.892660784038199,0.055,0.116,0.150474325903364
"AHR",5.86403370646949e-06,-0.616222639011989,0.071,0.142,0.150776034660744
"NELFCD",5.92741608275889e-06,-0.325526620755568,0.116,0.208,0.152405722319896
"SF3B4",5.95222847028162e-06,-0.273557643965249,0.123,0.22,0.153043698427881
"TADA3",5.97513892412721e-06,-0.559572118396478,0.109,0.196,0.153632772017159
"COA4",5.99775698607424e-06,-0.43196551028058,0.108,0.196,0.154214327625941
"SNAPIN",6.02390742758165e-06,-0.488157222836348,0.09,0.169,0.154886707777979
"NIPSNAP1",6.0316190637919e-06,-0.567155842581244,0.048,0.107,0.155084989368217
"CREG1",6.0767359678181e-06,-0.702381922086039,0.073,0.142,0.156245035204539
"C1orf52",6.07695697339866e-06,-0.401262671482169,0.104,0.19,0.156250717700026
"MBP",6.12358844359303e-06,-0.654746022445384,0.144,0.243,0.157449706061664
"TMEM199",6.16830936870663e-06,-0.564801214310413,0.054,0.116,0.158599570488185
"MRPS36",6.21411421780144e-06,-0.320641682303915,0.16,0.27,0.159777304768111
"EIF5",6.28152462285587e-06,-0.263124541619511,0.537,0.709,0.16151056110287
"CST7",6.28497769438447e-06,0.817730013502823,0.56,0.507,0.161599346478014
"KRR1",6.56848616269233e-06,-0.375426783139585,0.139,0.24,0.168888916215145
"MBOAT7",6.61631434416773e-06,-0.686281612253414,0.058,0.122,0.170118674417241
"KDELR2",6.74659966547977e-06,-0.459359932594944,0.246,0.377,0.173468570598816
"DR1",6.74737394479443e-06,-0.419509023697752,0.168,0.276,0.173488478868554
"ZNF131",6.95034537499294e-06,-0.400579637187133,0.138,0.237,0.178707280281818
"WRB",7.04390177604402e-06,-0.629331470257179,0.052,0.113,0.181112802465644
"ASL",7.24106871010112e-06,-0.368694060162138,0.076,0.148,0.18618235867412
"ZBTB38",7.25667129584021e-06,1.27250641191121,0.189,0.095,0.186583532358643
"SKA2",7.3061507954604e-06,-0.425472448978643,0.113,0.202,0.187855749252878
"PMPCA",7.31480827269348e-06,-0.522198466836853,0.086,0.163,0.188078350307495
"COA6",7.47782191710265e-06,-0.528248828608479,0.1,0.181,0.192269757132543
"GALM",7.58554946553405e-06,-0.538312918389894,0.189,0.3,0.195039647857811
"SUCLA2",7.96872113330717e-06,-0.429612466399184,0.058,0.122,0.204891757779594
"FBL",8.07095564036471e-06,-0.251018164574108,0.255,0.395,0.207520411425057
"NDUFS4",8.11963480165936e-06,-0.329441248646786,0.192,0.312,0.208772050020265
"ADAM19",8.15866742511926e-06,-0.890406036853712,0.08,0.151,0.209775656834667
"FTSJ3",8.19249433601703e-06,-0.771201299185759,0.047,0.104,0.21064541436767
"C12orf49",8.20350019913758e-06,-0.575838960854287,0.052,0.113,0.210928397120226
"FIS1",8.20823854722032e-06,-0.276941076477875,0.305,0.463,0.211050229526129
"RRP15",8.65128720104871e-06,-0.508058001673163,0.068,0.136,0.222441896513364
"CSK",8.69143387856768e-06,-0.544900740173788,0.111,0.196,0.223474147885732
"DCAF11",8.92177938929944e-06,-0.579011197578707,0.092,0.169,0.229396791657667
"MRPS35",9.01344242360233e-06,-0.538559095880886,0.093,0.172,0.231753631595663
"ARL2BP",9.11633411304215e-06,-0.390619143207958,0.127,0.223,0.23439918271454
"MRPS5",9.21427836163226e-06,-0.383214628747626,0.129,0.223,0.236917525234289
"GID8",9.35425756110909e-06,-0.48812750914095,0.11,0.196,0.240516670411237
"RTN3",9.38695838510837e-06,-0.456925256328583,0.145,0.243,0.241357473997906
"POLR1C",9.68172867484406e-06,-0.446976334993866,0.056,0.119,0.24893660768759
"APOBEC3C",9.83310497933091e-06,-0.324086487181224,0.26,0.392,0.252828795228556
"PIGP",1.00311420959456e-05,-0.600950126124497,0.079,0.151,0.257920725570952
"SYNGR2",1.00425500823668e-05,-0.385689538229266,0.167,0.273,0.258214047717815
"PIP4K2A",1.03157322307784e-05,1.07164423751774,0.302,0.217,0.265238107117775
"WDR46",1.03292425761863e-05,-0.350958278040676,0.091,0.169,0.265585485118902
"PSMB7",1.03409446727846e-05,-0.328980345620021,0.249,0.383,0.265886369426638
"CAB39",1.04200972423599e-05,-0.54700941880028,0.075,0.145,0.267921540295559
"PTBP1",1.06221360883319e-05,-0.302680515962233,0.163,0.273,0.27311636310319
"NDUFB1",1.06254698020396e-05,-0.29687238711295,0.412,0.582,0.273202079550043
"PRPF6",1.07746623496092e-05,-0.53445728498492,0.118,0.208,0.277038118333151
"C16orf87",1.09860653542371e-05,-0.320894723301211,0.099,0.181,0.282473712388144
"GK",1.11277899285266e-05,-0.713229235873237,0.074,0.142,0.286117734642276
"ZNF580",1.13218056125601e-05,-0.922113886607946,0.047,0.101,0.291106265910145
"CCL4L2",1.13620380779911e-05,1.48681095293311,0.317,0.226,0.292140723061306
"PRR7",1.13809955015256e-05,-0.480065561723979,0.078,0.151,0.292628156335226
"DFFA",1.13816754130361e-05,-0.556548273090406,0.053,0.113,0.292645638219985
"GIPC1",1.16708848606691e-05,-0.811092322582647,0.046,0.101,0.300081791537523
"NDUFC1",1.1866916136503e-05,-0.262537547559972,0.208,0.332,0.305122147701766
"DLST",1.1900054850137e-05,-0.688652601628479,0.06,0.122,0.305974210306724
"UMPS",1.21520788157394e-05,-0.574334612872645,0.048,0.104,0.312454250510291
"NFKBIB",1.22577646090209e-05,-0.642788440713814,0.091,0.166,0.315171643627144
"MFHAS1",1.23216962986005e-05,-0.844265290906431,0.056,0.116,0.316815455229617
"CDIP1",1.24059628720906e-05,-0.451084746601529,0.061,0.125,0.318982117367192
"POLR1D",1.24246412620271e-05,-0.252387110480363,0.275,0.421,0.319462376129241
"GZMK",1.2553161864086e-05,1.12007612917451,0.338,0.243,0.322766897849379
"MRPL17",1.26849738813437e-05,-0.352936158110229,0.079,0.151,0.326156048437108
"RRBP1",1.2769724657585e-05,-0.589330009647806,0.098,0.175,0.328335160395826
"YTHDF3",1.32109548831546e-05,-0.599031983954925,0.058,0.119,0.339680071955671
"FLNA",1.35558427563965e-05,-0.476307016795989,0.167,0.273,0.348547828952466
"CIAO1",1.36251351179021e-05,-0.381037482263133,0.093,0.172,0.350329474151499
"GRB2",1.37079598158969e-05,-0.397673252414578,0.174,0.282,0.352459062786341
"CCL4",1.41272927733436e-05,1.32377337741188,0.487,0.427,0.36324095178821
"XIST",1.44978360437173e-05,1.986995652529,0.146,0.068,0.37276836035606
"SPON2",1.4692716456736e-05,1.69577712658826,0.187,0.101,0.377779125535595
"C20orf27",1.51964392979707e-05,-0.638085160699671,0.068,0.134,0.390730847229422
"ZNF22",1.53059670845504e-05,-0.494542491842529,0.078,0.148,0.39354702567796
"WBSCR16",1.55110133337104e-05,-0.82952968382745,0.047,0.101,0.398819174836362
"ADPRHL2",1.61673843609621e-05,-0.68282115930997,0.062,0.125,0.415695786689058
"SART1",1.64954892227004e-05,-0.682336453026605,0.064,0.128,0.424132018894073
"YPEL5",1.67668977130334e-05,0.631599800541329,0.66,0.656,0.431110473997514
"PDRG1",1.71091654675653e-05,-0.65637931729309,0.049,0.104,0.43991086250204
"EMG1",1.75899355632682e-05,-0.421723787649482,0.101,0.181,0.452272423202751
"DAXX",1.75918384710242e-05,-0.429008423255577,0.076,0.145,0.452321350766974
"ESF1",1.76011461368979e-05,-0.366437879125498,0.113,0.199,0.452560669471919
"EDEM2",1.76266945226245e-05,-0.697838961811822,0.063,0.125,0.453217569565721
"MAP3K2",1.85314880212726e-05,-0.580820061673195,0.096,0.172,0.476481620002962
"FAM89B",1.86131484521901e-05,-0.839525019596056,0.053,0.11,0.478581273002711
"VIMP",1.87527094122335e-05,-0.273182807244548,0.264,0.398,0.482169664407349
"CFHR1",1.8861175711161e-05,2.15505751457802,0.108,0.036,0.484958549885371
"PIK3R1",1.91480964994394e-05,1.17776093933825,0.333,0.261,0.492335857193586
"PRDM1",1.92148665024034e-05,0.953199709706898,0.279,0.181,0.494052647509795
"UPF3B",1.97119852233166e-05,-0.376459725081451,0.093,0.169,0.506834564061917
"CTSL",1.97517835282977e-05,-0.295949736156779,0.121,0.211,0.50785785807959
"BAD",1.9820904733732e-05,-0.537454281752942,0.101,0.178,0.509635102513718
"GADD45A",1.98363728992279e-05,-0.493266628683389,0.168,0.27,0.510032819984948
"NDUFA12",1.99604742494125e-05,-0.2944513909257,0.294,0.436,0.513223713900893
"ICOS",2.00229159473888e-05,-0.370880080025086,0.284,0.409,0.514829214839261
"SP100",2.06890852192987e-05,0.935199496545471,0.372,0.306,0.531957759158609
"CORO1B",2.18388046200719e-05,-0.331705429787733,0.32,0.46,0.561519344391289
"PGAP1",2.2265514466725e-05,-0.627230523534425,0.053,0.11,0.572490907968433
"CTSZ",2.24234691551272e-05,-0.902911181221731,0.103,0.178,0.576552238916632
"WDR1",2.25148434762589e-05,-0.325385407533853,0.247,0.374,0.57890165546157
"VPS4A",2.25855564946833e-05,-0.741859354167478,0.067,0.131,0.580719828591297
"PYCARD",2.27721638763122e-05,-0.374747279345109,0.176,0.282,0.585517877587739
"PSMA5",2.32963640276845e-05,-0.27390161437085,0.251,0.386,0.598996111879823
"EIF2AK1",2.35504557001943e-05,-0.415297702376116,0.101,0.181,0.605529316963395
"HNRNPA1L2",2.41227125108784e-05,-0.424102044058256,0.133,0.223,0.620243184079705
"PSMG1",2.44287630644753e-05,-0.501171098135925,0.059,0.119,0.628112355913788
"MAEA",2.46738664151525e-05,-0.64876841808459,0.059,0.119,0.634414453266402
"SRSF5",2.52282342954419e-05,0.603251140627477,0.588,0.567,0.648668360204402
"SSR3",2.54719756191316e-05,-0.32680148278334,0.255,0.383,0.654935437119111
"SNHG25",2.61916619595718e-05,-0.611874853002715,0.195,0.297,0.673440012304511
"TESC",2.644743272821e-05,-0.706609854142213,0.063,0.125,0.680016390307734
"ANXA2",2.68761040891977e-05,-0.27355993848594,0.503,0.682,0.691038388341451
"IFNGR1",2.70195963552502e-05,1.2010333946179,0.261,0.178,0.694727861486193
"GRHPR",2.75790287542251e-05,-0.362891654195789,0.14,0.234,0.709111987328637
"UBA2",2.76846598531172e-05,-0.404918965062364,0.122,0.208,0.711827974143351
"LAMTOR2",2.77218872487108e-05,-0.36156541473634,0.23,0.347,0.712785164938852
"UAP1",2.83302347538542e-05,-0.256572474615058,0.124,0.211,0.728426995991099
"LYPLA2",2.85514454963858e-05,-0.336068828302456,0.085,0.157,0.734114766603072
"TATDN1",2.85582723440122e-05,-0.382891645566164,0.104,0.184,0.734290298509241
"SUPT4H1",2.89841745052329e-05,-0.263709489740183,0.292,0.436,0.745241094878549
"ANKRD37",2.91737344183878e-05,-0.557407391446967,0.212,0.323,0.750115059365587
"STARD7",2.9434126983361e-05,-0.43415306759748,0.159,0.255,0.756810272996179
"NAA10",2.99223629579772e-05,-0.393056435595539,0.166,0.267,0.76936379637551
"CHP1",3.008403966721e-05,-0.300836908393477,0.137,0.231,0.773520827923303
"UQCRFS1",3.04649475556247e-05,-0.33492747611041,0.282,0.415,0.783314731550223
"PAPD5",3.05322400394626e-05,-0.549615469812849,0.063,0.125,0.785044955894662
"COA5",3.06984728355692e-05,-0.541692202548378,0.072,0.136,0.789319133548155
"ITGB2",3.13941159276063e-05,0.722774982082579,0.477,0.43,0.807205508730614
"GTF3A",3.25355208680202e-05,-0.27608406459537,0.366,0.519,0.836553312558536
"UBE2Z",3.30299734063493e-05,-0.457884505977628,0.067,0.131,0.849266676224053
"FAM118A",3.33133234880219e-05,-0.455292738520611,0.107,0.187,0.85655217352402
"ZYX",3.39646581043208e-05,-0.491103576027891,0.117,0.199,0.873299289178297
"PAF1",3.40170559515207e-05,-0.354261688683919,0.109,0.19,0.874646542625501
"ZNF281",3.40209623887392e-05,-0.401096464542439,0.101,0.178,0.874746984939261
"VTN",3.50803942500721e-05,-0.352483202090057,0.375,0.487,0.901987096957853
"EIF2B2",3.54395201337416e-05,-0.46143714095273,0.057,0.116,0.911220941678764
"ZC3H12D",3.58122552656509e-05,-0.650474628606727,0.052,0.107,0.920804707390417
"TNIP1",3.61676014528672e-05,-0.379692774055979,0.177,0.279,0.929941368556122
"PRR5",3.64903974882038e-05,-0.578707684554071,0.055,0.113,0.938241100216695
"SLC39A1",3.66773750963846e-05,-0.281602977863384,0.104,0.184,0.943048668478242
"VMA21",3.72945538992447e-05,-0.422310600567448,0.121,0.205,0.95891756985738
"TCERG1",3.76195396158748e-05,-0.537698235221799,0.066,0.128,0.967273602603372
"FLYWCH2",3.98364847179897e-05,-0.468675434335267,0.057,0.116,1
"NARF",4.08563098297524e-05,-0.488224057481567,0.133,0.22,1
"NDUFA8",4.12290515008513e-05,-0.364525374671216,0.116,0.199,1
"RAP1B",4.23881100919052e-05,0.725220730154449,0.446,0.389,1
"FKBP3",4.26593498952114e-05,-0.301945209110044,0.165,0.264,1
"NAB1",4.26735443640807e-05,-0.615371726711704,0.073,0.136,1
"CSNK2A1",4.2708498516856e-05,-0.439560105939769,0.08,0.148,1
"UBA1",4.39010111166788e-05,-0.435293670505316,0.076,0.142,1
"SERPINE2",4.44010208912262e-05,-0.69211856850669,0.049,0.101,1
"TRIM44",4.45690693135512e-05,-0.749425735173446,0.063,0.122,1
"EIF4EBP1",4.58950368415376e-05,-0.353101061913913,0.081,0.148,1
"HSPBP1",4.65501910536156e-05,-0.656665963789544,0.059,0.116,1
"AHSG",4.65839229429827e-05,1.82417233165159,0.208,0.128,1
"RIT1",4.66734165934482e-05,-0.332063757736228,0.105,0.184,1
"CLPTM1",4.72588427008729e-05,-0.554168954542427,0.097,0.169,1
"PNKD",4.88109819830976e-05,-0.318417726544363,0.139,0.228,1
"GNPDA1",4.88931057359339e-05,-0.441032562222193,0.06,0.119,1
"PITHD1",5.07763497483986e-05,-0.429454847459085,0.132,0.22,1
"HIST1H1C",5.08187474754234e-05,-0.320842558755324,0.134,0.22,1
"GPAA1",5.14859556385511e-05,-0.537129718334544,0.112,0.19,1
"NCF1",5.22291405442802e-05,-0.67502502872239,0.112,0.187,1
"TRIM13",5.26330163520492e-05,-0.425643115431532,0.093,0.166,1
"FIBP",5.39853005637764e-05,-0.35196109893472,0.151,0.243,1
"HACD4",5.42948237629423e-05,-0.450510389722815,0.083,0.151,1
"DEF6",5.55740062659878e-05,-0.408969790449577,0.15,0.243,1
"LYSMD2",5.57650207005978e-05,-0.44167398400579,0.115,0.196,1
"N4BP2L2",5.65970388855665e-05,0.798339301980142,0.437,0.389,1
"GGA2",5.78529845824412e-05,-0.520554663669331,0.079,0.145,1
"POLDIP3",5.79296326513338e-05,-0.384601853711824,0.07,0.134,1
"GTPBP8",5.81974588318651e-05,-0.43227428898914,0.067,0.128,1
"NUTF2",5.83324736483062e-05,-0.282453848465176,0.2,0.309,1
"FAM107B",5.85370644421072e-05,-0.26704700243921,0.239,0.359,1
"RHOF",5.96572654464099e-05,-0.259607503978967,0.25,0.377,1
"NTMT1",5.97391386253031e-05,-0.27686055125597,0.129,0.217,1
"KDELR1",6.10711786482741e-05,-0.416996236593921,0.156,0.246,1
"CBX1",6.1447239841289e-05,-0.601239177063779,0.064,0.122,1
"STARD10",6.17222971255606e-05,-0.675048819057964,0.051,0.104,1
"GPATCH2L",6.29092338555616e-05,-0.676167949669419,0.066,0.125,1
"TMBIM1",6.31947736495997e-05,-0.465001127328323,0.096,0.169,1
"EXOSC3",6.31949778508575e-05,-0.331323920568876,0.087,0.157,1
"GSS",6.36128277906905e-05,-0.561597603787647,0.064,0.122,1
"PRRC2A",6.400670100939e-05,-0.526802394374853,0.065,0.125,1
"MRPL45",6.49925336976667e-05,-0.441594247580679,0.063,0.122,1
"POLR2A",6.51860807039673e-05,-0.357218169656989,0.103,0.178,1
"ACADVL",6.53898496939817e-05,-0.266327767498623,0.197,0.306,1
"CCDC124",6.55004263137458e-05,-0.363663742536626,0.154,0.246,1
"FGA",6.56512170662173e-05,1.7638487180686,0.147,0.074,1
"PSMG4",6.57120511347614e-05,-0.579858478863621,0.057,0.113,1
"HK1",6.57526630091489e-05,-0.627998193354811,0.081,0.145,1
"HPGD",6.60887786739186e-05,1.90175002101086,0.127,0.056,1
"MRPL2",6.64071601117519e-05,-0.46794136405173,0.098,0.169,1
"CFAP36",6.64649639495777e-05,-0.593292006772868,0.068,0.128,1
"SMYD2",6.77792750386362e-05,-0.707484399964542,0.058,0.113,1
"KPNA4",6.79329159495321e-05,-0.642833302066029,0.072,0.134,1
"NCSTN",6.9123052952908e-05,-0.39172019791684,0.069,0.131,1
"SNRPA",6.94098910965209e-05,-0.387549984564772,0.094,0.166,1
"SOCS3",6.98122531038691e-05,-0.48860753602804,0.23,0.335,1
"HAUS1",6.98333083808013e-05,-0.348742771162587,0.079,0.145,1
"FAM195A",7.15280358678466e-05,-0.764431197923674,0.054,0.107,1
"ATG101",7.16933671527074e-05,-0.290153963649147,0.139,0.228,1
"COMT",7.20336896350063e-05,-0.493222886636497,0.121,0.202,1
"TSR3",7.21494585075046e-05,-0.656008666710065,0.072,0.134,1
"TTF1",7.2527819540616e-05,-0.31422145570109,0.075,0.139,1
"PDLIM1",7.43788525657859e-05,-0.59851762137982,0.064,0.122,1
"MAP2K3",7.48549908865567e-05,-0.32119668160672,0.154,0.249,1
"CINP",7.71189097901495e-05,-0.491859490379931,0.074,0.136,1
"FAAP20",7.71257047353191e-05,-0.449284305257319,0.164,0.258,1
"IFRD2",8.05086021585675e-05,-0.795706776976875,0.052,0.104,1
"MGAT2",8.24928051179015e-05,-0.430757633813413,0.088,0.157,1
"HSF1",8.26552310223652e-05,-0.441733713125347,0.107,0.184,1
"LAMTOR1",8.31247428212946e-05,-0.304050044757791,0.234,0.35,1
"MID1IP1",8.31502637337378e-05,-0.342787567701752,0.078,0.142,1
"GLTP",8.39006149267838e-05,-0.30249698931902,0.104,0.181,1
"PFKP",8.44715736826957e-05,-0.351745548089393,0.082,0.148,1
"PAFAH1B2",8.44797692157149e-05,-0.288016919600414,0.123,0.208,1
"FBXW2",8.58565142633865e-05,-0.525004628782741,0.082,0.148,1
"OAZ2",8.9865005306535e-05,-0.391382341203766,0.136,0.223,1
"UBE2J1",9.09680517295473e-05,-0.462756430552883,0.134,0.217,1
"IFI16",9.11900072067371e-05,0.730111456420223,0.501,0.484,1
"NAE1",9.13729424523519e-05,-0.35895528565628,0.092,0.163,1
"COMTD1",9.14529322630136e-05,-0.493631052754929,0.07,0.131,1
"C15orf61",9.38795516440427e-05,-0.496051723854021,0.074,0.136,1
"SLC35B1",9.44102042126555e-05,-0.314612599233806,0.104,0.178,1
"C6orf89",9.4782816398317e-05,-0.368327238369118,0.071,0.134,1
"CRK",9.64998855543992e-05,-0.600714804107897,0.071,0.131,1
"DCP2",9.68142847563755e-05,-0.445757172593939,0.089,0.157,1
"TRIB1",9.71721603958518e-05,-0.687272656187785,0.055,0.107,1
"IL2RG",9.79133176244635e-05,0.472041795006452,0.667,0.671,1
"PAK2",9.90601371178062e-05,-0.363929149616085,0.184,0.285,1
"SNX10",9.9242120852952e-05,-0.408462307499265,0.091,0.16,1
"TIMMDC1",0.000101186307234045,-0.316566342690374,0.097,0.169,1
"ENOPH1",0.000101262634012941,-0.462770641557725,0.085,0.151,1
"TIMM44",0.00010294131772772,-0.530337500578487,0.056,0.11,1
"MTX2",0.000104078816178522,-0.345883130738383,0.06,0.116,1
"S100A16",0.000106157138853973,-0.470657100428572,0.071,0.131,1
"GSTA1",0.000107107466016022,2.03209003805175,0.15,0.08,1
"C15orf48",0.000111119138743189,-0.637670165301559,0.078,0.142,1
"RNASET2",0.000111983765975896,-0.291304091330493,0.301,0.427,1
"KCTD20",0.00011257693666045,-0.428121905972197,0.072,0.134,1
"RPL26L1",0.000113137988540312,-0.42145814754066,0.09,0.157,1
"GAR1",0.000113396855052427,-0.470546869456702,0.052,0.104,1
"HERPUD1",0.000113454283658767,0.604708005683454,0.671,0.688,1
"USP12",0.000115470602730404,-0.735478568038603,0.051,0.101,1
"CD3E",0.000116228523565858,0.53752561776069,0.639,0.677,1
"TCF7",0.000116908011997227,-0.442823778237297,0.136,0.22,1
"MPG",0.000118608541572823,-0.507233900863775,0.129,0.208,1
"CHTOP",0.000119975657042827,-0.334999879943904,0.122,0.202,1
"GANAB",0.000122461145046695,-0.664299010962192,0.061,0.116,1
"ANKRD39",0.000122618247679831,-0.51193517445127,0.078,0.139,1
"APEX1",0.000125365153747333,-0.276839749603232,0.179,0.279,1
"MTPN",0.000125551187350898,-0.280210932550315,0.128,0.211,1
"HLA-A",0.000126016703307416,0.272980547561848,0.996,1,1
"MED17",0.000126690749522277,-0.300613198683428,0.102,0.175,1
"RAB11FIP1",0.000128721262768606,-0.311417745524854,0.172,0.267,1
"USP14",0.000132052122859018,-0.433405951241336,0.103,0.175,1
"CSTB",0.000132546388311449,-0.286839004689807,0.478,0.665,1
"TPGS2",0.000134228402798279,-0.32235370763933,0.087,0.154,1
"MOCS2",0.000134704125830384,-0.337682648647232,0.081,0.145,1
"HGS",0.000134794580055753,-0.654454882225113,0.055,0.107,1
"GTPBP1",0.000134854520223607,-0.455331561199641,0.088,0.154,1
"TIPRL",0.000136371189615101,-0.303881820623871,0.148,0.237,1
"TMEM2",0.000137658199365188,1.24598520968067,0.23,0.154,1
"SF3A2",0.000137666266858526,-0.371186209830335,0.098,0.169,1
"KHDRBS1",0.000139676473740622,-0.25316848576509,0.26,0.386,1
"CTSB",0.000140852932800778,-0.296744151740189,0.316,0.451,1
"MRPS25",0.000141799419339818,-0.342522143114026,0.075,0.136,1
"SIAH2",0.00014246773281858,-0.329636249138667,0.121,0.202,1
"IGFLR1",0.000142900012788373,-0.587676296639358,0.092,0.157,1
"IDS",0.00014852267661213,0.837468769675566,0.361,0.297,1
"MYC",0.000151453137573831,-0.443528051479581,0.074,0.134,1
"FAM104A",0.000152406357921408,-0.313216519278003,0.108,0.181,1
"IRF2BP2",0.000152471761745262,-0.374727744128157,0.165,0.255,1
"CD70",0.000152634672409705,-0.745856771661808,0.077,0.136,1
"SNHG7",0.000154034496614356,-0.44811085544131,0.171,0.264,1
"PHF20L1",0.000157867495515327,-0.431220968128665,0.139,0.22,1
"MAP4K4",0.000161576307962578,-0.563631658579613,0.051,0.101,1
"NUCKS1",0.000162619929677148,-0.325565644573619,0.262,0.377,1
"RELT",0.000162660735467699,-0.498966015198927,0.063,0.119,1
"MLEC",0.000163161286393688,-0.551072738403308,0.117,0.19,1
"ZNF326",0.000165094299654032,-0.617485824046905,0.062,0.116,1
"MGAT1",0.000168391349779966,-0.303642732016571,0.163,0.255,1
"SSU72",0.00017383555182629,-0.284177372653585,0.254,0.371,1
"CBX6",0.00017768321487904,-0.367181634943973,0.1,0.169,1
"LIMS1",0.000179998842311488,-0.253224510489139,0.201,0.3,1
"DPH3",0.000181444278663378,-0.255698350372183,0.121,0.199,1
"KLRG1",0.000182868130003559,1.66640690178599,0.118,0.053,1
"GLS",0.000186847285084054,-0.468693512741394,0.103,0.172,1
"CDS2",0.0001904203415505,-0.3373460446287,0.09,0.157,1
"PHKG1",0.000190715665732923,-0.31357116607499,0.055,0.107,1
"TXNL4A",0.000195967682055695,-0.55181501723711,0.112,0.181,1
"RFXANK",0.000199865030945376,-0.477594564439112,0.092,0.157,1
"BID",0.000201449746664007,-0.311302251278224,0.136,0.217,1
"MRPS22",0.000202797934738234,-0.316517882769161,0.082,0.145,1
"WDR61",0.000207888182409673,-0.296953940696525,0.102,0.172,1
"UGDH",0.000212802088148222,-0.385229253861403,0.069,0.125,1
"PGRMC1",0.000213252629170949,-0.49964084400946,0.099,0.166,1
"MAF1",0.000222776401815321,-0.292330049800987,0.211,0.315,1
"DNAJC2",0.000223449843620731,-0.354468390997501,0.098,0.166,1
"CCZ1",0.000227579745395939,-0.258026661369652,0.112,0.187,1
"KPNA3",0.000230411639836745,-0.529631796892892,0.065,0.119,1
"CASP7",0.000235779159529013,-0.502765160754501,0.056,0.107,1
"UNC119",0.000237804968364509,-0.568278868360427,0.058,0.11,1
"URM1",0.000240176313806492,-0.37231274389287,0.115,0.187,1
"NAF1",0.000243388342206299,-0.651792896072014,0.073,0.131,1
"CDC26",0.000247736136756839,-0.264560452807656,0.181,0.276,1
"PFKFB3",0.00024831310636544,-0.306138148711547,0.186,0.282,1
"ELP5",0.000257128491572764,-0.46439890839685,0.082,0.142,1
"MAPK6",0.000258254750014091,-0.497638144043934,0.061,0.113,1
"ASXL1",0.00027053989414861,-0.435142829821296,0.06,0.113,1
"MT-ND3",0.0002736950100259,0.433079254054465,0.875,0.985,1
"HIBCH",0.000276206718391585,-0.292575634948901,0.088,0.151,1
"TIMM10",0.000283144457818074,-0.292957091248213,0.108,0.181,1
"LINC00998",0.000288257951983459,-0.251553342671616,0.11,0.181,1
"FOXP3",0.000291106858541459,-0.690042966971322,0.071,0.125,1
"LINC-PINT",0.000292305394044027,0.951741683358472,0.24,0.166,1
"POLE4",0.000293635960604017,-0.283695247893967,0.183,0.276,1
"EIF2B5",0.000293936329473487,-0.313676344311166,0.067,0.122,1
"LAPTM5",0.000295275285524512,0.364461655934126,0.691,0.724,1
"TMC6",0.000295652762136648,-0.344535678323716,0.146,0.228,1
"FUOM",0.000296654414525499,-0.3022800490866,0.099,0.166,1
"DENND4A",0.000297223229775934,-0.358906247121487,0.082,0.142,1
"KARS",0.000299514613617855,-0.268310410731654,0.183,0.276,1
"KCNK6",0.000301018878086829,-0.725167448203967,0.053,0.101,1
"AKTIP",0.000303168607934692,-0.667705814120364,0.063,0.116,1
"TRIB2",0.000317634724078541,-0.660797745018297,0.053,0.101,1
"GSDMD",0.000319042735013826,-0.300989828467573,0.182,0.273,1
"FBXL15",0.000324482551882945,-0.508565514983077,0.069,0.125,1
"CCR7",0.000324925611449218,-0.384127786674568,0.182,0.27,1
"SCNM1",0.000329042963286258,-0.31281591146711,0.121,0.196,1
"BRI3",0.000329046749176175,-0.458534485917151,0.065,0.119,1
"CCL3L3",0.000332094919715731,1.10397640527304,0.242,0.175,1
"LUZP1",0.000333670940060757,-0.32187651412129,0.14,0.22,1
"CDKN2A",0.00034229458719931,-0.549096332253429,0.068,0.122,1
"HIST1H2AC",0.000344574904316181,-0.510548656528766,0.084,0.142,1
"KRAS",0.000348140078872237,-0.294128390082745,0.142,0.223,1
"OTULIN",0.000351864450584252,-0.407499883509262,0.091,0.154,1
"BCL11B",0.000353549460000992,-0.519289126525805,0.123,0.193,1
"AHI1",0.0003599835614391,-0.280806519550232,0.098,0.163,1
"SRM",0.000368100642065504,-0.639873255578806,0.056,0.104,1
"SRA1",0.000369288812410419,-0.323534950702452,0.153,0.234,1
"OARD1",0.000370006463103877,-0.34736951326843,0.102,0.169,1
"PPP1R16A",0.000370450513055818,-0.497138132868908,0.058,0.107,1
"ARMC10",0.000375451036111568,-0.542214406713251,0.079,0.136,1
"CMC1",0.000388924620017066,1.43591000743552,0.312,0.252,1
"ZNF581",0.000392948529456702,-0.405507534988387,0.057,0.107,1
"LLNLR-245B6.1",0.000394840409918334,-0.412476923355761,0.055,0.104,1
"TIMM22",0.000396549104119453,-0.406758340171779,0.053,0.101,1
"PSPC1",0.000402781989370632,-0.386874338274993,0.08,0.139,1
"YIF1A",0.000411804459085811,-0.320441232919666,0.135,0.211,1
"P2RX4",0.00041685782822088,-0.518675415207285,0.056,0.104,1
"ETHE1",0.000419035876953744,-0.266067688746656,0.142,0.223,1
"RMDN1",0.000424550801838939,-0.627813562446889,0.06,0.11,1
"TIMM9",0.000425128168260434,-0.530423644689301,0.081,0.139,1
"DDX24",0.000427287515023924,0.505212885093788,0.584,0.573,1
"SUPT5H",0.000430090877034072,-0.335469946955477,0.142,0.22,1
"GPR137B",0.000433207102693551,-0.6426051121485,0.054,0.101,1
"NUDT1",0.000438966861869955,-0.253219425300098,0.102,0.169,1
"CCDC53",0.000439987651482753,-0.250108994019573,0.11,0.181,1
"ACTR1A",0.000445204449576385,-0.310681875976658,0.101,0.166,1
"ATPAF1",0.000445665465971701,-0.496657465528597,0.064,0.116,1
"LEPROTL1",0.000453857562852284,0.484126811473891,0.617,0.632,1
"SH3BGRL",0.000454272759218778,0.739483921920372,0.349,0.291,1
"MIAT",0.000457665380830753,-0.433120470454232,0.062,0.113,1
"NAAA",0.000462965750233414,-0.649107848973088,0.054,0.101,1
"PPA2",0.000465819912421575,-0.33691449040103,0.112,0.181,1
"TFRC",0.000467607917550792,-0.432406834268167,0.086,0.145,1
"RBM39",0.000467777669083491,0.444331248188039,0.644,0.682,1
"PHTF1",0.000468981540885972,-0.563728173485834,0.06,0.11,1
"NDUFS1",0.000477813459539974,-0.375130119135813,0.062,0.113,1
"METTL23",0.000477825657918902,-0.290302152127502,0.113,0.184,1
"BLOC1S6",0.000480959045711606,-0.289467265303867,0.094,0.157,1
"MCUR1",0.000487722504550262,-0.732895163887612,0.066,0.116,1
"NABP2",0.000501526816894165,-0.418724602569864,0.062,0.113,1
"CD151",0.00050868333713647,-0.391149254787882,0.109,0.175,1
"MITD1",0.000516481946897174,-0.273801078768019,0.11,0.178,1
"TP53RK",0.00051900705593933,-0.453370194759036,0.067,0.119,1
"SERPING1",0.000521109813049497,-0.259028055735082,0.133,0.211,1
"SLC25A37",0.000525527349280024,-0.32161710335325,0.056,0.104,1
"NUDT16L1",0.000527288248370751,-0.416776329665825,0.099,0.163,1
"PRKAR2A",0.000528716565211189,-0.317809501743414,0.103,0.169,1
"UTP18",0.000530817718938656,-0.486845320116492,0.076,0.131,1
"KIN",0.000545492741812143,-0.297805133148242,0.059,0.11,1
"METTL5",0.000545582955065575,-0.328265621087318,0.115,0.184,1
"PTGER4",0.000545745752244658,0.866397685539115,0.311,0.243,1
"GNB1",0.000546346018180484,-0.321449723908936,0.116,0.187,1
"LGALS9",0.000553556675860461,-0.357627556919,0.069,0.122,1
"RPL36AL",0.000557181078521215,0.275160699834047,0.873,0.89,1
"STAT5B",0.000558909521493656,-0.567238822243783,0.054,0.101,1
"DNAJC4",0.000560430086020896,-0.612820868415425,0.079,0.134,1
"C12orf45",0.000573334617164997,-0.558594210521157,0.055,0.101,1
"FN1",0.000577856915052334,-0.298536344865894,0.11,0.178,1
"AP1S1",0.000584899173502855,-0.33294061544408,0.098,0.16,1
"GBP4",0.000604404674496721,-0.374295442827143,0.098,0.16,1
"BAZ2A",0.0006194566240829,-0.29453869252688,0.093,0.154,1
"MCRS1",0.000621724367671367,-0.383163655406711,0.06,0.11,1
"AKAP17A",0.000624334749264599,-0.482606014859293,0.087,0.145,1
"PYURF",0.000628227444827052,-0.271167304978913,0.225,0.326,1
"MARK3",0.000632558038018149,-0.436183971466263,0.116,0.184,1
"COA1",0.000632651129317096,-0.267736399629682,0.095,0.157,1
"CTSH",0.000646055605859638,-0.354931814597099,0.116,0.184,1
"RNASE1",0.000646430565871571,1.70248958376153,0.109,0.053,1
"RPIA",0.000650155052230672,-0.27429621072638,0.098,0.163,1
"SNX20",0.000654455744684894,-0.513470221398841,0.072,0.125,1
"SIRPG",0.000655181520182649,-0.430565014704481,0.124,0.193,1
"TBC1D10C",0.000658525724312352,-0.34923340628013,0.176,0.261,1
"SPPL2A",0.000672582990513565,-0.357296259904126,0.151,0.228,1
"TBC1D1",0.000685543208064968,-0.514464646841281,0.067,0.119,1
"TNFRSF1A",0.000692672166132291,-0.49281577879841,0.055,0.101,1
"SPTBN1",0.000704408436000678,-0.648853074227768,0.071,0.122,1
"EBAG9",0.000704794622987199,-0.375812322133651,0.068,0.119,1
"SRPK1",0.000720378970050981,-0.339340557543705,0.096,0.157,1
"LASP1",0.000737325180008079,-0.296502236478199,0.127,0.199,1
"DHX38",0.000750029439114672,-0.449455039595363,0.055,0.101,1
"BCL2L1",0.00075965679225329,-0.326228540236047,0.071,0.125,1
"QARS",0.000760358726523933,-0.311048536990703,0.123,0.193,1
"ZNF688",0.000762736431238106,-0.669027147859895,0.06,0.107,1
"CMAS",0.000771510205804458,-0.348405185280239,0.076,0.131,1
"MX2",0.000775044280324954,-0.496792144002259,0.055,0.101,1
"GCH1",0.000778073806503508,-0.384014801910803,0.085,0.142,1
"NSMCE4A",0.000779448374252996,-0.499541938247978,0.066,0.116,1
"LINC00667",0.000784473873859042,-0.441705316047782,0.057,0.104,1
"ERO1B",0.000796826557921575,-0.656444100344069,0.067,0.116,1
"MED13",0.000817932225899672,-0.406616176770239,0.057,0.104,1
"CD5",0.000819002838126346,-0.293522644534433,0.132,0.205,1
"MAP7D1",0.000821468145095316,-0.312394165869806,0.124,0.193,1
"PSMD5-AS1",0.000824668426126075,-0.346988254877642,0.081,0.136,1
"UROS",0.000828536011195315,-0.524619632559762,0.084,0.139,1
"SAE1",0.000833334114602956,-0.28071610101825,0.101,0.163,1
"DCTD",0.000834090834388738,-0.359045747159358,0.085,0.142,1
"TRIM38",0.000834911652018049,-0.287593960063933,0.098,0.16,1
"SLC52A2",0.000840740358134358,-0.551178869002577,0.071,0.122,1
"SMARCC1",0.000844430477524734,-0.450674607717272,0.077,0.131,1
"DHX9",0.000856412625507893,-0.346790915484709,0.085,0.142,1
"HS3ST3B1",0.000858828936126607,-0.546374027575401,0.064,0.113,1
"PBX4",0.000871780371859336,1.24514399179998,0.14,0.08,1
"TRABD",0.0008755458556018,-0.506346193123384,0.121,0.187,1
"TRIM27",0.000882873273587081,-0.445015825987817,0.057,0.104,1
"TPD52L2",0.000883474213319813,-0.303164715925709,0.085,0.142,1
"SRRM1",0.000898312697200137,0.640632298962398,0.401,0.362,1
"FDFT1",0.000915367526419687,-0.260337503786876,0.141,0.217,1
"CCM2",0.000915692619788693,-0.377923650776732,0.09,0.148,1
"SNRPA1",0.000929722408296187,-0.265528404994631,0.149,0.226,1
"PTS",0.000937046320761324,-0.341195525926861,0.088,0.145,1
"FDX1",0.000939087582077321,-0.280450836257391,0.165,0.243,1
"CH17-189H20.1",0.00094763923064901,-0.281067535361555,0.167,0.249,1
"ZCCHC9",0.000958735079914883,-0.265750875573547,0.057,0.104,1
"SUSD3",0.0009726376212915,-0.320530812119916,0.095,0.154,1
"C17orf62",0.000983213535286202,-0.349100394018494,0.118,0.184,1
"NUP210",0.00100881631304721,-0.443862244047133,0.062,0.11,1
"AC006129.2",0.00101435492352818,1.66193988039415,0.121,0.065,1
"IQGAP2",0.00102875817369956,1.02570790139126,0.18,0.116,1
"TM9SF3",0.00103589171724336,-0.552893767129329,0.093,0.148,1
"RGS19",0.0010414614977826,-0.378299081020089,0.086,0.142,1
"CXorf40A",0.00106397629541024,-0.486802066074049,0.056,0.101,1
"ARL2",0.00107326151609145,-0.293353047725463,0.088,0.145,1
"NAA16",0.00107474310384565,-0.373858227110361,0.06,0.107,1
"PHF11",0.00107631502130872,-0.277970079312341,0.116,0.184,1
"C1GALT1C1",0.00108507863384334,-0.416362047929635,0.06,0.107,1
"EFHD2",0.00109522706334155,-0.269269253958551,0.152,0.228,1
"COX16",0.00109848002065443,-0.358484657877215,0.073,0.125,1
"ARL3",0.00110905342120157,-0.396865280167835,0.072,0.122,1
"PABPN1",0.00110978118358227,-0.383486100939299,0.103,0.163,1
"UNC13D",0.00111884330730074,-0.525275664023554,0.069,0.119,1
"INSIG2",0.00113796397857872,-0.273691961061553,0.073,0.125,1
"HLA-DMA",0.00114021247536858,-0.260486077597992,0.21,0.297,1
"ZBTB43",0.00114766493669889,-0.27641747126876,0.102,0.163,1
"LIMA1",0.00115571834628021,-0.360155716725653,0.069,0.119,1
"FRA10AC1",0.00115753070726969,-0.408117942271327,0.056,0.101,1
"ADA",0.00116765711374743,-0.32181746929864,0.127,0.196,1
"SLA",0.0011786239008632,0.70705714703355,0.369,0.318,1
"KLRB1",0.00118045667520447,0.718097751550406,0.474,0.427,1
"ZC3H11A",0.00118987929118083,-0.331152786066897,0.084,0.139,1
"TMEM59",0.00124054699580685,0.496488434870704,0.582,0.614,1
"SLC2A4RG",0.00124322161489984,-0.421162905782476,0.056,0.101,1
"PIGX",0.00124331226128325,-0.497113663476514,0.061,0.107,1
"CDC42EP3",0.001256861601258,-0.321790111885309,0.138,0.211,1
"NEK7",0.00126900692978152,-0.492103312833556,0.058,0.104,1
"GTF2I",0.00133902141209242,-0.320531164288374,0.103,0.163,1
"SERINC5",0.00134448386583522,-0.259444771808338,0.115,0.181,1
"ARL4A",0.00135500476979496,0.751968512772834,0.393,0.365,1
"KMT5C",0.00140475178817405,-0.309870973041407,0.086,0.142,1
"PMM1",0.00143066467123314,-0.298366230903425,0.061,0.107,1
"CSNK1G3",0.00146142227696404,-0.455776907939957,0.068,0.116,1
"ISOC2",0.00153259883435361,-0.480885255254657,0.083,0.134,1
"ADK",0.00154148607285848,-0.372410825405884,0.068,0.116,1
"HNRNPD",0.00160446760536369,-0.330258159498585,0.178,0.255,1
"CTSS",0.00163932815193023,0.763090186695547,0.317,0.264,1
"TMEM70",0.00165267165315825,-0.280141079885734,0.142,0.211,1
"GMPS",0.00165518747020909,-0.268489411803907,0.067,0.116,1
"TAF11",0.00171399531301853,-0.280063632059321,0.097,0.154,1
"EXOSC7",0.00175865990260555,-0.300233355594662,0.068,0.116,1
"SRSF7",0.00175923272169106,0.34534887175929,0.7,0.715,1
"ERVK3-1",0.00180502770677564,-0.27403977278891,0.074,0.125,1
"NFATC1",0.0018081139940854,-0.496431185046747,0.082,0.134,1
"PLEKHA2",0.00183085831052338,-0.482021830589576,0.084,0.136,1
"SDE2",0.00183190481585977,-0.261460888050627,0.072,0.122,1
"PHF20",0.00186366750899688,0.88635616188092,0.271,0.22,1
"NOC2L",0.00187993062476908,-0.296919938223949,0.113,0.175,1
"A1BG",0.00191093977204146,1.10451519276533,0.176,0.119,1
"TMPO",0.00191975441571672,-0.370016354369523,0.098,0.154,1
"ISCA2",0.00192800901740061,-0.337237581000399,0.066,0.113,1
"CCDC57",0.00193799992340062,-0.313527624819429,0.095,0.151,1
"CRELD2",0.00199775835397726,-0.323428624240822,0.128,0.193,1
"ATP2B4",0.00202800913961816,-0.452566074110033,0.067,0.113,1
"MAGEH1",0.0020434564250097,-0.332117791252543,0.094,0.148,1
"TOLLIP",0.00207527629153457,-0.476754367832172,0.073,0.122,1
"NDUFAF4",0.00209499880184525,-0.360944598957865,0.075,0.125,1
"FAM60A",0.00213122274762433,-0.262762685184409,0.111,0.172,1
"WDFY2",0.00218717343426213,-0.398044453185232,0.062,0.107,1
"RRAGC",0.00219047694808516,-0.59415203124845,0.066,0.11,1
"MKLN1",0.00220591448169401,-0.253320775051924,0.057,0.101,1
"CD96",0.00222942501635573,0.838954968074639,0.329,0.288,1
"EEF2",0.00224608058688957,0.255626125960729,0.791,0.866,1
"U2AF2",0.00226846510195445,-0.324155798448726,0.087,0.139,1
"CSRP1",0.00231456886807147,-0.309532678552555,0.076,0.125,1
"GTF2E2",0.00231614792775931,-0.388126428133263,0.073,0.122,1
"FGB",0.0023871608785931,1.49744229940659,0.169,0.116,1
"PABPC4",0.00239974308061301,-0.328006377481417,0.135,0.202,1
"TOB1",0.00240550638921945,0.907323153004537,0.346,0.306,1
"SPARC",0.00250991767273746,1.11318901978857,0.157,0.104,1
"UBE2R2",0.00252667456622269,-0.274483884247845,0.071,0.119,1
"CCDC50",0.00256587814973501,-0.353257129401697,0.094,0.148,1
"PFKL",0.00257444644221708,-0.253743087607703,0.112,0.172,1
"ZDHHC24",0.00260812496366767,-0.495193000138989,0.061,0.104,1
"LINC00861",0.00265144169548108,-0.449454698310056,0.068,0.113,1
"AFF4",0.00265999300229855,-0.3301669874327,0.092,0.145,1
"NT5C",0.00267710441293971,-0.431256454221712,0.114,0.172,1
"BRD4",0.00270326595980018,-0.553898150842155,0.108,0.163,1
"FAM105A",0.00270523353323015,-0.419330817817239,0.078,0.128,1
"OGFR",0.00276379795158424,-0.340776116904366,0.078,0.128,1
"UBTF",0.00280814368717332,-0.296026460260319,0.067,0.113,1
"SHARPIN",0.00281973642362875,-0.329076634991853,0.098,0.154,1
"EZR",0.00282710507950109,0.571586682788922,0.595,0.617,1
"TMEM101",0.00282974119190625,-0.337173902525562,0.068,0.113,1
"PTGER2",0.00284987097913983,1.2377945679175,0.176,0.125,1
"XPA",0.00286962567726579,-0.305910518126216,0.059,0.101,1
"GPBP1",0.00289114675913571,0.439052598304514,0.576,0.588,1
"NIT2",0.00289637141909812,-0.294466249735486,0.076,0.125,1
"CD320",0.00292514033406094,-0.27649284880187,0.115,0.175,1
"BIN2",0.00294189397667095,0.776307280298061,0.27,0.214,1
"SEPT7",0.00294605033016871,0.467026740912166,0.544,0.555,1
"ITSN2",0.0029497588888315,-0.307093401860441,0.163,0.234,1
"SND1",0.00295899239389329,-0.312334041419492,0.093,0.145,1
"PDXK",0.00298231530896203,-0.531751103153778,0.069,0.113,1
"TUBA1A",0.00300963971037485,0.660302402827553,0.439,0.415,1
"PPP1R15B",0.00302491734223276,-0.281013125544135,0.116,0.175,1
"ARL6IP5",0.00308088007285992,0.392290042535514,0.556,0.567,1
"CETN2",0.0031137422398005,-0.359132769720734,0.066,0.11,1
"TIMM50",0.00313442610892445,-0.305524559573187,0.073,0.119,1
"SPOCK2",0.00320203995826074,-0.273897655847532,0.408,0.51,1
"GCLM",0.003249471814155,-0.345879322402717,0.075,0.122,1
"ILKAP",0.00325420304401914,-0.336699214375535,0.07,0.116,1
"THAP7",0.0032645233136392,-0.265864976651636,0.067,0.113,1
"B3GNT2",0.00348676882986411,-0.319282250271755,0.111,0.169,1
"PGRMC2",0.00350546178304009,-0.548775661685902,0.076,0.122,1
"IFT27",0.00353682638221694,-0.404060179178708,0.064,0.107,1
"RBBP6",0.00354563793845739,-0.495639687971625,0.138,0.199,1
"TESPA1",0.00361136791623266,-0.308349625941694,0.059,0.101,1
"CD14",0.00363739279251267,-0.567123720287246,0.063,0.104,1
"AIF1",0.00365966022847158,-0.438891636539033,0.134,0.196,1
"PUS7L",0.00373713135958657,-0.396042892185255,0.06,0.101,1
"ODF2L",0.00384150909063134,0.900873910287005,0.279,0.234,1
"TOP2B",0.0038798551682159,-0.359122349664207,0.064,0.107,1
"IPCEF1",0.00398938003111813,1.30371991542874,0.12,0.071,1
"BCLAF1",0.0040002149672455,0.749846486795488,0.304,0.258,1
"TRMT1",0.0040952578220752,-0.365929733867236,0.06,0.101,1
"CD40LG",0.00415598370637864,0.914409448075416,0.152,0.101,1
"TAF10",0.00417935002266188,-0.429174087583817,0.081,0.128,1
"CCDC117",0.00420140219099939,-0.419095541433453,0.064,0.107,1
"PRPSAP1",0.00427652683994267,-0.250707972601305,0.062,0.104,1
"TRIM33",0.00442540296284629,-0.333203019546138,0.06,0.101,1
"STK24",0.00443586544945901,-0.293835352064608,0.087,0.136,1
"ABHD17A",0.00450740291681247,-0.306090985482821,0.115,0.172,1
"SERPINA6",0.00453148255615264,-0.554683272108155,0.065,0.107,1
"AC133644.2",0.00453397713677266,-0.571778897753734,0.16,0.22,1
"SUPT3H",0.00453737552912834,-0.280457799537813,0.093,0.145,1
"BCL7C",0.00455028796537886,-0.491777576394062,0.089,0.136,1
"C1orf122",0.00457988042809033,-0.677872861478487,0.073,0.116,1
"TUBGCP2",0.00470160132245364,-0.285153681722324,0.06,0.101,1
"RTCB",0.00471004601809918,-0.254988905922478,0.106,0.16,1
"PTTG1IP",0.00472099765774447,-0.299736582211228,0.089,0.139,1
"RNASEH1",0.00478744040682074,-0.436387162966482,0.063,0.104,1
"RHNO1",0.00497710265175641,-0.251784200283214,0.06,0.101,1
"TMF1",0.00502962354160606,0.991269071853061,0.185,0.134,1
"RBM26",0.00508880500426136,-0.537652688597416,0.068,0.11,1
"CDK6",0.00551816014264297,-0.314272214908867,0.076,0.122,1
"PKN1",0.00552342417377267,-0.323030544784592,0.09,0.139,1
"STX16",0.00560397398653912,-0.375330952991626,0.079,0.125,1
"UBE2S",0.00565372628317142,-0.251837732207043,0.182,0.252,1
"FAM120AOS",0.00597891379410234,-0.457562840381145,0.062,0.101,1
"PSMD1",0.00599151553851184,-0.273857854932245,0.091,0.139,1
"GFER",0.0061535120865498,-0.365130594101549,0.077,0.122,1
"VOPP1",0.00648307852956749,-0.290175141948974,0.123,0.178,1
"RNF19A",0.00665711496325207,0.748467722993244,0.285,0.24,1
"PRPF19",0.00696252670974766,-0.3163770096901,0.066,0.107,1
"DUSP10",0.00704126882050526,0.909340106142797,0.226,0.178,1
"ARFRP1",0.00709665708210642,-0.361517895681004,0.078,0.122,1
"TFPT",0.00734619506716652,-0.324543714750197,0.074,0.116,1
"CCSER2",0.00744393843513735,0.751476464047426,0.229,0.181,1
"GSN",0.00749621067473935,1.0859650444851,0.116,0.071,1
"RGS16",0.00749955496353458,-0.384193929646662,0.074,0.116,1
"TRAF3",0.00755386702411033,-0.38445543305271,0.067,0.107,1
"UBE2J2",0.00763661220197632,-0.278720661807752,0.087,0.134,1
"USP1",0.00775099149942288,-0.276232829100486,0.097,0.145,1
"LINC00969",0.00779620660092384,-0.363645815920095,0.086,0.131,1
"CHMP1A",0.00783656467718221,-0.359892492318543,0.072,0.113,1
"ETS1",0.00785357761959421,0.559607660981744,0.314,0.27,1
"PRKD2",0.00786610028774058,-0.438754252197246,0.072,0.113,1
"SURF1",0.00789477613573096,-0.305494063672374,0.123,0.178,1
"KIAA1551",0.00799574815485089,1.04163452623586,0.193,0.148,1
"TACC1",0.00804260589088455,-0.303879515696354,0.174,0.24,1
"AK3",0.00811242450913965,-0.336909755568233,0.1,0.148,1
"CUEDC2",0.0081467127258116,-0.282303730167192,0.095,0.142,1
"AKAP13",0.00835477280341234,0.585384618620258,0.409,0.389,1
"DDX3X",0.00837100415661301,0.65921417286234,0.359,0.326,1
"CTBS",0.00840072319484362,-0.497136593613025,0.07,0.11,1
"INTS10",0.0085369543333666,-0.268045800387528,0.074,0.116,1
"BCL7B",0.00857304999952998,-0.284173251028915,0.142,0.202,1
"ARID5B",0.00863151427841605,0.656787033724724,0.441,0.421,1
"C16orf54",0.00877573744088345,0.981163193476032,0.238,0.193,1
"GLIPR1",0.00897949154080844,0.608948297092756,0.354,0.318,1
"SDCBP",0.00903231614733797,0.424772131022989,0.563,0.57,1
"UBR5",0.00905186674057992,-0.279636236533817,0.081,0.125,1
"CCL5",0.00911006955778649,0.336790814615212,0.615,0.552,1
"HOPX",0.0091757008854722,0.750423485278914,0.23,0.178,1
"ENTPD1",0.00920105574790248,-0.25825866534962,0.07,0.11,1
"SRP68",0.00933726911346326,-0.440688783734615,0.073,0.113,1
"FGG",0.00947207197131163,1.18864971675314,0.219,0.178,1
"CYB5A",0.00949752515840507,1.07776991330135,0.224,0.184,1
"ANKRD44",0.00955332242468168,0.929444362720369,0.18,0.134,1
"CCDC25",0.00965882257023212,-0.422457867175837,0.08,0.122,1
"CDC42SE2",0.00968541735143309,0.482761996213064,0.503,0.501,1
"CBLB",0.00996543023546426,0.901556455308317,0.2,0.154,1
"MTFP1",0.00999745080721027,0.887046331602828,0.16,0.113,1
"SENP6",0.0100961982758544,-0.251310823164029,0.088,0.134,1
"NCR3",0.010182555502786,1.2053006525754,0.107,0.065,1
"UBE2G1",0.0108635256092551,-0.275807901787347,0.12,0.172,1
"BET1",0.0109615506839225,-0.314852572697765,0.068,0.107,1
"CXCL13",0.0110943342299827,-1.18491887023711,0.076,0.113,1
"USP48",0.0111123433700779,-0.358339596173387,0.092,0.136,1
"MOSPD3",0.0113079269021393,-0.296412575783031,0.075,0.116,1
"CD2",0.0113783068282715,0.336040453939418,0.736,0.739,1
"RNPEP",0.0114558032697968,-0.327261449803048,0.066,0.104,1
"BCL2",0.0115122860421968,0.884878296502818,0.167,0.122,1
"POLR2J3",0.0118655776511607,0.911320028083698,0.249,0.208,1
"IL10RA",0.0120376450689159,0.806890505089374,0.238,0.196,1
"PDCD4",0.0120621995124392,0.514985624231548,0.402,0.386,1
"IGHG4",0.0123561200192834,4.44203038050221,0.237,0.329,1
"RBM23",0.0123660343713942,0.874240937537008,0.204,0.16,1
"FAM120A",0.0127024761126512,-0.350621529082984,0.088,0.131,1
"LONP2",0.0129219629141972,-0.329647837241903,0.076,0.116,1
"LARP1",0.0132762107614195,-0.386121788524943,0.065,0.101,1
"AKNA",0.0133357897606894,0.771482677497068,0.222,0.178,1
"SYNE2",0.0135873614808515,0.616973338931638,0.303,0.264,1
"ARHGAP15",0.0140570778394424,0.724321241471809,0.251,0.211,1
"SMCHD1",0.0142341549308139,0.71578785957567,0.324,0.294,1
"SAFB2",0.0146208831490935,0.863678601149238,0.196,0.151,1
"METTL21A",0.0146920200838745,-0.270011159478575,0.072,0.11,1
"NUTM2B-AS1",0.0146932888647366,-0.287810063025959,0.109,0.157,1
"PPP1CB",0.0147576365721127,0.478430797117966,0.513,0.507,1
"MGST1",0.0156358279241413,1.28543111009951,0.178,0.139,1
"PLAC8",0.015860437288147,0.905039973682941,0.183,0.139,1
"HLA-F",0.015985430739656,0.547754120197147,0.403,0.395,1
"ECHDC2",0.0160205312451086,-0.250992790529236,0.073,0.11,1
"PANK2",0.0161608817354355,-0.278881451059266,0.074,0.113,1
"CIRBP",0.0166989761161237,0.309966322744851,0.658,0.7,1
"USP15",0.0167675286237736,0.801150018301712,0.281,0.249,1
"PTPMT1",0.0168516271680967,-0.315539593963192,0.079,0.119,1
"PREX1",0.017263549392853,-0.386924178373295,0.077,0.116,1
"CD44",0.01780733235129,0.258779630505495,0.632,0.644,1
"NFATC3",0.0179633235584327,-0.26595585826341,0.075,0.113,1
"PAG1",0.0179738132806421,-0.296305430341718,0.122,0.169,1
"JMY",0.0180807400541127,-0.313965591529867,0.09,0.131,1
"EVI2B",0.0183504152604896,0.59776039740476,0.33,0.3,1
"KAT6A",0.0187618381619588,-0.355012015548368,0.09,0.131,1
"CMPK1",0.019084947406834,0.53104216692339,0.314,0.285,1
"SRPRA",0.0192373969178552,0.994809166073125,0.156,0.116,1
"AHNAK",0.0194409847905745,0.767443448836135,0.219,0.178,1
"UBE2D3",0.0195415014236704,0.286516133218414,0.732,0.769,1
"RAB22A",0.0197436547284798,-0.332228934666836,0.076,0.113,1
"RNF125",0.0200741580926046,0.954855187329506,0.203,0.166,1
"LMO4",0.0215571853739786,-0.388417330277679,0.101,0.142,1
"ORAI2",0.0215656402436098,-0.384730163107876,0.074,0.11,1
"HTRA2",0.0234230291857518,-0.322639941172778,0.067,0.101,1
"HOOK3",0.0238316341035321,-0.29021725177626,0.067,0.101,1
"SLC35E1",0.0243410464757246,-0.256900174393311,0.069,0.104,1
"HIPK1",0.0246748954968611,-0.356495120328399,0.13,0.175,1
"RAB9A",0.0249762301215033,0.775000410067689,0.275,0.243,1
"RASA2",0.0254214769027738,0.960672973083353,0.113,0.077,1
"WDR82",0.0259664703857243,-0.318238213995721,0.089,0.128,1
"SELT",0.0260624383002894,0.511417199702185,0.475,0.504,1
"UBALD2",0.0263618147216232,-0.271162438797808,0.116,0.16,1
"TNRC6B",0.0268523379025922,0.714491713471368,0.247,0.214,1
"ACOT9",0.0268906173775792,-0.268951275400526,0.08,0.116,1
"BOD1L1",0.0275189784603444,-0.284511467814897,0.072,0.107,1
"FAM177A1",0.0276841659426579,0.559065154032532,0.536,0.564,1
"TRIM22",0.0282043438844894,0.778196434767217,0.208,0.172,1
"SHOC2",0.0283716978642593,1.03239975558753,0.13,0.095,1
"CAPRIN1",0.0283805748600574,-0.296114373392869,0.072,0.107,1
"DAZAP1",0.0299179973024934,-0.272703393533765,0.1,0.139,1
"BATF",0.0302090478123971,0.251690804536496,0.363,0.484,1
"CBFB",0.0307318184070434,0.85543612992688,0.164,0.128,1
"A2M",0.0330269023923195,0.905830051550595,0.111,0.077,1
"GABPB1",0.0332349864758649,0.68017614320774,0.266,0.237,1
"PBXIP1",0.033624294801422,0.592314417835324,0.32,0.3,1
"CYTH1",0.0339988682501855,0.635904836305111,0.161,0.122,1
"ARL4C",0.0341572200485561,0.523865833902531,0.324,0.3,1
"SNRPN",0.0346491668908186,0.643168856086519,0.306,0.285,1
"LGALS8",0.0358559801933452,-0.263748883703311,0.085,0.122,1
"PCM1",0.0363828491664814,0.812604573538037,0.172,0.136,1
"ANAPC16",0.0368111506976661,0.348710113209937,0.591,0.647,1
"HLA-DQB1",0.0388212888153986,0.898445119239215,0.276,0.249,1
"PLEKHA3",0.0390198568064766,-0.308465546219154,0.081,0.116,1
"COPB1",0.0395146654541965,0.914561761304007,0.184,0.151,1
"GABARAPL1",0.040421548095919,0.800105487230839,0.229,0.199,1
"LBH",0.0414022958056208,0.720520252870262,0.276,0.255,1
"STAT4",0.0415961561929256,0.584390205362763,0.306,0.288,1
"ID2",0.0417150285055791,0.331469633854967,0.664,0.685,1
"C1QC",0.0418011924670207,0.831366876021211,0.155,0.119,1
"PAIP2",0.0426999793421065,0.451720562174884,0.484,0.519,1
"KMT2E",0.0427269651846553,0.310371157216221,0.481,0.478,1
"FKBP11",0.0434366640919856,0.598064027443694,0.273,0.246,1
"TPD52",0.0475022311662686,0.710425135577714,0.182,0.148,1
"TRDC",0.0480043170342402,-0.297805362911059,0.071,0.101,1
"CSDE1",0.0501712784118375,0.443381865515477,0.409,0.415,1
"CCR6",0.0527575374936863,0.636198273956892,0.241,0.211,1
"ST3GAL1",0.0549311721845773,0.780619936124097,0.129,0.098,1
"CFAP20",0.0557214469679998,0.349257704309277,0.165,0.223,1
"AC058791.1",0.0560188951796931,1.05804427288138,0.109,0.08,1
"LARS",0.0577233914044299,-0.274764461180575,0.084,0.116,1
"THRAP3",0.059265256208097,0.672124322332052,0.251,0.226,1
"HIST1H4C",0.0600216996536372,-0.346682933262787,0.276,0.344,1
"CFLAR",0.062904148197411,0.486023648687887,0.44,0.457,1
"ERN1",0.0663244390796881,0.628311696049556,0.184,0.151,1
"CASP8",0.0674326659553991,0.925133277995924,0.191,0.166,1
"ALOX5AP",0.0682090257184119,0.353254525615018,0.471,0.472,1
"JUN",0.0696086516761884,0.568019946752505,0.669,0.754,1
"RPA2",0.0703314957511479,0.725621197973504,0.164,0.134,1
"ACAP1",0.0717768100636109,0.380274456591451,0.416,0.409,1
"NOP58",0.0724053702959789,0.268313268503075,0.342,0.442,1
"KLF2",0.0732834100730646,0.891967434383522,0.159,0.131,1
"RCSD1",0.0743080013784049,0.798008226468517,0.138,0.11,1
"FCGRT",0.0784022970652909,0.696556061548443,0.17,0.142,1
"SYAP1",0.0789236231136855,0.539241547443876,0.421,0.448,1
"SLC4A7",0.0800786004843886,0.853227742867412,0.114,0.086,1
"GIMAP7",0.0801193969338867,0.759065257773482,0.254,0.234,1
"AREG",0.0818642429003879,1.11254735369426,0.249,0.223,1
"NIPBL",0.0835034653149868,0.757673241954834,0.123,0.095,1
"PDE4B",0.0836514031497645,0.569406202511511,0.328,0.323,1
"SRI",0.0844899589156452,0.619469523333346,0.356,0.368,1
"TAGAP",0.087306809322389,0.452996006307485,0.299,0.273,1
"TTC1",0.0891974913620408,0.270287990094812,0.133,0.178,1
"CASP1",0.0928001053682541,0.685719795716404,0.252,0.234,1
"SC5D",0.0929975717548837,0.659245663191534,0.273,0.261,1
"SCP2",0.0943117005786837,0.491489958442006,0.342,0.338,1
"SH2D1A",0.0961932978622355,0.47440486623906,0.276,0.258,1
"SLA2",0.0995619281535573,0.902566755634007,0.12,0.095,1
"RHOH",0.10147431877143,0.37749791294737,0.477,0.504,1
"C3orf38",0.101987168462089,0.289689303371697,0.082,0.113,1
"BCAP31",0.103219388280294,0.501682965924485,0.322,0.315,1
"SEC14L1",0.105229567476481,0.537794552618425,0.168,0.139,1
"TRAT1",0.108747447392235,0.54411659513327,0.324,0.312,1
"BTN3A2",0.108995179795419,0.62162889131259,0.227,0.208,1
"DNTTIP2",0.109001125491392,0.284221398123125,0.241,0.315,1
"TLE4",0.110514198176952,0.707167812555632,0.163,0.139,1
"GPR183",0.111371265012776,0.403185319496388,0.456,0.457,1
"DCK",0.111756869760464,0.549412404504222,0.167,0.142,1
"TRAC",0.116117029086012,0.301332425263193,0.727,0.795,1
"PER1",0.116872161747552,0.633011412690945,0.195,0.172,1
"CEBPB",0.117036401968446,0.615097116739289,0.256,0.246,1
"UTRN",0.121290780391471,0.898320846474948,0.117,0.095,1
"CXCR3",0.123867458919845,0.3605242500348,0.201,0.261,1
"PITPNC1",0.125064192743297,0.717622971203713,0.121,0.098,1
"SATB1",0.125128118785309,-0.51743740022544,0.11,0.136,1
"TGIF1",0.125260386932413,0.655669038196319,0.245,0.228,1
"FLI1",0.127514936938208,0.826330403668474,0.109,0.086,1
"MAPK1",0.128029185098533,0.872993744226611,0.143,0.122,1
"SNAP23",0.129122900462554,0.266816073788027,0.178,0.228,1
"OXNAD1",0.134193275614805,0.802493736802202,0.183,0.166,1
"GPR65",0.136410629760994,0.53183391551202,0.296,0.285,1
"SERTAD1",0.13976655542508,0.279380966345532,0.225,0.288,1
"TMEM173",0.140265310002396,0.560921757080288,0.263,0.252,1
"RGS14",0.14045795277244,0.643536126000138,0.112,0.089,1
"PRF1",0.147997027284684,0.596750734340534,0.295,0.282,1
"KLRD1",0.150151401138761,0.902917056096262,0.209,0.19,1
"SEC62",0.150707072494965,0.387444196236654,0.484,0.519,1
"C3",0.151753083987399,0.788405482375227,0.125,0.104,1
"OFD1",0.153822062005126,0.646828094583488,0.229,0.217,1
"OAT",0.153891024251137,0.348661998362814,0.151,0.196,1
"PPP2R5E",0.154366428149416,-0.303418354966404,0.095,0.119,1
"LPIN1",0.154500429384322,0.688782559521513,0.168,0.148,1
"GTF2B",0.154539035359147,0.607840819992371,0.246,0.234,1
"WDR45",0.15703704545238,0.727889892822274,0.108,0.086,1
"RP11-51J9.5",0.157080534138395,0.412998153547247,0.198,0.175,1
"MGAT4A",0.15712831040205,0.681583558299701,0.176,0.157,1
"CNOT6L",0.157222580287843,0.529878206678599,0.364,0.377,1
"EVI2A",0.160561178215102,0.566136842933879,0.306,0.303,1
"NCKAP1L",0.161001240577744,0.264948503570981,0.119,0.154,1
"TUBA4A",0.161220272868416,0.437029653057901,0.477,0.51,1
"MORF4L1",0.164702338782498,0.378738731668004,0.614,0.709,1
"WASF2",0.169959031396472,0.377412128365102,0.206,0.181,1
"ITM2A",0.170304090381252,0.362423278098556,0.521,0.54,1
"MAX",0.170679903105086,0.876825715368511,0.176,0.163,1
"IGHG1",0.173807042790819,4.01270029955822,0.287,0.359,1
"WDR33",0.175017704436514,0.510291904379754,0.206,0.187,1
"CXCR6",0.176065048510677,0.618802676555497,0.24,0.226,1
"CCDC174",0.176128216486387,0.312158738605875,0.123,0.157,1
"IVNS1ABP",0.177586288837643,0.674372333207773,0.216,0.205,1
"LAMTOR3",0.180970727718525,0.299930643863153,0.108,0.139,1
"MYO1G",0.181147783654056,0.574157249228003,0.17,0.151,1
"GZMH",0.183794143169899,0.508605840659239,0.258,0.234,1
"POLR3GL",0.184260158307223,0.486758117761666,0.292,0.282,1
"LIPA",0.186325773289709,0.738190562321499,0.145,0.128,1
"TSPAN5",0.186864066558056,0.561367645768148,0.106,0.086,1
"RSL1D1",0.18912832827694,0.424600252021345,0.385,0.409,1
"ATP1B1",0.18919669618518,0.364953439229889,0.117,0.148,1
"PTPN1",0.196179074941406,0.593972400856578,0.195,0.181,1
"PSMB8-AS1",0.196896083587547,0.57397819941074,0.136,0.116,1
"TANK",0.197049027585804,0.386486458153043,0.474,0.504,1
"PPM1K",0.197610740986633,0.602343891420759,0.154,0.134,1
"DHRS3",0.198583627952749,0.57647673251993,0.103,0.083,1
"IFITM2",0.198753992414526,0.2546223347343,0.663,0.742,1
"CLK4",0.202333727340515,0.84203273166971,0.104,0.086,1
"GPR171",0.204451456643116,0.671839340793103,0.273,0.27,1
"RBM6",0.204492529253869,0.627547282724119,0.175,0.157,1
"PRKCH",0.206130253648654,0.547933417993726,0.257,0.252,1
"VAMP2",0.210097802118057,0.394288570197309,0.431,0.466,1
"SESN1",0.213758470280696,0.523789289238404,0.101,0.083,1
"SEP15",0.214520587558154,0.432934433486218,0.375,0.398,1
"MYO1F",0.215507721731659,0.62835653399742,0.155,0.139,1
"DCXR",0.223906771844982,0.329644089108187,0.261,0.326,1
"BPGM",0.224214897356154,0.821443207165719,0.178,0.163,1
"LTA4H",0.22694210346771,0.274985382557141,0.106,0.134,1
"CD99",0.230963048788483,0.309751139472967,0.567,0.641,1
"PRPS1",0.231324207017743,0.764924277046787,0.14,0.125,1
"TSEN54",0.234878015183169,0.617462702519844,0.118,0.101,1
"EIF2A",0.23587271604984,0.499696371657486,0.255,0.249,1
"NAP1L4",0.239168976119821,0.49751999985523,0.262,0.255,1
"ABCE1",0.239404437743799,0.654836392010612,0.107,0.089,1
"ABI3",0.239484950463616,0.311956090315491,0.139,0.172,1
"PPP1R15A",0.241072164342493,0.310169417213637,0.51,0.555,1
"CD164",0.241174982909583,0.419008684038714,0.387,0.407,1
"P2RY10",0.241697926242423,0.326776093245586,0.175,0.217,1
"SLAMF1",0.243257227524318,0.842700169577616,0.105,0.089,1
"RBMS1",0.24405756751972,0.562125630397705,0.186,0.172,1
"CEBPZ",0.247171208683486,0.303435917989491,0.205,0.255,1
"SUCLG2",0.24854002250116,0.648309648672599,0.167,0.154,1
"ITK",0.249370749552421,0.563707622996516,0.178,0.163,1
"ADD3",0.249388977466422,0.679283028703326,0.155,0.142,1
"TBPL1",0.250588022278838,0.642838317407096,0.16,0.145,1
"TOR1AIP1",0.256828681733065,0.350121969271304,0.106,0.134,1
"CMTM3",0.257102390867345,0.387903705683613,0.154,0.136,1
"TM4SF1",0.257183419818664,0.920891690315574,0.1,0.086,1
"SEC63",0.258729612729939,0.575979948939445,0.122,0.104,1
"MED4",0.259233955055945,0.571324998398057,0.268,0.27,1
"ICAM2",0.261239974641084,0.470032025007085,0.202,0.187,1
"TBC1D4",0.264041485109821,0.257899544525387,0.129,0.157,1
"NFKBIA",0.265109445905793,0.256085373482974,0.673,0.816,1
"TRAM1",0.266108275274576,0.36500111300565,0.299,0.3,1
"DOCK8",0.266936057240032,0.523299959711788,0.191,0.178,1
"TC2N",0.270412174357635,0.587581279396857,0.145,0.131,1
"ASF1A",0.274586012112946,0.625305229012049,0.148,0.134,1
"SNW1",0.275276880267032,0.695242758452222,0.21,0.208,1
"GCC2",0.278103076418119,0.567099503301418,0.287,0.294,1
"CNOT4",0.280810318607328,0.793951519378038,0.109,0.095,1
"RORA",0.280990983139612,0.35345858516274,0.424,0.442,1
"WIPF1",0.281849510228114,0.330348688644601,0.416,0.448,1
"LYAR",0.28473137263554,0.684419398654798,0.224,0.223,1
"MAST4",0.285317963192484,0.418080002375289,0.113,0.139,1
"RNF114",0.285985089080254,0.297625209160875,0.223,0.273,1
"ZMYM2",0.286541780704452,0.37421985768585,0.118,0.145,1
"PCNP",0.287420444195644,0.406196283519082,0.34,0.35,1
"MAPRE2",0.287619001943069,0.623313020932946,0.131,0.116,1
"GIMAP2",0.289491741314396,0.550254517907468,0.124,0.11,1
"FBXL3",0.290266412991561,0.677748147103328,0.1,0.086,1
"JUNB",0.290528581957444,0.45994189533945,0.735,0.896,1
"ZCCHC11",0.291380690316511,0.548170417207564,0.125,0.11,1
"UTP11L",0.293489598173132,0.33713736694793,0.116,0.142,1
"LAIR2",0.296019514840781,0.353324945019675,0.157,0.139,1
"BZW1",0.296880167735776,0.365371786041797,0.453,0.501,1
"LDLRAD4",0.298196758709348,0.45206518324242,0.125,0.151,1
"CD58",0.300856161712239,0.316358296238996,0.174,0.211,1
"OSBPL8",0.303136064415677,0.450251043841688,0.156,0.142,1
"NSFL1C",0.305379717463617,0.268498851040758,0.102,0.125,1
"PPP3CC",0.306680847839289,0.473264302277126,0.122,0.107,1
"PLK3",0.308271417874013,0.268778409483513,0.259,0.32,1
"SDHB",0.310774906178968,0.260588385909122,0.153,0.184,1
"PPP1R2",0.314940970196914,0.313778044446908,0.552,0.602,1
"BHLHE40",0.316569202115407,0.361931807386594,0.205,0.193,1
"TEX264",0.321176445405805,0.615228702815972,0.164,0.154,1
"SIKE1",0.321558295336334,0.265180234922177,0.105,0.128,1
"C1QA",0.323374285414368,0.380780658407847,0.294,0.294,1
"LAMP2",0.326541331332911,0.260499819688531,0.136,0.163,1
"CCDC47",0.327703785373833,0.791807713240895,0.116,0.104,1
"CHURC1",0.327851001551553,0.437658332852804,0.324,0.338,1
"DDA1",0.327936226631358,0.287169066508659,0.1,0.122,1
"ATF1",0.328004579653633,0.341650248660041,0.087,0.107,1
"ASAH1",0.328961155476506,0.572085431949299,0.158,0.145,1
"STAU1",0.332994994374302,0.509913591704792,0.184,0.172,1
"HPCAL1",0.338111832131786,0.526648196981803,0.139,0.128,1
"PSMA3-AS1",0.339665472031118,0.535401019235133,0.208,0.202,1
"TMEM87A",0.339987070544634,0.692890049041471,0.121,0.11,1
"SRRT",0.341453685123723,0.40367556876106,0.11,0.134,1
"P4HA1",0.343877148865277,0.393184958182258,0.113,0.136,1
"FUS",0.344306948237957,0.323839438397559,0.46,0.501,1
"GZMM",0.346177935800548,0.489151750794053,0.252,0.252,1
"NCK1",0.347678556101031,0.491893195650523,0.173,0.163,1
"TLN1",0.348119479783865,0.481225972726348,0.184,0.175,1
"BNIP3L",0.351838121006562,0.675885776127803,0.172,0.166,1
"GNL2",0.35202227684444,0.376654149525643,0.09,0.11,1
"TMEM243",0.362713203357742,0.514181650145731,0.206,0.199,1
"MAT2B",0.36516185260765,0.49640477247522,0.208,0.202,1
"RASGEF1B",0.366653106085478,0.721976242237999,0.109,0.098,1
"MZB1",0.367621371357109,1.31208894496084,0.082,0.101,1
"DUSP16",0.369071590180611,0.333616164316098,0.101,0.122,1
"PLD3",0.370702528742004,0.263278172811441,0.139,0.166,1
"STXBP3",0.37105877281056,0.280246697060325,0.096,0.116,1
"C1QB",0.373531793179845,0.344741993458529,0.246,0.243,1
"PTP4A2",0.373638287096293,0.517901611755169,0.242,0.243,1
"POR",0.374014988691158,0.296085031949469,0.106,0.128,1
"MSN",0.375649190275526,0.335074728382647,0.38,0.412,1
"MGST3",0.377991047583984,0.285577630423809,0.253,0.309,1
"PHAX",0.379258325778637,0.387275078119645,0.126,0.151,1
"CRBN",0.380697863648577,0.276577507179581,0.176,0.211,1
"BTF3L4",0.381361156104749,0.323172185372656,0.163,0.196,1
"DCUN1D5",0.384871523354532,0.273755867420498,0.093,0.113,1
"NEDD9",0.385694281027133,0.578179242805787,0.173,0.166,1
"SRP54",0.385742225883874,0.375068119930227,0.139,0.166,1
"THUMPD3-AS1",0.387375032495604,0.285051054930004,0.177,0.211,1
"VPS37B",0.388164457937971,0.484274502376231,0.318,0.332,1
"G3BP2",0.389183579774815,0.37969866386506,0.369,0.386,1
"TERF1",0.389724815095188,0.334146962836068,0.124,0.148,1
"GOLT1B",0.38980889037713,0.357853989028771,0.144,0.172,1
"THOC2",0.390129853088779,0.635320290567723,0.157,0.148,1
"GGA1",0.39594332382374,0.584487591843085,0.124,0.113,1
"COQ10B",0.399019213608588,0.262326702583487,0.241,0.291,1
"RSRC2",0.402172156744712,0.295300228585849,0.418,0.442,1
"MED31",0.40296036852549,0.332260416255522,0.112,0.134,1
"RBM22",0.404139330798406,0.328843390359402,0.135,0.16,1
"GPR108",0.404411376039654,0.303342910289766,0.14,0.166,1
"FAM192A",0.405214707992809,0.269095958997402,0.1,0.119,1
"SKIL",0.405296008229415,0.655016767506678,0.234,0.24,1
"USP47",0.406752512172517,0.653189505963766,0.142,0.134,1
"RALBP1",0.408849927991484,0.375906575402607,0.119,0.107,1
"CCPG1",0.411492412880045,0.558085069893266,0.112,0.101,1
"TGOLN2",0.412723987740578,0.284258366335754,0.156,0.184,1
"DBF4",0.41717009959286,0.350303241180656,0.11,0.131,1
"EVL",0.417585290521443,0.308186613197707,0.499,0.564,1
"APOA2",0.418103627134107,0.590615197911047,0.797,0.866,1
"G3BP1",0.420334126324495,0.366354319165324,0.209,0.252,1
"RNF115",0.421378930574692,0.481336865698436,0.178,0.172,1
"TIGIT",0.423612538441201,0.255967691963132,0.285,0.329,1
"PTPN22",0.423674140155497,0.266639732492895,0.192,0.226,1
"CCDC115",0.423781091394438,0.33165072463505,0.115,0.136,1
"TES",0.424229687159773,0.662426428322835,0.186,0.187,1
"HECA",0.4279318180562,0.471437353662979,0.116,0.104,1
"SPCS2",0.42830921027081,0.305702838633125,0.466,0.531,1
"NCL",0.431535849568355,0.295280192665007,0.53,0.611,1
"TRGC2",0.432842073636914,0.570288484466741,0.151,0.142,1
"CTSW",0.433944047969253,0.585374599783145,0.234,0.228,1
"C1orf56",0.434291044709127,0.296934207353346,0.244,0.288,1
"SGK1",0.436131004137896,0.303322362749962,0.113,0.131,1
"LITAF",0.4392020605207,0.414875713552564,0.456,0.516,1
"IRF3",0.439642313490909,0.462360507570266,0.152,0.142,1
"CHD2",0.443930650059128,0.371122069861758,0.184,0.22,1
"ABHD14B",0.444923171797977,0.453765182258975,0.168,0.16,1
"SMU1",0.447450779700354,0.410715004102183,0.105,0.125,1
"HPX",0.450165731121639,0.704486460574382,0.106,0.098,1
"DDX27",0.454368627564093,0.545158527955186,0.246,0.255,1
"UFM1",0.455752284955223,0.300187902039274,0.195,0.228,1
"ZNF622",0.456494122228658,0.269800147743947,0.159,0.187,1
"FAM53C",0.458117349053032,0.455223378446904,0.105,0.125,1
"MECP2",0.45938432635206,0.403976555319934,0.243,0.243,1
"TOX4",0.459554814478905,0.358831462755331,0.181,0.214,1
"STOM",0.461567831010514,0.275965494827582,0.202,0.237,1
"CNOT2",0.461677368023754,0.423424105658996,0.165,0.196,1
"CMC2",0.463769176555485,0.473678526649575,0.218,0.22,1
"CNBP",0.467257783264765,0.253321818610164,0.574,0.685,1
"ZC3HAV1",0.469005434654151,0.262728829212537,0.368,0.389,1
"ZDHHC12",0.469323712660606,0.251103189932567,0.116,0.134,1
"SMIM4",0.469585719144086,0.335452471639048,0.086,0.101,1
"HBS1L",0.473185387013546,0.294513874910719,0.105,0.122,1
"FGFR1OP2",0.473572845570735,0.384689381265722,0.338,0.365,1
"ARHGEF3",0.475641676151815,0.591454990350611,0.106,0.098,1
"MEAF6",0.479244799936555,0.279143798617214,0.278,0.332,1
"HEXA",0.479909883411473,0.587985814952183,0.135,0.128,1
"CD59",0.481967863364903,0.483725616690973,0.276,0.285,1
"CNOT7",0.483408501465461,0.29292672236388,0.152,0.178,1
"SELPLG",0.483927889722793,0.479669388565677,0.147,0.139,1
"PPM1B",0.484690839400637,0.339839513506356,0.151,0.142,1
"LCMT1",0.486722889781222,0.297683646903005,0.091,0.107,1
"MARCH7",0.487996782236589,0.445032681512595,0.133,0.125,1
"TMA16",0.492880184181759,0.291052533707334,0.092,0.107,1
"PIM2",0.494265500201174,0.300590994709177,0.238,0.234,1
"DUSP11",0.498491380574963,0.630230733715804,0.171,0.172,1
"CAT",0.501416167700486,0.436754703704541,0.161,0.154,1
"PRPF38B",0.50271881586582,0.310932225579936,0.371,0.395,1
"GLUD1",0.504861516787412,0.328855438310579,0.171,0.199,1
"FAS",0.509807858180224,0.655701468225922,0.188,0.19,1
"MPZL3",0.51808305125041,0.617907072595941,0.122,0.116,1
"CWF19L2",0.522161883247741,0.532045249334007,0.145,0.139,1
"GLRX",0.522894029434831,0.360228361101165,0.288,0.294,1
"RAD23A",0.523571749539843,0.291134141498992,0.255,0.3,1
"HERPUD2",0.523627425739338,0.357018883136131,0.188,0.184,1
"POLR2B",0.525643497035784,0.296117764586468,0.111,0.128,1
"TMEM219",0.529310483170415,0.278789618899816,0.229,0.27,1
"TBC1D15",0.530323211191162,0.315654301066518,0.106,0.122,1
"RBP4",0.531579957198232,0.332508913752618,0.398,0.442,1
"HNRNPR",0.532578322273113,0.266634700351167,0.251,0.294,1
"RP11-796E2.4",0.533759035362817,0.42317746634195,0.092,0.107,1
"IP6K2",0.535185959270988,0.465660813336991,0.137,0.16,1
"ORAI1",0.53613066334108,0.296180091082906,0.17,0.166,1
"CCDC186",0.536142497439028,0.347961486567774,0.131,0.125,1
"CHST11",0.540225619073981,0.302560836496629,0.158,0.151,1
"HNRNPH2",0.542160707806906,0.312247006419717,0.2,0.234,1
"PDCD10",0.542508660822806,0.378986909426915,0.228,0.273,1
"AP3S1",0.549447955979538,0.529140797700332,0.276,0.297,1
"PHIP",0.549490800561751,0.415292640137023,0.169,0.196,1
"PHACTR2",0.550658518683842,0.590300678153368,0.11,0.104,1
"PRPF18",0.55326137700417,0.267413786245281,0.122,0.139,1
"PNRC1",0.555103310406003,0.320988875430532,0.607,0.757,1
"PHF3",0.55634703252795,0.389837564836677,0.114,0.107,1
"FBXO7",0.556470351815776,0.258182681041415,0.176,0.202,1
"DNAJB9",0.558917345063695,0.329910889551417,0.343,0.368,1
"CDC73",0.563148450777131,0.489352084008322,0.113,0.107,1
"FUBP1",0.565162252309164,0.541053857206036,0.153,0.151,1
"RAP1A",0.566232670050727,0.329671322074729,0.422,0.475,1
"PCF11",0.566457434889359,0.426174556428551,0.119,0.113,1
"RNF113A",0.566580854318564,0.282373811105804,0.101,0.116,1
"DIAPH1",0.568926894175296,0.398016809389442,0.144,0.139,1
"ERP44",0.570609054739446,0.506006305174771,0.221,0.228,1
"DNAJC3",0.572107528070995,0.267802192744588,0.177,0.199,1
"WAPL",0.575162910902944,0.25173851355712,0.102,0.116,1
"ABI1",0.579578626342383,0.297947020272824,0.172,0.196,1
"LYZ",0.586857239405354,0.580230718983113,0.23,0.231,1
"ZNF655",0.588702170052326,0.267391059643237,0.132,0.151,1
"CCDC28A",0.590312618893872,0.351760675942779,0.119,0.113,1
"LINC01116",0.591247283824294,0.305127440446252,0.118,0.134,1
"NEMF",0.594193247485684,0.555141618536608,0.128,0.125,1
"LINC00657",0.59484086646294,0.372500552037831,0.113,0.107,1
"GNG2",0.595928154476291,0.34711880438065,0.341,0.374,1
"SYPL1",0.597768112685335,0.284821862861559,0.169,0.193,1
"PSMA6",0.598388072748643,0.526463665255983,0.133,0.131,1
"RAB1A",0.602035558141237,0.312316775860159,0.275,0.323,1
"EPS15",0.602379782913187,0.328182973887754,0.102,0.095,1
"GYG1",0.60254724833957,0.41392537021717,0.177,0.205,1
"DNAJA2",0.603155172713728,0.294443972455419,0.208,0.24,1
"MRPL1",0.604123574745021,0.444766256646139,0.204,0.237,1
"GLUL",0.609383621701365,0.559348243231984,0.362,0.401,1
"APOA1",0.611327517749273,0.273502400850634,0.561,0.519,1
"RBL2",0.611536809643489,0.48396530309499,0.134,0.131,1
"ARHGAP9",0.612535361978278,0.472951682277315,0.184,0.187,1
"ZEB2",0.616014982342362,0.460805163506261,0.155,0.151,1
"ELL2",0.621194721264177,0.449424374091143,0.157,0.154,1
"VPS26A",0.621686890939968,0.611286016131272,0.172,0.175,1
"TMEM109",0.622138007980595,0.252401979428774,0.12,0.134,1
"STARD3",0.622174913633416,0.257238411007917,0.095,0.107,1
"DPF2",0.626028240957933,0.331118622433363,0.089,0.101,1
"BRIX1",0.627144576695814,0.45813719814945,0.117,0.134,1
"DARS",0.628645849152312,0.369558492695077,0.193,0.193,1
"SZRD1",0.633217156057872,0.395772661129147,0.135,0.154,1
"SRSF10",0.63327277616945,0.495138341622334,0.234,0.246,1
"MSI2",0.634914753699294,0.259650559508502,0.126,0.139,1
"CITED2",0.640222582266384,0.394026246474364,0.325,0.35,1
"PYHIN1",0.64037569342291,0.49977020911186,0.171,0.196,1
"CD3G",0.641710017807741,0.280486122261392,0.421,0.463,1
"OSER1",0.641990405118888,0.348687366841129,0.164,0.187,1
"GNL3",0.642836113617447,0.403908536056025,0.217,0.249,1
"SNHG8",0.644236466458792,0.345756875577549,0.362,0.401,1
"PTPN4",0.649640890384062,0.652111171908348,0.14,0.142,1
"STX8",0.649768051371693,0.523479686147808,0.153,0.154,1
"CCNDBP1",0.650967165078819,0.446479359261827,0.274,0.294,1
"AKAP9",0.65226399390839,0.396814412134158,0.272,0.288,1
"PLGRKT",0.652724053067179,0.349646100462932,0.108,0.122,1
"ACADM",0.652811578344599,0.381063248500237,0.09,0.101,1
"IGHA1",0.654323513526288,0.877903025673969,0.122,0.119,1
"MYCBP2",0.655281142753411,0.298205688033355,0.169,0.166,1
"ARRB2",0.657390629216153,0.480528655828116,0.157,0.157,1
"DDX6",0.657651890703481,0.468925062450355,0.296,0.326,1
"PSMD9",0.660828520270754,0.478743303065953,0.168,0.169,1
"RPF1",0.663517529062741,0.325732609879431,0.168,0.19,1
"ITGA4",0.664067486696836,0.364557375014471,0.164,0.163,1
"FAM129A",0.664089328940516,0.379594767994951,0.185,0.187,1
"ATXN1",0.671854654364636,0.327598957622978,0.104,0.116,1
"KIF2A",0.672418116457522,0.405817688388587,0.114,0.128,1
"ACTR1B",0.674264533606491,0.280191107482268,0.091,0.101,1
"SSSCA1",0.675482817196027,0.555872328203625,0.135,0.134,1
"SNX17",0.677812962440934,0.325034040515738,0.188,0.211,1
"NECAP2",0.678036454139222,0.329267769228141,0.188,0.214,1
"SDF2",0.679802243155987,0.343941044198677,0.163,0.184,1
"SAMD3",0.681974204717985,0.540719150667828,0.125,0.125,1
"PTPRA",0.688050880953807,0.397350095219981,0.106,0.119,1
"GYPC",0.690779182689856,0.301040142211691,0.414,0.469,1
"FCMR",0.692330957324257,0.393963691891187,0.115,0.113,1
"CARD8",0.696223658150716,0.346863017602826,0.131,0.128,1
"C10orf54",0.696425806583891,0.371082432169339,0.255,0.27,1
"WBP11",0.698578301856556,0.352022220939743,0.189,0.214,1
"DEGS1",0.702710308431786,0.36727488851406,0.149,0.166,1
"B4GALT1",0.707918167433374,0.47723297772263,0.231,0.264,1
"FOXN3",0.709675597525768,0.292629932929945,0.157,0.157,1
"EIF4H",0.710189869869576,0.451323522213603,0.238,0.255,1
"RABIF",0.713361269926478,0.454350898000556,0.146,0.163,1
"MED29",0.714292600755797,0.382992809125703,0.115,0.128,1
"CTLA4",0.714729563601025,0.411772623791345,0.207,0.231,1
"TAF12",0.715224570232624,0.404958919129196,0.12,0.134,1
"EPSTI1",0.721602634435748,0.450825294438459,0.2,0.226,1
"ARHGEF1",0.722065527928602,0.297539122191981,0.263,0.279,1
"WAC",0.723707939866637,0.388916433864007,0.175,0.178,1
"ATF6B",0.723756903369103,0.561659668191419,0.154,0.157,1
"PPP1R12A",0.725236009059198,0.404458927536211,0.231,0.243,1
"ARFGAP2",0.726550076146776,0.356665071210054,0.135,0.134,1
"TMEM126B",0.733318339833523,0.318108425891112,0.134,0.148,1
"GORASP2",0.734522925471115,0.346860955860181,0.107,0.104,1
"DDB2",0.736426558730637,0.261686866204716,0.097,0.107,1
"SBDS",0.740556340406047,0.346135419190964,0.378,0.43,1
"SEC22B",0.740583838059074,0.327257169739019,0.105,0.116,1
"FAM102A",0.741760899910529,0.465954067937999,0.1,0.098,1
"SF3B2",0.743976466514246,0.254939448048569,0.331,0.356,1
"TARS",0.746052750600738,0.30167272891796,0.106,0.116,1
"CCNL2",0.750332107921942,0.553262401681539,0.102,0.101,1
"RHOT2",0.751143829739572,0.351513498573129,0.116,0.128,1
"PHF1",0.752593707135133,0.267884210833972,0.124,0.136,1
"CYSTM1",0.753269710394393,0.286456894480544,0.177,0.196,1
"SERINC3",0.753364092241108,0.363142640014944,0.187,0.211,1
"USE1",0.754191179716749,0.403539013677796,0.111,0.122,1
"U2SURP",0.755838166241563,0.512322395765313,0.162,0.166,1
"SARS",0.760037811106305,0.258653231509169,0.185,0.205,1
"MOB2",0.76244341356832,0.383031077875962,0.092,0.101,1
"MFSD14A",0.766021006300392,0.304049807963699,0.166,0.184,1
"MAPK1IP1L",0.766148954838596,0.436148720702052,0.271,0.3,1
"ASNSD1",0.766564139740815,0.449044582649568,0.135,0.136,1
"ERLEC1",0.768376936998341,0.358570104645812,0.136,0.148,1
"NUB1",0.771156083027654,0.342112352430405,0.135,0.148,1
"RSL24D1",0.772254026663684,0.266065215690452,0.5,0.605,1
"LINC00869",0.772445480319391,0.385730953078325,0.133,0.134,1
"CCDC90B",0.775024514074976,0.523403627357452,0.121,0.122,1
"DDX18",0.775173377525293,0.305721209956316,0.29,0.335,1
"DYNLT3",0.775702056394136,0.348851601877694,0.184,0.205,1
"FNBP4",0.778655273790684,0.3354922699614,0.153,0.169,1
"CES1",0.782419366616075,0.684115879490678,0.173,0.193,1
"RBBP4",0.78244867990174,0.412888333048658,0.192,0.199,1
"CASP4",0.78450132994656,0.378440106268251,0.338,0.377,1
"DHPS",0.785307125660723,0.457586595475621,0.135,0.136,1
"USP3",0.785990974963752,0.57537598674046,0.12,0.122,1
"NDEL1",0.786946650378392,0.57075207920279,0.106,0.107,1
"RABGAP1L",0.790787748279943,0.372900606076659,0.174,0.193,1
"RBM5",0.793789738155273,0.397380332019563,0.159,0.163,1
"LYST",0.796115761914325,0.379069763050161,0.19,0.211,1
"KLHL24",0.799918686100147,0.457447161302656,0.111,0.122,1
"ATF4",0.801783176240397,0.330521625371186,0.28,0.303,1
"PRPF4B",0.80279922141947,0.272053223102155,0.172,0.187,1
"PCMTD1",0.803583612982801,0.378491804331402,0.102,0.101,1
"CENPC",0.808500028395844,0.490264708368616,0.117,0.128,1
"NRBF2",0.80854062302285,0.442527608352582,0.147,0.151,1
"AIP",0.809702010378722,0.434962134327689,0.203,0.214,1
"PPIL4",0.810791340863245,0.446377046063475,0.143,0.157,1
"AK6",0.811380588385918,0.34234018995466,0.094,0.101,1
"CTSC",0.813201691809962,0.354501938765921,0.47,0.561,1
"GPATCH8",0.813631711622037,0.386366671731844,0.15,0.154,1
"TMEM11",0.815399931973852,0.634423931043419,0.111,0.113,1
"MARCH6",0.817744392097674,0.363986359988859,0.149,0.163,1
"MFNG",0.81899069465215,0.269535754095486,0.121,0.131,1
"SAMHD1",0.822412396283634,0.502174613627824,0.134,0.148,1
"EED",0.82368195060112,0.570003944718416,0.106,0.107,1
"SPSB3",0.8252790109937,0.308735279229634,0.172,0.19,1
"MED30",0.826001429620003,0.363871231413032,0.161,0.166,1
"IMMT",0.826023178501281,0.476843475127194,0.137,0.139,1
"TTC3",0.82709016570924,0.276425973580547,0.175,0.19,1
"RBM7",0.827696646126069,0.471246525609904,0.154,0.16,1
"APOC1",0.828938169004839,0.705936225261935,0.644,0.774,1
"NAPA",0.829608185500718,0.439306242583377,0.168,0.175,1
"ZNF791",0.831309268735532,0.362048796576748,0.112,0.122,1
"C5orf56",0.833535608186258,0.303759004292951,0.105,0.113,1
"DYNC1I2",0.833571417220694,0.36564271753032,0.207,0.228,1
"ACTR3",0.834276550366605,0.25893913109274,0.472,0.549,1
"TGFBR2",0.834637216734935,0.300718858999459,0.094,0.101,1
"PIAS1",0.835724592349443,0.428956645385711,0.099,0.107,1
"CRLF3",0.839537636656109,0.503786819361574,0.1,0.101,1
"SF3B1",0.840907453146671,0.347624608805872,0.314,0.353,1
"PPP2R2A",0.843483697507723,0.41302978094085,0.152,0.166,1
"SPOP",0.846319126825461,0.431855330525084,0.122,0.134,1
"SP140L",0.847148848190809,0.410382811320895,0.102,0.11,1
"SMARCE1",0.848204738145767,0.335352664996569,0.172,0.187,1
"CEBPD",0.850258412958697,0.678023840263916,0.142,0.148,1
"PPP1R10",0.852582370279248,0.384164597867646,0.107,0.107,1
"ABT1",0.854839662960308,0.446615243615462,0.176,0.196,1
"CDC37L1",0.855348034521462,0.576245111046867,0.122,0.134,1
"SPINK1",0.857371022844354,0.507320849695757,0.126,0.136,1
"SAR1B",0.857477850381503,0.386735010600827,0.197,0.205,1
"MMADHC",0.858769877214634,0.333964759913703,0.249,0.282,1
"PCID2",0.859216880830598,0.466404333816792,0.102,0.11,1
"TYROBP",0.860721533903387,0.424926480125561,0.301,0.332,1
"MALT1",0.862851085067769,0.340488213770663,0.101,0.101,1
"USP34",0.862988061953069,0.383215305348205,0.106,0.107,1
"SLC3A2",0.866352010644334,0.3080738376233,0.321,0.365,1
"MRPL10",0.867441588937392,0.44724037167742,0.148,0.154,1
"CYP20A1",0.867611090104754,0.291118226590477,0.151,0.154,1
"SIRT2",0.867663818491728,0.411783217863308,0.126,0.128,1
"SMG1",0.869480929082498,0.261215497998504,0.109,0.116,1
"PTPRE",0.873265269072885,0.368485526349678,0.119,0.122,1
"MT-ND4L",0.873850310641498,0.309732136026736,0.408,0.484,1
"TCEA1",0.875518482378787,0.314729433571698,0.27,0.309,1
"TSPAN14",0.876435787291728,0.355343962407392,0.154,0.16,1
"PPP3CA",0.877266144267544,0.312550799669405,0.12,0.122,1
"PPP2R3C",0.879342567803288,0.53684334683879,0.131,0.136,1
"DCTN6",0.881865945506903,0.278895934268695,0.242,0.258,1
"M6PR",0.884545226214414,0.37160709486522,0.236,0.258,1
"SNAP47",0.8871624403455,0.464665010073437,0.108,0.11,1
"ATF7IP",0.888241819430465,0.380302155565859,0.13,0.134,1
"RNMT",0.891583798450485,0.329298543126894,0.232,0.258,1
"MIER1",0.894470367880083,0.33249819689267,0.181,0.196,1
"STX5",0.894558304419983,0.436646760444282,0.143,0.148,1
"TRAPPC6A",0.896156368652934,0.365260571999293,0.204,0.217,1
"ZNF331",0.903786809815785,0.315985416368352,0.482,0.552,1
"SAFB",0.90464405801586,0.359808575570677,0.13,0.139,1
"EWSR1",0.909646717100968,0.386334205986102,0.285,0.332,1
"GOLGB1",0.91328007807853,0.435048365315969,0.186,0.199,1
"ARL1",0.91373065576228,0.436690084725813,0.099,0.104,1
"IKZF1",0.91745353037635,0.271832251680652,0.189,0.199,1
"CALCOCO2",0.919420587357978,0.507064265995673,0.127,0.136,1
"TMEM33",0.920034930336295,0.516169563694051,0.098,0.104,1
"BUB3",0.921582435725636,0.349243274748841,0.391,0.46,1
"CCDC66",0.921766119760063,0.671455136844765,0.1,0.104,1
"UBAC2",0.922333423016716,0.364670026016835,0.135,0.145,1
"ZC3H12A",0.924334004205046,0.373743060599461,0.259,0.285,1
"OBFC1",0.925280736466085,0.470075136117976,0.106,0.11,1
"YAF2",0.927425593207319,0.371864959453832,0.184,0.199,1
"NR1H2",0.930570077340199,0.448837095554922,0.192,0.208,1
"NGDN",0.931220915802356,0.445529437226923,0.15,0.163,1
"TMBIM4",0.931936576049498,0.298588981521279,0.301,0.332,1
"STK10",0.934479078797219,0.256778878617084,0.105,0.107,1
"PNPLA8",0.934580640922501,0.352628025374632,0.157,0.169,1
"RSRC1",0.935427453551492,0.493258576065488,0.106,0.113,1
"H3F3C",0.937755291392004,0.559724811548141,0.098,0.104,1
"VPS13C",0.938721120902512,0.298009735356995,0.102,0.104,1
"CCDC88C",0.939902335064433,0.322214468437462,0.125,0.128,1
"RSF1",0.941883686004383,0.353019956496297,0.164,0.175,1
"SNX2",0.942249806882523,0.342995413281246,0.158,0.169,1
"CHMP2B",0.94334972839567,0.362101145497245,0.172,0.184,1
"ICAM1",0.944832195321586,0.263318887206694,0.099,0.104,1
"MDM4",0.945062737718407,0.466166979729201,0.141,0.151,1
"RNF167",0.947204587304738,0.421359571340962,0.219,0.24,1
"KLF10",0.947917176427069,0.399092336934339,0.107,0.113,1
"VPS4B",0.948990271107492,0.337809831888229,0.127,0.134,1
"SIRT7",0.951477674908357,0.383447085877269,0.112,0.116,1
"RAF1",0.952958243799397,0.326784548435237,0.109,0.113,1
"RSBN1",0.954985559149286,0.312140608096584,0.166,0.175,1
"C15orf57",0.956043574236694,0.573270431706286,0.098,0.104,1
"STAG2",0.956051842005189,0.392110196377103,0.123,0.128,1
"RALGAPA1",0.95786804841932,0.294466458114318,0.173,0.181,1
"DNAJB14",0.958111024971875,0.484343247802817,0.151,0.163,1
"RAB14",0.958457149378191,0.513446361937024,0.166,0.181,1
"SRPK2",0.961196848976775,0.471365517192039,0.138,0.145,1
"ARRDC3",0.963973259468267,0.366227910291738,0.166,0.175,1
"FAM65B",0.968042915921491,0.328873882105269,0.112,0.116,1
"KMT2C",0.969501891268629,0.371174725572255,0.103,0.107,1
"NMT1",0.97029965830304,0.510045252165627,0.154,0.166,1
"MPHOSPH8",0.971090997190216,0.39565929453792,0.241,0.264,1
"DAZAP2",0.971321268430285,0.271308822338151,0.409,0.475,1
"PHTF2",0.974931316386656,0.394715153532164,0.12,0.125,1
"HELZ",0.976770332119224,0.3249283656683,0.116,0.122,1
"APBB1IP",0.976914754824214,0.387597277439141,0.176,0.19,1
"CCNG1",0.977321247646482,0.334570909899219,0.268,0.3,1
"RECQL",0.980224616177372,0.558192561904554,0.099,0.104,1
"MTIF3",0.981839637965041,0.445790465969549,0.148,0.157,1
"CCL3",0.984654876420122,0.280102453611563,0.374,0.421,1
"CDKN1A",0.985318304725838,0.322414735868509,0.282,0.32,1
"KLF3",0.986845648397395,0.268411507521566,0.171,0.181,1
"ING3",0.988878561501178,0.35015373206777,0.097,0.101,1
"RPAIN",0.989712670501423,0.373121796474471,0.143,0.151,1
"CASP3",0.990189259170047,0.513498897500236,0.143,0.151,1
"PDE7A",0.990892865327391,0.395257007575946,0.128,0.134,1
"SVIP",0.991604614550422,0.446957876184437,0.241,0.267,1
"MRPL44",0.992453700482171,0.472060565744933,0.097,0.101,1
